season,week,gameday,away,home,open_home_spread,close_home_spread,home_score,away_score,game_id
2007,1,2007-09-06,NO,IND,-6.5,-5.5,41,10,2007_01_NO_IND
2007,1,2007-09-09,DEN,BUF,3.0,3.0,14,15,2007_01_DEN_BUF
2007,1,2007-09-09,PIT,CLE,4.5,4.5,7,34,2007_01_PIT_CLE
2007,1,2007-09-09,NYG,DAL,-4.0,-6.0,45,35,2007_01_NYG_DAL
2007,1,2007-09-09,PHI,GB,3.0,3.0,16,13,2007_01_PHI_GB
2007,1,2007-09-09,KC,HOU,1.0,-3.0,20,3,2007_01_KC_HOU
2007,1,2007-09-09,TEN,JAX,-6.5,-7.5,10,13,2007_01_TEN_JAX
2007,1,2007-09-09,CAR,LA,-1.0,-1.5,13,27,2007_01_CAR_STL
2007,1,2007-09-09,CHI,LAC,-6.5,-7.0,14,3,2007_01_CHI_SD
2007,1,2007-09-09,DET,LV,-2.5,-3.0,21,36,2007_01_DET_OAK
2007,1,2007-09-09,ATL,MIN,0.0,-3.0,24,3,2007_01_ATL_MIN
2007,1,2007-09-09,NE,NYJ,6.5,6.0,14,38,2007_01_NE_NYJ
2007,1,2007-09-09,TB,SEA,-6.0,-6.0,20,6,2007_01_TB_SEA
2007,1,2007-09-09,MIA,WAS,-3.0,-3.0,16,13,2007_01_MIA_WAS
2007,1,2007-09-10,BAL,CIN,-3.0,-2.5,27,20,2007_01_BAL_CIN
2007,1,2007-09-10,ARI,SF,-3.5,-3.5,20,17,2007_01_ARI_SF
2007,2,2007-09-16,SEA,ARI,2.5,3.0,23,20,2007_02_SEA_ARI
2007,2,2007-09-16,NYJ,BAL,-12.5,-9.5,20,13,2007_02_NYJ_BAL
2007,2,2007-09-16,HOU,CAR,-7.0,-6.5,21,34,2007_02_HOU_CAR
2007,2,2007-09-16,KC,CHI,-13.0,-11.5,20,10,2007_02_KC_CHI
2007,2,2007-09-16,CIN,CLE,7.0,7.0,51,45,2007_02_CIN_CLE
2007,2,2007-09-16,LV,DEN,-10.0,-10.0,23,20,2007_02_OAK_DEN
2007,2,2007-09-16,MIN,DET,-3.0,-3.0,20,17,2007_02_MIN_DET
2007,2,2007-09-16,ATL,JAX,-11.0,-10.0,13,7,2007_02_ATL_JAX
2007,2,2007-09-16,SF,LA,-3.0,-3.0,16,17,2007_02_SF_STL
2007,2,2007-09-16,DAL,MIA,3.0,3.5,20,37,2007_02_DAL_MIA
2007,2,2007-09-16,LAC,NE,-4.0,-3.5,38,14,2007_02_SD_NE
2007,2,2007-09-16,GB,NYG,-1.0,-3.0,13,35,2007_02_GB_NYG
2007,2,2007-09-16,BUF,PIT,-9.5,-10.0,26,3,2007_02_BUF_PIT
2007,2,2007-09-16,NO,TB,3.0,5.0,31,14,2007_02_NO_TB
2007,2,2007-09-16,IND,TEN,8.0,7.0,20,22,2007_02_IND_TEN
2007,2,2007-09-17,WAS,PHI,-7.0,-6.5,12,20,2007_02_WAS_PHI
2007,3,2007-09-23,CAR,ATL,3.0,4.0,20,27,2007_03_CAR_ATL
2007,3,2007-09-23,ARI,BAL,-7.5,-7.0,26,23,2007_03_ARI_BAL
2007,3,2007-09-23,DAL,CHI,-2.5,-3.0,10,34,2007_03_DAL_CHI
2007,3,2007-09-23,JAX,DEN,-3.0,-3.5,14,23,2007_03_JAX_DEN
2007,3,2007-09-23,LAC,GB,3.5,5.5,31,24,2007_03_SD_GB
2007,3,2007-09-23,IND,HOU,5.0,6.5,24,30,2007_03_IND_HOU
2007,3,2007-09-23,MIN,KC,-2.5,-3.0,13,10,2007_03_MIN_KC
2007,3,2007-09-23,CLE,LV,-3.0,-3.0,26,24,2007_03_CLE_OAK
2007,3,2007-09-23,BUF,NE,-15.0,-16.5,38,7,2007_03_BUF_NE
2007,3,2007-09-23,MIA,NYJ,-3.0,-3.0,31,28,2007_03_MIA_NYJ
2007,3,2007-09-23,DET,PHI,-7.0,-5.0,56,21,2007_03_DET_PHI
2007,3,2007-09-23,SF,PIT,-9.0,-10.0,37,16,2007_03_SF_PIT
2007,3,2007-09-23,CIN,SEA,-2.5,-3.5,24,21,2007_03_CIN_SEA
2007,3,2007-09-23,LA,TB,-3.0,-3.5,24,3,2007_03_STL_TB
2007,3,2007-09-23,NYG,WAS,-4.0,-3.5,17,24,2007_03_NYG_WAS
2007,3,2007-09-24,TEN,NO,-4.5,-4.5,14,31,2007_03_TEN_NO
2007,4,2007-09-30,PIT,ARI,4.5,5.5,21,14,2007_04_PIT_ARI
2007,4,2007-09-30,HOU,ATL,2.5,2.5,26,16,2007_04_HOU_ATL
2007,4,2007-09-30,NYJ,BUF,3.0,3.5,17,14,2007_04_NYJ_BUF
2007,4,2007-09-30,TB,CAR,-2.5,-3.0,7,20,2007_04_TB_CAR
2007,4,2007-09-30,BAL,CLE,4.5,3.5,27,13,2007_04_BAL_CLE
2007,4,2007-09-30,LA,DAL,-11.0,-13.0,35,7,2007_04_STL_DAL
2007,4,2007-09-30,CHI,DET,2.5,2.5,37,27,2007_04_CHI_DET
2007,4,2007-09-30,DEN,IND,-11.0,-10.0,38,20,2007_04_DEN_IND
2007,4,2007-09-30,KC,LAC,-14.0,-12.0,16,30,2007_04_KC_SD
2007,4,2007-09-30,LV,MIA,-3.5,-3.5,17,35,2007_04_OAK_MIA
2007,4,2007-09-30,GB,MIN,0.0,1.0,16,23,2007_04_GB_MIN
2007,4,2007-09-30,PHI,NYG,2.5,2.0,16,3,2007_04_PHI_NYG
2007,4,2007-09-30,SEA,SF,0.0,1.0,3,23,2007_04_SEA_SF
2007,4,2007-10-01,NE,CIN,7.0,7.5,13,34,2007_04_NE_CIN
2007,5,2007-10-07,LAC,DEN,-2.0,1.0,3,41,2007_05_SD_DEN
2007,5,2007-10-07,CHI,GB,-3.0,-3.0,20,27,2007_05_CHI_GB
2007,5,2007-10-07,MIA,HOU,-5.5,-4.5,22,19,2007_05_MIA_HOU
2007,5,2007-10-07,TB,IND,-12.0,-9.0,33,14,2007_05_TB_IND
2007,5,2007-10-07,JAX,KC,2.0,1.0,7,17,2007_05_JAX_KC
2007,5,2007-10-07,ARI,LA,3.0,3.5,31,34,2007_05_ARI_STL
2007,5,2007-10-07,CLE,NE,-17.0,-15.5,34,17,2007_05_CLE_NE
2007,5,2007-10-07,CAR,NO,-2.5,-3.5,13,16,2007_05_CAR_NO
2007,5,2007-10-07,NYJ,NYG,-3.0,-3.5,35,24,2007_05_NYJ_NYG
2007,5,2007-10-07,SEA,PIT,-6.0,-5.5,21,0,2007_05_SEA_PIT
2007,5,2007-10-07,BAL,SF,3.0,4.0,7,9,2007_05_BAL_SF
2007,5,2007-10-07,ATL,TEN,-9.0,-9.0,20,13,2007_05_ATL_TEN
2007,5,2007-10-07,DET,WAS,-3.5,-4.0,34,3,2007_05_DET_WAS
2007,5,2007-10-08,DAL,BUF,11.5,10.5,24,25,2007_05_DAL_BUF
2007,6,2007-10-14,CAR,ARI,-3.5,-6.0,10,25,2007_06_CAR_ARI
2007,6,2007-10-14,LA,BAL,-10.0,-9.0,22,3,2007_06_STL_BAL
2007,6,2007-10-14,MIN,CHI,-6.0,-4.5,31,34,2007_06_MIN_CHI
2007,6,2007-10-14,MIA,CLE,-5.5,-4.0,41,31,2007_06_MIA_CLE
2007,6,2007-10-14,NE,DAL,4.0,5.0,27,48,2007_06_NE_DAL
2007,6,2007-10-14,WAS,GB,-3.0,-3.0,17,14,2007_06_WAS_GB
2007,6,2007-10-14,HOU,JAX,-8.0,-6.5,37,17,2007_06_HOU_JAX
2007,6,2007-10-14,CIN,KC,3.0,1.0,27,20,2007_06_CIN_KC
2007,6,2007-10-14,LV,LAC,-11.0,-9.5,28,14,2007_06_OAK_SD
2007,6,2007-10-14,PHI,NYJ,2.5,4.0,9,16,2007_06_PHI_NYJ
2007,6,2007-10-14,NO,SEA,-8.0,-5.5,17,28,2007_06_NO_SEA
2007,6,2007-10-14,TEN,TB,-2.5,-1.0,13,10,2007_06_TEN_TB
2007,6,2007-10-15,NYG,ATL,3.0,4.5,10,31,2007_06_NYG_ATL
2007,7,2007-10-21,BAL,BUF,3.0,3.0,19,14,2007_07_BAL_BUF
2007,7,2007-10-21,NYJ,CIN,-6.0,-6.0,38,31,2007_07_NYJ_CIN
2007,7,2007-10-21,MIN,DAL,-11.0,-9.5,24,14,2007_07_MIN_DAL
2007,7,2007-10-21,PIT,DEN,3.5,4.0,31,28,2007_07_PIT_DEN
2007,7,2007-10-21,TB,DET,-1.0,-2.5,23,16,2007_07_TB_DET
2007,7,2007-10-21,TEN,HOU,1.0,-2.0,36,38,2007_07_TEN_HOU
2007,7,2007-10-21,KC,LV,-1.5,-1.0,10,12,2007_07_KC_OAK
2007,7,2007-10-21,NE,MIA,16.0,15.5,28,49,2007_07_NE_MIA
2007,7,2007-10-21,ATL,NO,-9.0,-9.0,22,16,2007_07_ATL_NO
2007,7,2007-10-21,SF,NYG,-10.0,-9.5,33,15,2007_07_SF_NYG
2007,7,2007-10-21,CHI,PHI,-5.0,-5.5,16,19,2007_07_CHI_PHI
2007,7,2007-10-21,LA,SEA,-10.0,-9.0,33,6,2007_07_STL_SEA
2007,7,2007-10-21,ARI,WAS,-6.0,-9.0,21,19,2007_07_ARI_WAS
2007,7,2007-10-22,IND,JAX,2.0,3.0,7,29,2007_07_IND_JAX
2007,8,2007-10-28,IND,CAR,6.0,7.0,7,31,2007_08_IND_CAR
2007,8,2007-10-28,DET,CHI,-5.0,-6.0,7,16,2007_08_DET_CHI
2007,8,2007-10-28,PIT,CIN,3.0,4.0,13,24,2007_08_PIT_CIN
2007,8,2007-10-28,CLE,LA,3.0,3.0,20,27,2007_08_CLE_STL
2007,8,2007-10-28,HOU,LAC,-12.0,-10.0,35,10,2007_08_HOU_SD
2007,8,2007-10-28,NYG,MIA,11.0,10.0,10,13,2007_08_NYG_MIA
2007,8,2007-10-28,PHI,MIN,0.0,-1.0,16,23,2007_08_PHI_MIN
2007,8,2007-10-28,WAS,NE,-17.0,-15.0,52,7,2007_08_WAS_NE
2007,8,2007-10-28,BUF,NYJ,-2.5,-3.0,3,13,2007_08_BUF_NYJ
2007,8,2007-10-28,NO,SF,3.0,1.0,10,31,2007_08_NO_SF
2007,8,2007-10-28,JAX,TB,-5.0,-3.5,23,24,2007_08_JAX_TB
2007,8,2007-10-28,LV,TEN,-8.0,-7.0,13,9,2007_08_OAK_TEN
2007,8,2007-10-29,GB,DEN,-3.0,-3.0,13,19,2007_08_GB_DEN
2007,9,2007-11-04,SF,ATL,-3.0,-3.5,20,16,2007_09_SF_ATL
2007,9,2007-11-04,CIN,BUF,-1.0,1.0,33,21,2007_09_CIN_BUF
2007,9,2007-11-04,SEA,CLE,-1.0,-1.0,33,30,2007_09_SEA_CLE
2007,9,2007-11-04,DEN,DET,-3.0,-3.0,44,7,2007_09_DEN_DET
2007,9,2007-11-04,NE,IND,4.5,5.0,20,24,2007_09_NE_IND
2007,9,2007-11-04,GB,KC,-2.5,-1.0,22,33,2007_09_GB_KC
2007,9,2007-11-04,HOU,LV,-3.0,-3.0,17,24,2007_09_HOU_OAK
2007,9,2007-11-04,LAC,MIN,8.0,7.0,35,17,2007_09_SD_MIN
2007,9,2007-11-04,JAX,NO,-3.5,-3.5,41,24,2007_09_JAX_NO
2007,9,2007-11-04,WAS,NYJ,3.5,3.5,20,23,2007_09_WAS_NYJ
2007,9,2007-11-04,DAL,PHI,3.0,3.0,17,38,2007_09_DAL_PHI
2007,9,2007-11-04,ARI,TB,-4.0,-3.5,17,10,2007_09_ARI_TB
2007,9,2007-11-04,CAR,TEN,-4.0,-5.0,20,7,2007_09_CAR_TEN
2007,9,2007-11-05,BAL,PIT,-9.5,-9.5,38,7,2007_09_BAL_PIT
2007,10,2007-11-11,DET,ARI,-1.0,-2.0,31,21,2007_10_DET_ARI
2007,10,2007-11-11,CIN,BAL,-4.5,-3.0,7,21,2007_10_CIN_BAL
2007,10,2007-11-11,ATL,CAR,-4.0,-3.5,13,20,2007_10_ATL_CAR
2007,10,2007-11-11,MIN,GB,-7.0,-5.5,34,0,2007_10_MIN_GB
2007,10,2007-11-11,DEN,KC,-3.0,-3.0,11,27,2007_10_DEN_KC
2007,10,2007-11-11,IND,LAC,3.5,3.5,23,21,2007_10_IND_SD
2007,10,2007-11-11,CHI,LV,3.0,3.5,6,17,2007_10_CHI_OAK
2007,10,2007-11-11,BUF,MIA,2.5,1.0,10,13,2007_10_BUF_MIA
2007,10,2007-11-11,LA,NO,-14.0,-10.5,29,37,2007_10_STL_NO
2007,10,2007-11-11,DAL,NYG,0.0,1.0,20,31,2007_10_DAL_NYG
2007,10,2007-11-11,CLE,PIT,3.0,-10.0,31,28,2007_10_CLE_PIT
2007,10,2007-11-11,JAX,TEN,-4.5,-4.5,13,28,2007_10_JAX_TEN
2007,10,2007-11-11,PHI,WAS,-3.0,-3.0,25,33,2007_10_PHI_WAS
2007,10,2007-11-12,SF,SEA,-11.5,-9.5,24,0,2007_10_SF_SEA
2007,11,2007-11-18,TB,ATL,3.0,3.0,7,31,2007_11_TB_ATL
2007,11,2007-11-18,CLE,BAL,2.5,1.0,30,33,2007_11_CLE_BAL
2007,11,2007-11-18,NE,BUF,16.0,15.5,10,56,2007_11_NE_BUF
2007,11,2007-11-18,ARI,CIN,-3.5,-3.0,27,35,2007_11_ARI_CIN
2007,11,2007-11-18,WAS,DAL,-12.0,-11.0,28,23,2007_11_WAS_DAL
2007,11,2007-11-18,NYG,DET,0.0,2.5,10,16,2007_11_NYG_DET
2007,11,2007-11-18,CAR,GB,-11.0,-10.0,31,17,2007_11_CAR_GB
2007,11,2007-11-18,NO,HOU,1.0,-1.0,23,10,2007_11_NO_HOU
2007,11,2007-11-18,KC,IND,-15.0,-14.5,13,10,2007_11_KC_IND
2007,11,2007-11-18,LAC,JAX,-3.0,-3.0,24,17,2007_11_SD_JAX
2007,11,2007-11-18,LV,MIN,-7.0,-4.5,29,22,2007_11_OAK_MIN
2007,11,2007-11-18,PIT,NYJ,10.0,9.5,19,16,2007_11_PIT_NYJ
2007,11,2007-11-18,MIA,PHI,-11.0,-9.5,17,7,2007_11_MIA_PHI
2007,11,2007-11-18,CHI,SEA,-6.0,-6.0,30,23,2007_11_CHI_SEA
2007,11,2007-11-18,LA,SF,3.0,3.0,9,13,2007_11_STL_SF
2007,11,2007-11-19,TEN,DEN,-2.0,-1.0,34,20,2007_11_TEN_DEN
2007,12,2007-11-22,IND,ATL,12.0,13.5,13,31,2007_12_IND_ATL
2007,12,2007-11-22,NYJ,DAL,-14.5,-14.0,34,3,2007_12_NYJ_DAL
2007,12,2007-11-22,GB,DET,3.0,3.5,26,37,2007_12_GB_DET
2007,12,2007-11-25,SF,ARI,-12.0,-10.0,31,37,2007_12_SF_ARI
2007,12,2007-11-25,NO,CAR,3.0,3.0,6,31,2007_12_NO_CAR
2007,12,2007-11-25,DEN,CHI,-2.0,-1.0,37,34,2007_12_DEN_CHI
2007,12,2007-11-25,TEN,CIN,1.5,-1.0,35,6,2007_12_TEN_CIN
2007,12,2007-11-25,HOU,CLE,-4.0,-3.0,27,17,2007_12_HOU_CLE
2007,12,2007-11-25,BUF,JAX,-9.0,-9.5,36,14,2007_12_BUF_JAX
2007,12,2007-11-25,LV,KC,-7.0,-4.0,17,20,2007_12_OAK_KC
2007,12,2007-11-25,SEA,LA,3.0,3.0,19,24,2007_12_SEA_STL
2007,12,2007-11-25,BAL,LAC,-10.5,-9.0,32,14,2007_12_BAL_SD
2007,12,2007-11-25,PHI,NE,-22.0,-24.0,31,28,2007_12_PHI_NE
2007,12,2007-11-25,MIN,NYG,-9.0,-7.0,17,41,2007_12_MIN_NYG
2007,12,2007-11-25,WAS,TB,-3.0,-3.5,19,13,2007_12_WAS_TB
2007,12,2007-11-26,MIA,PIT,-16.5,-15.0,3,0,2007_12_MIA_PIT
2007,13,2007-11-29,GB,DAL,-7.0,-7.0,37,27,2007_13_GB_DAL
2007,13,2007-12-02,CLE,ARI,-1.0,-1.0,27,21,2007_13_CLE_ARI
2007,13,2007-12-02,SF,CAR,-2.5,-3.0,31,14,2007_13_SF_CAR
2007,13,2007-12-02,NYG,CHI,1.0,1.0,16,21,2007_13_NYG_CHI
2007,13,2007-12-02,JAX,IND,-8.0,-7.0,28,25,2007_13_JAX_IND
2007,13,2007-12-02,LAC,KC,4.0,6.0,10,24,2007_13_SD_KC
2007,13,2007-12-02,ATL,LA,-3.0,-3.0,28,16,2007_13_ATL_STL
2007,13,2007-12-02,DEN,LV,3.0,3.5,34,20,2007_13_DEN_OAK
2007,13,2007-12-02,NYJ,MIA,0.0,-1.0,13,40,2007_13_NYJ_MIA
2007,13,2007-12-02,DET,MIN,-3.5,-5.5,42,10,2007_13_DET_MIN
2007,13,2007-12-02,TB,NO,-3.0,-5.5,23,27,2007_13_TB_NO
2007,13,2007-12-02,SEA,PHI,-3.0,-3.0,24,28,2007_13_SEA_PHI
2007,13,2007-12-02,CIN,PIT,-7.0,-7.0,24,10,2007_13_CIN_PIT
2007,13,2007-12-02,HOU,TEN,-4.0,-3.5,28,20,2007_13_HOU_TEN
2007,13,2007-12-02,BUF,WAS,-5.5,-6.5,16,17,2007_13_BUF_WAS
2007,13,2007-12-03,NE,BAL,20.0,19.0,24,27,2007_13_NE_BAL
2007,14,2007-12-06,CHI,WAS,-3.0,-3.0,24,16,2007_14_CHI_WAS
2007,14,2007-12-09,IND,BAL,10.5,8.5,20,44,2007_14_IND_BAL
2007,14,2007-12-09,MIA,BUF,-7.0,-7.0,38,17,2007_14_MIA_BUF
2007,14,2007-12-09,LA,CIN,-7.5,-10.0,19,10,2007_14_STL_CIN
2007,14,2007-12-09,KC,DEN,-7.5,-7.5,41,7,2007_14_KC_DEN
2007,14,2007-12-09,DAL,DET,11.0,10.0,27,28,2007_14_DAL_DET
2007,14,2007-12-09,LV,GB,-12.0,-10.5,38,7,2007_14_OAK_GB
2007,14,2007-12-09,TB,HOU,3.0,3.0,28,14,2007_14_TB_HOU
2007,14,2007-12-09,CAR,JAX,-11.0,-11.0,37,6,2007_14_CAR_JAX
2007,14,2007-12-09,PIT,NE,-14.0,-11.0,34,13,2007_14_PIT_NE
2007,14,2007-12-09,CLE,NYJ,3.5,3.0,18,24,2007_14_CLE_NYJ
2007,14,2007-12-09,NYG,PHI,-3.0,-3.0,13,16,2007_14_NYG_PHI
2007,14,2007-12-09,ARI,SEA,-7.0,-7.5,42,21,2007_14_ARI_SEA
2007,14,2007-12-09,MIN,SF,8.0,7.5,7,27,2007_14_MIN_SF
2007,14,2007-12-09,LAC,TEN,0.0,1.0,17,23,2007_14_SD_TEN
2007,14,2007-12-10,NO,ATL,5.0,4.0,14,34,2007_14_NO_ATL
2007,15,2007-12-13,DEN,HOU,-1.5,2.5,31,13,2007_15_DEN_HOU
2007,15,2007-12-15,CIN,SF,8.5,9.0,20,13,2007_15_CIN_SF
2007,15,2007-12-16,SEA,CAR,8.0,7.0,13,10,2007_15_SEA_CAR
2007,15,2007-12-16,BUF,CLE,-5.5,-4.5,8,0,2007_15_BUF_CLE
2007,15,2007-12-16,PHI,DAL,-11.0,-10.0,6,10,2007_15_PHI_DAL
2007,15,2007-12-16,TEN,KC,4.0,3.5,17,26,2007_15_TEN_KC
2007,15,2007-12-16,GB,LA,9.0,7.0,14,33,2007_15_GB_STL
2007,15,2007-12-16,DET,LAC,-12.0,-9.5,51,14,2007_15_DET_SD
2007,15,2007-12-16,IND,LV,12.0,9.5,14,21,2007_15_IND_OAK
2007,15,2007-12-16,BAL,MIA,3.0,3.0,22,16,2007_15_BAL_MIA
2007,15,2007-12-16,NYJ,NE,-24.5,-20.5,20,10,2007_15_NYJ_NE
2007,15,2007-12-16,ARI,NO,-3.5,-4.0,31,24,2007_15_ARI_NO
2007,15,2007-12-16,WAS,NYG,-4.0,-6.0,10,22,2007_15_WAS_NYG
2007,15,2007-12-16,JAX,PIT,-3.5,-3.5,22,29,2007_15_JAX_PIT
2007,15,2007-12-16,ATL,TB,-13.0,-13.0,37,3,2007_15_ATL_TB
2007,15,2007-12-17,CHI,MIN,-10.0,-10.5,20,13,2007_15_CHI_MIN
2007,16,2007-12-20,PIT,LA,9.0,9.0,24,41,2007_16_PIT_STL
2007,16,2007-12-22,DAL,CAR,13.0,10.5,13,20,2007_16_DAL_CAR
2007,16,2007-12-23,ATL,ARI,-11.0,-11.0,30,27,2007_16_ATL_ARI
2007,16,2007-12-23,NYG,BUF,3.0,1.0,21,38,2007_16_NYG_BUF
2007,16,2007-12-23,GB,CHI,10.0,9.0,35,7,2007_16_GB_CHI
2007,16,2007-12-23,CLE,CIN,3.0,1.0,19,14,2007_16_CLE_CIN
2007,16,2007-12-23,KC,DET,-4.5,-6.0,25,20,2007_16_KC_DET
2007,16,2007-12-23,HOU,IND,-9.0,-6.5,38,15,2007_16_HOU_IND
2007,16,2007-12-23,LV,JAX,-14.0,-14.0,49,11,2007_16_OAK_JAX
2007,16,2007-12-23,WAS,MIN,-7.5,-6.0,21,32,2007_16_WAS_MIN
2007,16,2007-12-23,MIA,NE,-23.0,-22.0,28,7,2007_16_MIA_NE
2007,16,2007-12-23,PHI,NO,-3.0,-3.0,23,38,2007_16_PHI_NO
2007,16,2007-12-23,BAL,SEA,-12.0,-12.5,27,6,2007_16_BAL_SEA
2007,16,2007-12-23,TB,SF,7.5,6.5,21,19,2007_16_TB_SF
2007,16,2007-12-23,NYJ,TEN,-10.0,-9.0,10,6,2007_16_NYJ_TEN
2007,16,2007-12-24,DEN,LAC,-10.0,-9.0,23,3,2007_16_DEN_SD
2007,17,2007-12-29,NE,NYG,15.0,13.0,35,38,2007_17_NE_NYG
2007,17,2007-12-30,LA,ARI,-6.0,-6.0,48,19,2007_17_STL_ARI
2007,17,2007-12-30,SEA,ATL,-2.0,2.0,44,41,2007_17_SEA_ATL
2007,17,2007-12-30,PIT,BAL,4.0,3.0,27,21,2007_17_PIT_BAL
2007,17,2007-12-30,NO,CHI,3.0,-1.0,33,25,2007_17_NO_CHI
2007,17,2007-12-30,SF,CLE,-11.5,-11.5,20,7,2007_17_SF_CLE
2007,17,2007-12-30,MIN,DEN,3.0,3.0,22,19,2007_17_MIN_DEN
2007,17,2007-12-30,DET,GB,-3.0,-3.5,34,13,2007_17_DET_GB
2007,17,2007-12-30,JAX,HOU,-4.0,-7.0,42,28,2007_17_JAX_HOU
2007,17,2007-12-30,TEN,IND,4.0,4.0,10,16,2007_17_TEN_IND
2007,17,2007-12-30,LAC,LV,8.0,9.0,17,30,2007_17_SD_OAK
2007,17,2007-12-30,CIN,MIA,3.0,1.0,25,38,2007_17_CIN_MIA
2007,17,2007-12-30,KC,NYJ,-6.5,-4.0,13,10,2007_17_KC_NYJ
2007,17,2007-12-30,BUF,PHI,-8.0,-9.5,17,9,2007_17_BUF_PHI
2007,17,2007-12-30,CAR,TB,0.0,3.0,23,31,2007_17_CAR_TB
2007,17,2007-12-30,DAL,WAS,-9.0,-9.0,27,6,2007_17_DAL_WAS
2008,1,2008-09-04,WAS,NYG,-3.5,-4.5,16,7,2008_01_WAS_NYG
2008,1,2008-09-07,DET,ATL,0.0,3.0,34,21,2008_01_DET_ATL
2008,1,2008-09-07,CIN,BAL,0.0,2.0,17,10,2008_01_CIN_BAL
2008,1,2008-09-07,SEA,BUF,0.0,-1.0,34,10,2008_01_SEA_BUF
2008,1,2008-09-07,DAL,CLE,3.0,6.0,10,28,2008_01_DAL_CLE
2008,1,2008-09-07,CHI,IND,-10.0,-10.0,13,29,2008_01_CHI_IND
2008,1,2008-09-07,CAR,LAC,-10.0,-9.5,24,26,2008_01_CAR_SD
2008,1,2008-09-07,NYJ,MIA,3.0,3.0,14,20,2008_01_NYJ_MIA
2008,1,2008-09-07,KC,NE,-16.0,-16.0,17,10,2008_01_KC_NE
2008,1,2008-09-07,TB,NO,-3.5,-3.0,24,20,2008_01_TB_NO
2008,1,2008-09-07,LA,PHI,-7.0,-8.0,38,3,2008_01_STL_PHI
2008,1,2008-09-07,HOU,PIT,-7.0,-6.5,38,17,2008_01_HOU_PIT
2008,1,2008-09-07,ARI,SF,2.5,2.5,13,23,2008_01_ARI_SF
2008,1,2008-09-07,JAX,TEN,3.0,3.0,17,10,2008_01_JAX_TEN
2008,1,2008-09-08,MIN,GB,-3.0,-2.5,24,19,2008_01_MIN_GB
2008,1,2008-09-08,DEN,LV,1.0,3.0,14,41,2008_01_DEN_OAK
2008,2,2008-09-14,MIA,ARI,-8.0,-6.5,31,10,2008_02_MIA_ARI
2008,2,2008-09-14,CHI,CAR,-3.0,-3.0,20,17,2008_02_CHI_CAR
2008,2,2008-09-14,TEN,CIN,0.0,-1.0,7,24,2008_02_TEN_CIN
2008,2,2008-09-14,PIT,CLE,6.0,6.5,6,10,2008_02_PIT_CLE
2008,2,2008-09-14,LAC,DEN,1.0,-1.0,39,38,2008_02_SD_DEN
2008,2,2008-09-14,GB,DET,3.0,3.0,25,48,2008_02_GB_DET
2008,2,2008-09-14,BUF,JAX,-6.0,-4.0,16,20,2008_02_BUF_JAX
2008,2,2008-09-14,LV,KC,-4.0,-3.5,8,23,2008_02_OAK_KC
2008,2,2008-09-14,NYG,LA,9.0,8.0,13,41,2008_02_NYG_STL
2008,2,2008-09-14,IND,MIN,1.0,1.0,15,18,2008_02_IND_MIN
2008,2,2008-09-14,NE,NYJ,-1.0,-1.0,10,19,2008_02_NE_NYJ
2008,2,2008-09-14,SF,SEA,-10.0,-6.5,30,33,2008_02_SF_SEA
2008,2,2008-09-14,ATL,TB,-9.0,-7.0,24,9,2008_02_ATL_TB
2008,2,2008-09-14,NO,WAS,0.0,-1.0,29,24,2008_02_NO_WAS
2008,2,2008-09-15,PHI,DAL,-9.0,-6.5,41,37,2008_02_PHI_DAL
2008,3,2008-09-21,KC,ATL,-4.0,-6.5,38,14,2008_03_KC_ATL
2008,3,2008-09-21,CLE,BAL,-1.0,-2.5,28,10,2008_03_CLE_BAL
2008,3,2008-09-21,LV,BUF,-10.0,-10.0,24,23,2008_03_OAK_BUF
2008,3,2008-09-21,TB,CHI,-3.0,-3.0,24,27,2008_03_TB_CHI
2008,3,2008-09-21,NO,DEN,-4.0,-5.5,34,32,2008_03_NO_DEN
2008,3,2008-09-21,DAL,GB,3.0,3.0,16,27,2008_03_DAL_GB
2008,3,2008-09-21,JAX,IND,-6.0,-4.0,21,23,2008_03_JAX_IND
2008,3,2008-09-21,CAR,MIN,-3.0,-3.0,20,10,2008_03_CAR_MIN
2008,3,2008-09-21,MIA,NE,-14.0,-12.5,13,38,2008_03_MIA_NE
2008,3,2008-09-21,CIN,NYG,-14.0,-13.0,26,23,2008_03_CIN_NYG
2008,3,2008-09-21,PIT,PHI,-3.0,-3.5,15,6,2008_03_PIT_PHI
2008,3,2008-09-21,LA,SEA,-11.0,-8.0,37,13,2008_03_STL_SEA
2008,3,2008-09-21,DET,SF,-3.5,-5.0,31,13,2008_03_DET_SF
2008,3,2008-09-21,HOU,TEN,-5.0,-5.0,31,12,2008_03_HOU_TEN
2008,3,2008-09-21,ARI,WAS,-3.0,-3.0,24,17,2008_03_ARI_WAS
2008,3,2008-09-22,NYJ,LAC,-10.0,-8.0,48,29,2008_03_NYJ_SD
2008,4,2008-09-28,ATL,CAR,-9.0,-7.0,24,9,2008_04_ATL_CAR
2008,4,2008-09-28,PHI,CHI,2.5,3.0,24,20,2008_04_PHI_CHI
2008,4,2008-09-28,CLE,CIN,-3.5,-1.0,12,20,2008_04_CLE_CIN
2008,4,2008-09-28,WAS,DAL,-14.0,-10.0,24,26,2008_04_WAS_DAL
2008,4,2008-09-28,HOU,JAX,-9.0,-6.5,30,27,2008_04_HOU_JAX
2008,4,2008-09-28,DEN,KC,11.0,9.0,33,19,2008_04_DEN_KC
2008,4,2008-09-28,BUF,LA,11.0,8.5,14,31,2008_04_BUF_STL
2008,4,2008-09-28,LAC,LV,7.5,8.0,18,28,2008_04_SD_OAK
2008,4,2008-09-28,SF,NO,-7.0,-4.0,31,17,2008_04_SF_NO
2008,4,2008-09-28,ARI,NYJ,-1.0,-1.5,56,35,2008_04_ARI_NYJ
2008,4,2008-09-28,GB,TB,-2.5,-2.0,30,21,2008_04_GB_TB
2008,4,2008-09-28,MIN,TEN,-3.0,-3.0,30,17,2008_04_MIN_TEN
2008,4,2008-09-29,BAL,PIT,-7.5,-6.0,23,20,2008_04_BAL_PIT
2008,5,2008-10-05,BUF,ARI,-1.0,-1.0,41,17,2008_05_BUF_ARI
2008,5,2008-10-05,TEN,BAL,3.0,1.0,10,13,2008_05_TEN_BAL
2008,5,2008-10-05,KC,CAR,-10.0,-10.0,34,0,2008_05_KC_CAR
2008,5,2008-10-05,CIN,DAL,-18.0,-16.0,31,22,2008_05_CIN_DAL
2008,5,2008-10-05,TB,DEN,-3.0,-3.5,16,13,2008_05_TB_DEN
2008,5,2008-10-05,CHI,DET,3.0,3.5,7,34,2008_05_CHI_DET
2008,5,2008-10-05,ATL,GB,-3.5,-5.0,24,27,2008_05_ATL_GB
2008,5,2008-10-05,IND,HOU,3.0,4.0,27,31,2008_05_IND_HOU
2008,5,2008-10-05,PIT,JAX,-4.0,-5.5,21,26,2008_05_PIT_JAX
2008,5,2008-10-05,LAC,MIA,7.5,6.0,17,10,2008_05_SD_MIA
2008,5,2008-10-05,SEA,NYG,-9.0,-6.5,44,6,2008_05_SEA_NYG
2008,5,2008-10-05,WAS,PHI,-7.0,-6.5,17,23,2008_05_WAS_PHI
2008,5,2008-10-05,NE,SF,3.0,3.0,21,30,2008_05_NE_SF
2008,5,2008-10-06,MIN,NO,-3.0,-3.0,27,30,2008_05_MIN_NO
2008,6,2008-10-12,DAL,ARI,7.0,4.5,30,24,2008_06_DAL_ARI
2008,6,2008-10-12,CHI,ATL,1.0,3.0,22,20,2008_06_CHI_ATL
2008,6,2008-10-12,JAX,DEN,-3.0,-3.5,17,24,2008_06_JAX_DEN
2008,6,2008-10-12,MIA,HOU,-3.0,-3.0,29,28,2008_06_MIA_HOU
2008,6,2008-10-12,BAL,IND,-7.0,-4.0,31,3,2008_06_BAL_IND
2008,6,2008-10-12,NE,LAC,-5.5,-6.0,30,10,2008_06_NE_SD
2008,6,2008-10-12,DET,MIN,-14.0,-13.0,12,10,2008_06_DET_MIN
2008,6,2008-10-12,LV,NO,-9.0,-7.0,34,3,2008_06_OAK_NO
2008,6,2008-10-12,CIN,NYJ,-7.0,-9.5,26,14,2008_06_CIN_NYJ
2008,6,2008-10-12,GB,SEA,-2.0,-1.0,17,27,2008_06_GB_SEA
2008,6,2008-10-12,PHI,SF,4.5,4.5,26,40,2008_06_PHI_SF
2008,6,2008-10-12,CAR,TB,-1.0,-1.0,27,3,2008_06_CAR_TB
2008,6,2008-10-12,LA,WAS,-15.0,-12.0,17,19,2008_06_STL_WAS
2008,6,2008-10-13,NYG,CLE,8.0,9.0,35,14,2008_06_NYG_CLE
2008,7,2008-10-19,LAC,BUF,1.0,1.0,23,14,2008_07_SD_BUF
2008,7,2008-10-19,NO,CAR,-3.0,-3.0,30,7,2008_07_NO_CAR
2008,7,2008-10-19,MIN,CHI,-3.0,-3.0,48,41,2008_07_MIN_CHI
2008,7,2008-10-19,PIT,CIN,11.0,9.0,10,38,2008_07_PIT_CIN
2008,7,2008-10-19,IND,GB,0.0,1.0,34,14,2008_07_IND_GB
2008,7,2008-10-19,DET,HOU,-10.0,-11.0,28,21,2008_07_DET_HOU
2008,7,2008-10-19,TEN,KC,8.0,9.0,10,34,2008_07_TEN_KC
2008,7,2008-10-19,DAL,LA,12.0,9.0,34,14,2008_07_DAL_STL
2008,7,2008-10-19,NYJ,LV,3.0,3.0,16,13,2008_07_NYJ_OAK
2008,7,2008-10-19,BAL,MIA,-3.0,-3.0,13,27,2008_07_BAL_MIA
2008,7,2008-10-19,SF,NYG,-13.0,-10.0,29,17,2008_07_SF_NYG
2008,7,2008-10-19,SEA,TB,-12.0,-10.5,20,10,2008_07_SEA_TB
2008,7,2008-10-19,CLE,WAS,-7.5,-7.0,14,11,2008_07_CLE_WAS
2008,7,2008-10-20,DEN,NE,-3.5,-3.0,41,7,2008_07_DEN_NE
2008,8,2008-10-26,LV,BAL,-8.0,-9.0,29,10,2008_08_OAK_BAL
2008,8,2008-10-26,ARI,CAR,-4.5,-5.0,27,23,2008_08_ARI_CAR
2008,8,2008-10-26,TB,DAL,0.0,-1.0,13,9,2008_08_TB_DAL
2008,8,2008-10-26,WAS,DET,9.0,7.0,17,25,2008_08_WAS_DET
2008,8,2008-10-26,CIN,HOU,-11.0,-9.0,35,6,2008_08_CIN_HOU
2008,8,2008-10-26,CLE,JAX,-7.5,-7.0,17,23,2008_08_CLE_JAX
2008,8,2008-10-26,BUF,MIA,1.0,-1.0,25,16,2008_08_BUF_MIA
2008,8,2008-10-26,LA,NE,-7.0,-9.0,23,16,2008_08_STL_NE
2008,8,2008-10-26,LAC,NO,3.0,3.0,37,32,2008_08_SD_NO
2008,8,2008-10-26,KC,NYJ,-13.0,-14.0,28,24,2008_08_KC_NYJ
2008,8,2008-10-26,ATL,PHI,-8.5,-9.5,27,14,2008_08_ATL_PHI
2008,8,2008-10-26,NYG,PIT,-2.0,-3.0,14,21,2008_08_NYG_PIT
2008,8,2008-10-26,SEA,SF,-4.5,-5.0,13,34,2008_08_SEA_SF
2008,8,2008-10-27,IND,TEN,-4.0,-4.0,31,21,2008_08_IND_TEN
2008,9,2008-11-02,NYJ,BUF,-5.5,-5.0,17,26,2008_09_NYJ_BUF
2008,9,2008-11-02,DET,CHI,-13.0,-12.5,27,23,2008_09_DET_CHI
2008,9,2008-11-02,JAX,CIN,8.0,7.0,21,19,2008_09_JAX_CIN
2008,9,2008-11-02,BAL,CLE,0.0,-1.0,27,37,2008_09_BAL_CLE
2008,9,2008-11-02,MIA,DEN,-3.0,-4.0,17,26,2008_09_MIA_DEN
2008,9,2008-11-02,NE,IND,-5.5,-6.5,18,15,2008_09_NE_IND
2008,9,2008-11-02,TB,KC,9.0,9.5,27,30,2008_09_TB_KC
2008,9,2008-11-02,ARI,LA,2.5,3.0,13,34,2008_09_ARI_STL
2008,9,2008-11-02,ATL,LV,2.5,3.0,0,24,2008_09_ATL_OAK
2008,9,2008-11-02,HOU,MIN,-4.5,-6.5,28,21,2008_09_HOU_MIN
2008,9,2008-11-02,DAL,NYG,-7.5,-9.5,35,14,2008_09_DAL_NYG
2008,9,2008-11-02,PHI,SEA,7.5,7.0,7,26,2008_09_PHI_SEA
2008,9,2008-11-02,GB,TEN,-5.5,-3.5,19,16,2008_09_GB_TEN
2008,9,2008-11-03,PIT,WAS,-2.5,-1.0,6,23,2008_09_PIT_WAS
2008,10,2008-11-06,DEN,CLE,-3.0,-3.0,30,34,2008_10_DEN_CLE
2008,10,2008-11-09,NO,ATL,0.0,-1.0,34,20,2008_10_NO_ATL
2008,10,2008-11-09,TEN,CHI,3.0,1.0,14,21,2008_10_TEN_CHI
2008,10,2008-11-09,JAX,DET,7.0,5.5,14,38,2008_10_JAX_DET
2008,10,2008-11-09,BAL,HOU,-1.0,-2.5,13,41,2008_10_BAL_HOU
2008,10,2008-11-09,KC,LAC,-14.0,-14.5,20,19,2008_10_KC_SD
2008,10,2008-11-09,CAR,LV,9.0,10.0,6,17,2008_10_CAR_OAK
2008,10,2008-11-09,SEA,MIA,-10.5,-9.0,21,19,2008_10_SEA_MIA
2008,10,2008-11-09,GB,MIN,-1.0,-2.5,28,27,2008_10_GB_MIN
2008,10,2008-11-09,BUF,NE,-4.0,-3.5,20,10,2008_10_BUF_NE
2008,10,2008-11-09,LA,NYJ,-9.0,-9.5,47,3,2008_10_STL_NYJ
2008,10,2008-11-09,NYG,PHI,-2.5,-3.0,31,36,2008_10_NYG_PHI
2008,10,2008-11-09,IND,PIT,-3.5,-3.5,20,24,2008_10_IND_PIT
2008,10,2008-11-10,SF,ARI,-11.0,-9.5,29,24,2008_10_SF_ARI
2008,11,2008-11-13,NYJ,NE,-3.0,-3.0,31,34,2008_11_NYJ_NE
2008,11,2008-11-16,DEN,ATL,-5.5,-6.5,20,24,2008_11_DEN_ATL
2008,11,2008-11-16,DET,CAR,-15.0,-14.0,31,22,2008_11_DET_CAR
2008,11,2008-11-16,PHI,CIN,10.0,9.5,13,13,2008_11_PHI_CIN
2008,11,2008-11-16,CHI,GB,-3.5,-3.5,37,3,2008_11_CHI_GB
2008,11,2008-11-16,HOU,IND,-10.0,-9.0,33,27,2008_11_HOU_IND
2008,11,2008-11-16,TEN,JAX,2.5,1.0,14,24,2008_11_TEN_JAX
2008,11,2008-11-16,NO,KC,4.5,6.0,20,30,2008_11_NO_KC
2008,11,2008-11-16,LV,MIA,-12.0,-10.0,17,15,2008_11_OAK_MIA
2008,11,2008-11-16,BAL,NYG,-7.0,-7.0,30,10,2008_11_BAL_NYG
2008,11,2008-11-16,LAC,PIT,-3.5,-4.5,11,10,2008_11_SD_PIT
2008,11,2008-11-16,ARI,SEA,2.5,3.0,20,26,2008_11_ARI_SEA
2008,11,2008-11-16,LA,SF,-7.0,-7.0,35,16,2008_11_STL_SF
2008,11,2008-11-16,MIN,TB,-4.0,-4.5,19,13,2008_11_MIN_TB
2008,11,2008-11-16,DAL,WAS,0.0,1.0,10,14,2008_11_DAL_WAS
2008,11,2008-11-17,CLE,BUF,-4.5,-4.5,27,29,2008_11_CLE_BUF
2008,12,2008-11-20,CIN,PIT,-11.0,-11.5,27,10,2008_12_CIN_PIT
2008,12,2008-11-23,NYG,ARI,3.0,3.0,29,37,2008_12_NYG_ARI
2008,12,2008-11-23,CAR,ATL,0.0,-1.0,45,28,2008_12_CAR_ATL
2008,12,2008-11-23,PHI,BAL,0.0,-1.0,36,7,2008_12_PHI_BAL
2008,12,2008-11-23,HOU,CLE,-3.0,-3.0,6,16,2008_12_HOU_CLE
2008,12,2008-11-23,SF,DAL,-12.0,-9.5,35,22,2008_12_SF_DAL
2008,12,2008-11-23,LV,DEN,-11.0,-9.0,10,31,2008_12_OAK_DEN
2008,12,2008-11-23,TB,DET,10.0,9.0,20,38,2008_12_TB_DET
2008,12,2008-11-23,MIN,JAX,0.0,-1.0,12,30,2008_12_MIN_JAX
2008,12,2008-11-23,BUF,KC,3.0,3.0,31,54,2008_12_BUF_KC
2008,12,2008-11-23,CHI,LA,9.0,7.0,3,27,2008_12_CHI_STL
2008,12,2008-11-23,IND,LAC,-2.5,-3.0,20,23,2008_12_IND_SD
2008,12,2008-11-23,NE,MIA,-2.0,1.0,28,48,2008_12_NE_MIA
2008,12,2008-11-23,WAS,SEA,3.5,3.0,17,20,2008_12_WAS_SEA
2008,12,2008-11-23,NYJ,TEN,-5.0,-5.5,13,34,2008_12_NYJ_TEN
2008,12,2008-11-24,GB,NO,-2.5,-1.0,51,29,2008_12_GB_NO
2008,13,2008-11-27,SEA,DAL,-14.0,-11.5,34,9,2008_13_SEA_DAL
2008,13,2008-11-27,TEN,DET,12.0,11.0,10,47,2008_13_TEN_DET
2008,13,2008-11-27,ARI,PHI,-3.0,-3.0,48,20,2008_13_ARI_PHI
2008,13,2008-11-30,SF,BUF,-7.5,-6.5,3,10,2008_13_SF_BUF
2008,13,2008-11-30,BAL,CIN,7.0,7.0,3,34,2008_13_BAL_CIN
2008,13,2008-11-30,IND,CLE,4.5,4.0,6,10,2008_13_IND_CLE
2008,13,2008-11-30,CAR,GB,-3.0,-3.0,31,35,2008_13_CAR_GB
2008,13,2008-11-30,MIA,LA,10.0,7.0,12,16,2008_13_MIA_STL
2008,13,2008-11-30,ATL,LAC,-5.5,-6.5,16,22,2008_13_ATL_SD
2008,13,2008-11-30,KC,LV,-3.0,-3.0,13,20,2008_13_KC_OAK
2008,13,2008-11-30,CHI,MIN,-3.5,-5.0,34,14,2008_13_CHI_MIN
2008,13,2008-11-30,PIT,NE,0.0,-1.0,10,33,2008_13_PIT_NE
2008,13,2008-11-30,DEN,NYJ,-9.0,-7.5,17,34,2008_13_DEN_NYJ
2008,13,2008-11-30,NO,TB,-3.5,-3.5,23,20,2008_13_NO_TB
2008,13,2008-11-30,NYG,WAS,3.0,3.5,7,23,2008_13_NYG_WAS
2008,13,2008-12-01,JAX,HOU,-3.5,-3.0,30,17,2008_13_JAX_HOU
2008,14,2008-12-04,LV,LAC,-11.0,-9.5,34,7,2008_14_OAK_SD
2008,14,2008-12-07,LA,ARI,-14.0,-14.0,34,10,2008_14_STL_ARI
2008,14,2008-12-07,WAS,BAL,-5.0,-6.0,24,10,2008_14_WAS_BAL
2008,14,2008-12-07,MIA,BUF,0.0,-1.0,3,16,2008_14_MIA_BUF
2008,14,2008-12-07,JAX,CHI,-8.0,-6.5,23,10,2008_14_JAX_CHI
2008,14,2008-12-07,KC,DEN,-10.0,-9.0,24,17,2008_14_KC_DEN
2008,14,2008-12-07,MIN,DET,11.0,10.5,16,20,2008_14_MIN_DET
2008,14,2008-12-07,HOU,GB,-6.0,-7.0,21,24,2008_14_HOU_GB
2008,14,2008-12-07,CIN,IND,-15.0,-13.5,35,3,2008_14_CIN_IND
2008,14,2008-12-07,ATL,NO,-3.5,-3.0,29,25,2008_14_ATL_NO
2008,14,2008-12-07,PHI,NYG,-9.0,-6.5,14,20,2008_14_PHI_NYG
2008,14,2008-12-07,DAL,PIT,-3.0,-4.0,20,13,2008_14_DAL_PIT
2008,14,2008-12-07,NE,SEA,5.0,7.5,21,24,2008_14_NE_SEA
2008,14,2008-12-07,NYJ,SF,4.0,4.0,24,14,2008_14_NYJ_SF
2008,14,2008-12-07,CLE,TEN,-15.0,-14.0,28,9,2008_14_CLE_TEN
2008,14,2008-12-08,TB,CAR,-3.0,-3.0,38,23,2008_14_TB_CAR
2008,15,2008-12-11,NO,CHI,-3.0,-3.0,27,24,2008_15_NO_CHI
2008,15,2008-12-14,MIN,ARI,-3.0,-4.0,14,35,2008_15_MIN_ARI
2008,15,2008-12-14,TB,ATL,-2.5,-5.5,13,10,2008_15_TB_ATL
2008,15,2008-12-14,PIT,BAL,-1.0,-3.0,9,13,2008_15_PIT_BAL
2008,15,2008-12-14,DEN,CAR,-9.0,-7.0,30,10,2008_15_DEN_CAR
2008,15,2008-12-14,WAS,CIN,6.5,6.5,20,13,2008_15_WAS_CIN
2008,15,2008-12-14,NYG,DAL,-2.5,-3.0,20,8,2008_15_NYG_DAL
2008,15,2008-12-14,TEN,HOU,3.0,3.0,13,12,2008_15_TEN_HOU
2008,15,2008-12-14,DET,IND,-17.0,-16.5,31,21,2008_15_DET_IND
2008,15,2008-12-14,GB,JAX,1.0,2.5,20,16,2008_15_GB_JAX
2008,15,2008-12-14,LAC,KC,4.5,6.0,21,22,2008_15_SD_KC
2008,15,2008-12-14,SEA,LA,2.5,1.0,20,23,2008_15_SEA_STL
2008,15,2008-12-14,NE,LV,7.5,6.5,26,49,2008_15_NE_OAK
2008,15,2008-12-14,SF,MIA,-7.0,-5.5,14,9,2008_15_SF_MIA
2008,15,2008-12-14,BUF,NYJ,-7.5,-9.0,31,27,2008_15_BUF_NYJ
2008,15,2008-12-15,CLE,PHI,-15.0,-15.5,30,10,2008_15_CLE_PHI
2008,16,2008-12-18,IND,JAX,7.5,5.5,24,31,2008_16_IND_JAX
2008,16,2008-12-20,BAL,DAL,-5.0,-5.0,24,33,2008_16_BAL_DAL
2008,16,2008-12-21,CIN,CLE,-3.0,-1.0,0,14,2008_16_CIN_CLE
2008,16,2008-12-21,BUF,DEN,-7.0,-6.5,23,30,2008_16_BUF_DEN
2008,16,2008-12-21,NO,DET,7.5,7.0,7,42,2008_16_NO_DET
2008,16,2008-12-21,MIA,KC,4.0,3.5,31,38,2008_16_MIA_KC
2008,16,2008-12-21,SF,LA,4.5,3.5,16,17,2008_16_SF_STL
2008,16,2008-12-21,HOU,LV,7.5,7.0,27,16,2008_16_HOU_OAK
2008,16,2008-12-21,ATL,MIN,-3.0,-3.0,17,24,2008_16_ATL_MIN
2008,16,2008-12-21,ARI,NE,-9.0,-9.0,47,7,2008_16_ARI_NE
2008,16,2008-12-21,CAR,NYG,-3.0,-4.0,34,28,2008_16_CAR_NYG
2008,16,2008-12-21,NYJ,SEA,4.5,3.5,13,3,2008_16_NYJ_SEA
2008,16,2008-12-21,LAC,TB,-3.0,-4.5,24,41,2008_16_SD_TB
2008,16,2008-12-21,PIT,TEN,-1.0,2.5,31,14,2008_16_PIT_TEN
2008,16,2008-12-21,PHI,WAS,5.0,4.5,10,3,2008_16_PHI_WAS
2008,16,2008-12-22,GB,CHI,-4.5,-4.0,20,17,2008_16_GB_CHI
2008,17,2008-12-28,SEA,ARI,-3.5,-7.0,34,21,2008_17_SEA_ARI
2008,17,2008-12-28,LA,ATL,-15.0,-14.0,31,27,2008_17_STL_ATL
2008,17,2008-12-28,JAX,BAL,-11.5,-10.5,27,7,2008_17_JAX_BAL
2008,17,2008-12-28,NE,BUF,7.0,5.5,0,13,2008_17_NE_BUF
2008,17,2008-12-28,KC,CIN,-2.5,-1.5,16,6,2008_17_KC_CIN
2008,17,2008-12-28,DET,GB,-10.0,-11.0,31,21,2008_17_DET_GB
2008,17,2008-12-28,CHI,HOU,0.0,-3.0,31,24,2008_17_CHI_HOU
2008,17,2008-12-28,TEN,IND,3.0,3.0,23,0,2008_17_TEN_IND
2008,17,2008-12-28,DEN,LAC,-9.0,-7.0,52,21,2008_17_DEN_SD
2008,17,2008-12-28,NYG,MIN,-7.0,-7.0,20,19,2008_17_NYG_MIN
2008,17,2008-12-28,CAR,NO,3.0,1.0,31,33,2008_17_CAR_NO
2008,17,2008-12-28,MIA,NYJ,-2.5,-2.5,17,24,2008_17_MIA_NYJ
2008,17,2008-12-28,DAL,PHI,0.0,-2.5,44,6,2008_17_DAL_PHI
2008,17,2008-12-28,CLE,PIT,-11.5,-11.0,31,0,2008_17_CLE_PIT
2008,17,2008-12-28,WAS,SF,-3.0,-1.0,27,24,2008_17_WAS_SF
2008,17,2008-12-28,LV,TB,-14.0,-11.0,24,31,2008_17_OAK_TB
2009,1,2009-09-10,TEN,PIT,-5.0,-6.5,13,10,2009_01_TEN_PIT
2009,1,2009-09-13,SF,ARI,-7.0,-4.5,16,20,2009_01_SF_ARI
2009,1,2009-09-13,MIA,ATL,-4.0,-4.0,19,7,2009_01_MIA_ATL
2009,1,2009-09-13,KC,BAL,-9.0,-13.0,38,24,2009_01_KC_BAL
2009,1,2009-09-13,PHI,CAR,-2.0,2.5,10,38,2009_01_PHI_CAR
2009,1,2009-09-13,DEN,CIN,0.0,-4.5,7,12,2009_01_DEN_CIN
2009,1,2009-09-13,MIN,CLE,3.0,4.5,20,34,2009_01_MIN_CLE
2009,1,2009-09-13,CHI,GB,-3.0,-5.0,21,15,2009_01_CHI_GB
2009,1,2009-09-13,NYJ,HOU,-3.5,-4.5,7,24,2009_01_NYJ_HOU
2009,1,2009-09-13,JAX,IND,-7.0,-6.5,14,12,2009_01_JAX_IND
2009,1,2009-09-13,DET,NO,-11.5,-14.0,45,27,2009_01_DET_NO
2009,1,2009-09-13,WAS,NYG,-6.0,-6.5,23,17,2009_01_WAS_NYG
2009,1,2009-09-13,LA,SEA,-7.0,-7.5,28,0,2009_01_STL_SEA
2009,1,2009-09-13,DAL,TB,3.0,5.0,21,34,2009_01_DAL_TB
2009,1,2009-09-14,LAC,LV,6.5,10.5,20,24,2009_01_SD_OAK
2009,1,2009-09-14,BUF,NE,-9.5,-13.0,25,24,2009_01_BUF_NE
2009,2,2009-09-20,CAR,ATL,-7.0,-6.0,28,20,2009_02_CAR_ATL
2009,2,2009-09-20,TB,BUF,-4.5,-4.0,33,20,2009_02_TB_BUF
2009,2,2009-09-20,PIT,CHI,3.0,3.0,17,14,2009_02_PIT_CHI
2009,2,2009-09-20,NYG,DAL,-2.5,-3.0,31,33,2009_02_NYG_DAL
2009,2,2009-09-20,CLE,DEN,-3.0,-3.0,27,6,2009_02_CLE_DEN
2009,2,2009-09-20,MIN,DET,10.5,10.0,13,27,2009_02_MIN_DET
2009,2,2009-09-20,CIN,GB,-9.0,-8.0,24,31,2009_02_CIN_GB
2009,2,2009-09-20,ARI,JAX,-4.5,-3.0,17,31,2009_02_ARI_JAX
2009,2,2009-09-20,LV,KC,-3.5,-3.0,10,13,2009_02_OAK_KC
2009,2,2009-09-20,NE,NYJ,5.0,3.5,16,9,2009_02_NE_NYJ
2009,2,2009-09-20,NO,PHI,0.0,3.0,22,48,2009_02_NO_PHI
2009,2,2009-09-20,SEA,SF,0.0,-1.0,23,10,2009_02_SEA_SF
2009,2,2009-09-20,HOU,TEN,-8.0,-7.0,31,34,2009_02_HOU_TEN
2009,2,2009-09-20,LA,WAS,-10.0,-9.5,9,7,2009_02_STL_WAS
2009,2,2009-09-21,IND,MIA,3.0,3.0,23,27,2009_02_IND_MIA
2009,3,2009-09-27,IND,ARI,-1.0,-3.0,10,31,2009_03_IND_ARI
2009,3,2009-09-27,CLE,BAL,-14.0,-13.5,34,3,2009_03_CLE_BAL
2009,3,2009-09-27,NO,BUF,4.0,6.0,7,27,2009_03_NO_BUF
2009,3,2009-09-27,PIT,CIN,4.5,3.0,23,20,2009_03_PIT_CIN
2009,3,2009-09-27,WAS,DET,6.0,6.0,19,14,2009_03_WAS_DET
2009,3,2009-09-27,JAX,HOU,-3.5,-4.0,24,31,2009_03_JAX_HOU
2009,3,2009-09-27,GB,LA,7.0,6.5,17,36,2009_03_GB_STL
2009,3,2009-09-27,MIA,LAC,-7.0,-5.0,23,13,2009_03_MIA_SD
2009,3,2009-09-27,DEN,LV,-1.0,2.5,3,23,2009_03_DEN_OAK
2009,3,2009-09-27,SF,MIN,-6.5,-6.5,27,24,2009_03_SF_MIN
2009,3,2009-09-27,ATL,NE,-4.5,-4.5,26,10,2009_03_ATL_NE
2009,3,2009-09-27,TEN,NYJ,-3.0,-1.0,24,17,2009_03_TEN_NYJ
2009,3,2009-09-27,KC,PHI,-9.5,-7.5,34,14,2009_03_KC_PHI
2009,3,2009-09-27,CHI,SEA,1.0,3.0,19,25,2009_03_CHI_SEA
2009,3,2009-09-27,NYG,TB,8.0,6.5,0,24,2009_03_NYG_TB
2009,3,2009-09-28,CAR,DAL,-10.5,-8.5,21,7,2009_03_CAR_DAL
2009,4,2009-10-04,DET,CHI,-13.0,-10.0,48,24,2009_04_DET_CHI
2009,4,2009-10-04,CIN,CLE,4.0,6.5,20,23,2009_04_CIN_CLE
2009,4,2009-10-04,DAL,DEN,3.0,3.0,17,10,2009_04_DAL_DEN
2009,4,2009-10-04,LV,HOU,-10.5,-8.5,29,6,2009_04_OAK_HOU
2009,4,2009-10-04,SEA,IND,-10.5,-10.5,34,17,2009_04_SEA_IND
2009,4,2009-10-04,TEN,JAX,1.0,3.0,37,17,2009_04_TEN_JAX
2009,4,2009-10-04,NYG,KC,10.0,9.0,16,27,2009_04_NYG_KC
2009,4,2009-10-04,BUF,MIA,0.0,-1.0,38,10,2009_04_BUF_MIA
2009,4,2009-10-04,BAL,NE,-3.0,-2.0,27,21,2009_04_BAL_NE
2009,4,2009-10-04,NYJ,NO,-7.0,-7.5,24,10,2009_04_NYJ_NO
2009,4,2009-10-04,LAC,PIT,-5.0,-5.5,38,28,2009_04_SD_PIT
2009,4,2009-10-04,LA,SF,-11.0,-9.5,35,0,2009_04_STL_SF
2009,4,2009-10-04,TB,WAS,-8.5,-9.0,16,13,2009_04_TB_WAS
2009,4,2009-10-05,GB,MIN,-3.0,-5.0,30,23,2009_04_GB_MIN
2009,5,2009-10-11,HOU,ARI,-5.5,-6.0,28,21,2009_05_HOU_ARI
2009,5,2009-10-11,CIN,BAL,-9.0,-9.0,14,17,2009_05_CIN_BAL
2009,5,2009-10-11,CLE,BUF,-6.0,-5.5,3,6,2009_05_CLE_BUF
2009,5,2009-10-11,WAS,CAR,-4.0,-5.0,20,17,2009_05_WAS_CAR
2009,5,2009-10-11,NE,DEN,3.0,3.0,20,17,2009_05_NE_DEN
2009,5,2009-10-11,PIT,DET,13.0,11.0,20,28,2009_05_PIT_DET
2009,5,2009-10-11,DAL,KC,9.0,7.0,20,26,2009_05_DAL_KC
2009,5,2009-10-11,MIN,LA,11.0,10.5,10,38,2009_05_MIN_STL
2009,5,2009-10-11,LV,NYG,-16.5,-15.5,44,7,2009_05_OAK_NYG
2009,5,2009-10-11,TB,PHI,-15.5,-15.5,33,14,2009_05_TB_PHI
2009,5,2009-10-11,JAX,SEA,-1.0,-1.5,41,0,2009_05_JAX_SEA
2009,5,2009-10-11,ATL,SF,-1.0,-1.0,10,45,2009_05_ATL_SF
2009,5,2009-10-11,IND,TEN,2.5,4.0,9,31,2009_05_IND_TEN
2009,5,2009-10-12,NYJ,MIA,0.0,3.0,31,27,2009_05_NYJ_MIA
2009,6,2009-10-18,CHI,ATL,-3.0,-4.0,21,14,2009_06_CHI_ATL
2009,6,2009-10-18,HOU,CIN,-4.0,-4.0,17,28,2009_06_HOU_CIN
2009,6,2009-10-18,DET,GB,-13.0,-14.0,26,0,2009_06_DET_GB
2009,6,2009-10-18,LA,JAX,-11.0,-9.5,23,20,2009_06_STL_JAX
2009,6,2009-10-18,PHI,LV,14.5,14.5,13,9,2009_06_PHI_OAK
2009,6,2009-10-18,BAL,MIN,-3.0,-3.0,33,31,2009_06_BAL_MIN
2009,6,2009-10-18,TEN,NE,-10.0,-9.5,59,0,2009_06_TEN_NE
2009,6,2009-10-18,NYG,NO,-3.0,-3.0,48,27,2009_06_NYG_NO
2009,6,2009-10-18,BUF,NYJ,-11.0,-9.0,13,16,2009_06_BUF_NYJ
2009,6,2009-10-18,CLE,PIT,-14.5,-14.0,27,14,2009_06_CLE_PIT
2009,6,2009-10-18,ARI,SEA,-2.5,-3.0,3,27,2009_06_ARI_SEA
2009,6,2009-10-18,CAR,TB,3.0,3.0,21,28,2009_06_CAR_TB
2009,6,2009-10-18,KC,WAS,-6.0,-6.0,6,14,2009_06_KC_WAS
2009,6,2009-10-19,DEN,LAC,-3.0,-3.5,23,34,2009_06_DEN_SD
2009,7,2009-10-25,BUF,CAR,-7.5,-7.0,9,20,2009_07_BUF_CAR
2009,7,2009-10-25,CHI,CIN,-1.0,2.0,45,10,2009_07_CHI_CIN
2009,7,2009-10-25,GB,CLE,7.5,9.0,3,31,2009_07_GB_CLE
2009,7,2009-10-25,ATL,DAL,-3.0,-5.0,37,21,2009_07_ATL_DAL
2009,7,2009-10-25,SF,HOU,-3.0,-3.5,24,21,2009_07_SF_HOU
2009,7,2009-10-25,LAC,KC,4.5,5.5,7,37,2009_07_SD_KC
2009,7,2009-10-25,IND,LA,13.0,14.0,6,42,2009_07_IND_STL
2009,7,2009-10-25,NYJ,LV,8.0,6.0,0,38,2009_07_NYJ_OAK
2009,7,2009-10-25,NO,MIA,7.0,6.5,34,46,2009_07_NO_MIA
2009,7,2009-10-25,ARI,NYG,-7.5,-8.0,17,24,2009_07_ARI_NYG
2009,7,2009-10-25,MIN,PIT,-3.5,-6.0,27,17,2009_07_MIN_PIT
2009,7,2009-10-25,NE,TB,15.0,15.5,7,35,2009_07_NE_TB
2009,7,2009-10-26,PHI,WAS,6.5,8.5,17,27,2009_07_PHI_WAS
2009,8,2009-11-01,CAR,ARI,-9.0,-10.0,21,34,2009_08_CAR_ARI
2009,8,2009-11-01,DEN,BAL,-3.5,-4.0,30,7,2009_08_DEN_BAL
2009,8,2009-11-01,HOU,BUF,3.0,3.5,10,31,2009_08_HOU_BUF
2009,8,2009-11-01,CLE,CHI,-14.0,-12.0,30,6,2009_08_CLE_CHI
2009,8,2009-11-01,SEA,DAL,-11.0,-10.0,38,17,2009_08_SEA_DAL
2009,8,2009-11-01,LA,DET,-4.0,-3.0,10,17,2009_08_STL_DET
2009,8,2009-11-01,MIN,GB,-3.0,-3.5,26,38,2009_08_MIN_GB
2009,8,2009-11-01,SF,IND,-13.0,-13.0,18,14,2009_08_SF_IND
2009,8,2009-11-01,LV,LAC,-17.0,-16.0,24,16,2009_08_OAK_SD
2009,8,2009-11-01,MIA,NYJ,-4.0,-3.5,25,30,2009_08_MIA_NYJ
2009,8,2009-11-01,NYG,PHI,-2.5,2.5,40,17,2009_08_NYG_PHI
2009,8,2009-11-01,JAX,TEN,-3.0,-3.0,30,13,2009_08_JAX_TEN
2009,8,2009-11-02,ATL,NO,-11.5,-11.0,35,27,2009_08_ATL_NO
2009,9,2009-11-08,WAS,ATL,-11.0,-9.0,31,17,2009_09_WAS_ATL
2009,9,2009-11-08,ARI,CHI,-3.0,-2.0,21,41,2009_09_ARI_CHI
2009,9,2009-11-08,BAL,CIN,3.0,3.0,17,7,2009_09_BAL_CIN
2009,9,2009-11-08,HOU,IND,-9.0,-7.5,20,17,2009_09_HOU_IND
2009,9,2009-11-08,KC,JAX,-6.5,-7.0,24,21,2009_09_KC_JAX
2009,9,2009-11-08,MIA,NE,-10.5,-11.0,27,17,2009_09_MIA_NE
2009,9,2009-11-08,CAR,NO,-14.5,-11.5,30,20,2009_09_CAR_NO
2009,9,2009-11-08,LAC,NYG,-3.5,-5.0,20,21,2009_09_SD_NYG
2009,9,2009-11-08,DAL,PHI,-3.0,-3.0,16,20,2009_09_DAL_PHI
2009,9,2009-11-08,DET,SEA,-10.0,-11.0,32,20,2009_09_DET_SEA
2009,9,2009-11-08,TEN,SF,-5.5,-4.5,27,34,2009_09_TEN_SF
2009,9,2009-11-08,GB,TB,10.5,10.0,38,28,2009_09_GB_TB
2009,9,2009-11-09,PIT,DEN,3.0,3.0,10,28,2009_09_PIT_DEN
2009,10,2009-11-12,CHI,SF,-2.5,-3.5,10,6,2009_10_CHI_SF
2009,10,2009-11-15,SEA,ARI,-9.0,-8.0,31,20,2009_10_SEA_ARI
2009,10,2009-11-15,ATL,CAR,1.0,1.5,28,19,2009_10_ATL_CAR
2009,10,2009-11-15,DAL,GB,1.5,3.0,17,7,2009_10_DAL_GB
2009,10,2009-11-15,NE,IND,-2.5,-2.0,35,34,2009_10_NE_IND
2009,10,2009-11-15,NO,LA,15.5,14.0,23,28,2009_10_NO_STL
2009,10,2009-11-15,PHI,LAC,-1.5,-1.0,31,23,2009_10_PHI_SD
2009,10,2009-11-15,KC,LV,-1.0,-2.5,10,16,2009_10_KC_OAK
2009,10,2009-11-15,TB,MIA,-10.0,-10.0,25,23,2009_10_TB_MIA
2009,10,2009-11-15,DET,MIN,-16.5,-17.0,27,10,2009_10_DET_MIN
2009,10,2009-11-15,JAX,NYJ,-7.0,-6.5,22,24,2009_10_JAX_NYJ
2009,10,2009-11-15,CIN,PIT,-7.5,-7.0,12,18,2009_10_CIN_PIT
2009,10,2009-11-15,BUF,TEN,-7.5,-7.5,41,17,2009_10_BUF_TEN
2009,10,2009-11-15,DEN,WAS,4.5,3.5,27,17,2009_10_DEN_WAS
2009,10,2009-11-16,BAL,CLE,12.0,11.5,0,16,2009_10_BAL_CLE
2009,11,2009-11-19,MIA,CAR,-3.0,-3.5,17,24,2009_11_MIA_CAR
2009,11,2009-11-22,IND,BAL,0.0,2.0,15,17,2009_11_IND_BAL
2009,11,2009-11-22,PHI,CHI,1.0,4.0,20,24,2009_11_PHI_CHI
2009,11,2009-11-22,WAS,DAL,-13.5,-11.0,7,6,2009_11_WAS_DAL
2009,11,2009-11-22,LAC,DEN,5.0,6.5,3,32,2009_11_SD_DEN
2009,11,2009-11-22,CLE,DET,-3.5,-3.0,38,37,2009_11_CLE_DET
2009,11,2009-11-22,SF,GB,-5.5,-6.0,30,24,2009_11_SF_GB
2009,11,2009-11-22,BUF,JAX,-9.0,-8.5,18,15,2009_11_BUF_JAX
2009,11,2009-11-22,PIT,KC,11.0,11.5,27,24,2009_11_PIT_KC
2009,11,2009-11-22,ARI,LA,10.0,8.5,13,21,2009_11_ARI_STL
2009,11,2009-11-22,CIN,LV,10.0,8.5,20,17,2009_11_CIN_OAK
2009,11,2009-11-22,SEA,MIN,-12.0,-11.0,35,9,2009_11_SEA_MIN
2009,11,2009-11-22,NYJ,NE,-12.0,-11.0,31,14,2009_11_NYJ_NE
2009,11,2009-11-22,ATL,NYG,-7.0,-7.0,34,31,2009_11_ATL_NYG
2009,11,2009-11-22,NO,TB,13.0,10.0,7,38,2009_11_NO_TB
2009,11,2009-11-23,TEN,HOU,-3.5,-3.5,17,20,2009_11_TEN_HOU
2009,12,2009-11-26,LV,DAL,-15.0,-13.5,24,7,2009_12_OAK_DAL
2009,12,2009-11-26,NYG,DEN,5.5,5.0,26,6,2009_12_NYG_DEN
2009,12,2009-11-26,GB,DET,12.0,11.5,12,34,2009_12_GB_DET
2009,12,2009-11-29,TB,ATL,-12.5,-12.5,20,17,2009_12_TB_ATL
2009,12,2009-11-29,PIT,BAL,-9.0,-7.5,20,17,2009_12_PIT_BAL
2009,12,2009-11-29,MIA,BUF,3.0,3.5,31,14,2009_12_MIA_BUF
2009,12,2009-11-29,CLE,CIN,-15.0,-12.5,16,7,2009_12_CLE_CIN
2009,12,2009-11-29,IND,HOU,3.0,3.0,27,35,2009_12_IND_HOU
2009,12,2009-11-29,SEA,LA,2.5,3.5,17,27,2009_12_SEA_STL
2009,12,2009-11-29,KC,LAC,-14.5,-13.0,43,14,2009_12_KC_SD
2009,12,2009-11-29,CHI,MIN,-12.0,-10.5,36,10,2009_12_CHI_MIN
2009,12,2009-11-29,CAR,NYJ,-2.5,-3.0,17,6,2009_12_CAR_NYJ
2009,12,2009-11-29,WAS,PHI,-10.0,-10.0,27,24,2009_12_WAS_PHI
2009,12,2009-11-29,JAX,SF,-3.0,-3.0,20,3,2009_12_JAX_SF
2009,12,2009-11-29,ARI,TEN,0.0,-3.5,20,17,2009_12_ARI_TEN
2009,12,2009-11-30,NE,NO,-2.5,-2.0,38,17,2009_12_NE_NO
2009,13,2009-12-03,NYJ,BUF,3.0,3.5,13,19,2009_13_NYJ_BUF
2009,13,2009-12-06,MIN,ARI,4.0,3.5,30,17,2009_13_MIN_ARI
2009,13,2009-12-06,PHI,ATL,6.0,5.0,7,34,2009_13_PHI_ATL
2009,13,2009-12-06,TB,CAR,-7.5,-4.0,16,6,2009_13_TB_CAR
2009,13,2009-12-06,LA,CHI,-9.5,-9.0,17,9,2009_13_STL_CHI
2009,13,2009-12-06,DET,CIN,-14.0,-13.5,23,13,2009_13_DET_CIN
2009,13,2009-12-06,LAC,CLE,13.5,13.5,23,30,2009_13_SD_CLE
2009,13,2009-12-06,TEN,IND,-8.0,-6.0,27,17,2009_13_TEN_IND
2009,13,2009-12-06,HOU,JAX,0.0,2.0,23,18,2009_13_HOU_JAX
2009,13,2009-12-06,DEN,KC,4.0,6.5,13,44,2009_13_DEN_KC
2009,13,2009-12-06,NE,MIA,5.0,5.5,22,21,2009_13_NE_MIA
2009,13,2009-12-06,DAL,NYG,0.0,1.0,31,24,2009_13_DAL_NYG
2009,13,2009-12-06,LV,PIT,-15.5,-15.0,24,27,2009_13_OAK_PIT
2009,13,2009-12-06,SF,SEA,0.0,0.0,20,17,2009_13_SF_SEA
2009,13,2009-12-06,NO,WAS,10.0,9.0,30,33,2009_13_NO_WAS
2009,13,2009-12-07,BAL,GB,-3.5,-4.0,27,14,2009_13_BAL_GB
2009,14,2009-12-10,PIT,CLE,10.0,10.0,13,6,2009_14_PIT_CLE
2009,14,2009-12-13,NO,ATL,11.0,10.0,23,26,2009_14_NO_ATL
2009,14,2009-12-13,DET,BAL,-14.0,-14.0,48,3,2009_14_DET_BAL
2009,14,2009-12-13,GB,CHI,3.0,4.0,14,21,2009_14_GB_CHI
2009,14,2009-12-13,LAC,DAL,-2.5,-3.5,17,20,2009_14_SD_DAL
2009,14,2009-12-13,SEA,HOU,-6.0,-7.0,34,7,2009_14_SEA_HOU
2009,14,2009-12-13,DEN,IND,-8.5,-6.5,28,16,2009_14_DEN_IND
2009,14,2009-12-13,MIA,JAX,-1.0,-1.5,10,14,2009_14_MIA_JAX
2009,14,2009-12-13,BUF,KC,0.0,2.5,10,16,2009_14_BUF_KC
2009,14,2009-12-13,WAS,LV,0.0,2.0,13,34,2009_14_WAS_OAK
2009,14,2009-12-13,CIN,MIN,-7.5,-6.5,30,10,2009_14_CIN_MIN
2009,14,2009-12-13,CAR,NE,-14.0,-13.0,20,10,2009_14_CAR_NE
2009,14,2009-12-13,PHI,NYG,0.0,1.0,38,45,2009_14_PHI_NYG
2009,14,2009-12-13,NYJ,TB,3.0,3.5,3,26,2009_14_NYJ_TB
2009,14,2009-12-13,LA,TEN,-14.0,-13.5,47,7,2009_14_STL_TEN
2009,14,2009-12-14,ARI,SF,3.0,4.5,24,9,2009_14_ARI_SF
2009,15,2009-12-17,IND,JAX,3.0,3.5,31,35,2009_15_IND_JAX
2009,15,2009-12-19,DAL,NO,-8.0,-7.5,17,24,2009_15_DAL_NO
2009,15,2009-12-20,CHI,BAL,-11.0,-11.0,31,7,2009_15_CHI_BAL
2009,15,2009-12-20,NE,BUF,8.0,7.0,10,17,2009_15_NE_BUF
2009,15,2009-12-20,MIN,CAR,8.0,8.5,26,7,2009_15_MIN_CAR
2009,15,2009-12-20,LV,DEN,-13.0,-14.0,19,20,2009_15_OAK_DEN
2009,15,2009-12-20,ARI,DET,11.5,14.0,24,31,2009_15_ARI_DET
2009,15,2009-12-20,CLE,KC,-1.0,-2.5,34,41,2009_15_CLE_KC
2009,15,2009-12-20,HOU,LA,13.5,14.0,13,16,2009_15_HOU_STL
2009,15,2009-12-20,CIN,LAC,-7.5,-7.0,27,24,2009_15_CIN_SD
2009,15,2009-12-20,ATL,NYJ,-5.5,-5.0,7,10,2009_15_ATL_NYJ
2009,15,2009-12-20,SF,PHI,-10.0,-7.5,27,13,2009_15_SF_PHI
2009,15,2009-12-20,GB,PIT,-1.0,-2.5,37,36,2009_15_GB_PIT
2009,15,2009-12-20,TB,SEA,-8.0,-6.5,7,24,2009_15_TB_SEA
2009,15,2009-12-20,MIA,TEN,-3.5,-5.0,27,24,2009_15_MIA_TEN
2009,15,2009-12-21,NYG,WAS,2.5,3.0,12,45,2009_15_NYG_WAS
2009,16,2009-12-25,LAC,TEN,-2.5,-1.5,17,42,2009_16_SD_TEN
2009,16,2009-12-27,LA,ARI,-15.5,-16.5,31,10,2009_16_STL_ARI
2009,16,2009-12-27,BUF,ATL,-9.5,-8.0,31,3,2009_16_BUF_ATL
2009,16,2009-12-27,KC,CIN,-14.5,-13.5,17,10,2009_16_KC_CIN
2009,16,2009-12-27,LV,CLE,-3.0,-3.0,23,9,2009_16_OAK_CLE
2009,16,2009-12-27,SEA,GB,-15.0,-13.5,48,10,2009_16_SEA_GB
2009,16,2009-12-27,NYJ,IND,-7.0,-3.0,15,29,2009_16_NYJ_IND
2009,16,2009-12-27,HOU,MIA,-2.5,-1.0,20,27,2009_16_HOU_MIA
2009,16,2009-12-27,JAX,NE,-9.5,-9.5,35,7,2009_16_JAX_NE
2009,16,2009-12-27,TB,NO,-15.5,-14.0,17,20,2009_16_TB_NO
2009,16,2009-12-27,CAR,NYG,-7.0,-8.5,9,41,2009_16_CAR_NYG
2009,16,2009-12-27,DEN,PHI,-9.0,-7.0,30,27,2009_16_DEN_PHI
2009,16,2009-12-27,BAL,PIT,-1.0,-3.0,23,20,2009_16_BAL_PIT
2009,16,2009-12-27,DET,SF,-12.0,-14.0,20,6,2009_16_DET_SF
2009,16,2009-12-27,DAL,WAS,7.0,7.0,0,17,2009_16_DAL_WAS
2009,16,2009-12-28,MIN,CHI,7.5,8.5,36,30,2009_16_MIN_CHI
2009,17,2010-01-03,GB,ARI,-2.5,-3.0,7,33,2009_17_GB_ARI
2009,17,2010-01-03,IND,BUF,-9.0,-8.0,30,7,2009_17_IND_BUF
2009,17,2010-01-03,NO,CAR,-8.0,-10.0,23,10,2009_17_NO_CAR
2009,17,2010-01-03,JAX,CLE,-3.0,-2.0,23,17,2009_17_JAX_CLE
2009,17,2010-01-03,PHI,DAL,-3.0,-3.0,24,0,2009_17_PHI_DAL
2009,17,2010-01-03,KC,DEN,-13.5,-9.0,24,44,2009_17_KC_DEN
2009,17,2010-01-03,CHI,DET,3.0,4.5,23,37,2009_17_CHI_DET
2009,17,2010-01-03,NE,HOU,-8.0,-7.5,34,27,2009_17_NE_HOU
2009,17,2010-01-03,SF,LA,7.5,7.0,6,28,2009_17_SF_STL
2009,17,2010-01-03,WAS,LAC,-7.0,-3.0,23,20,2009_17_WAS_SD
2009,17,2010-01-03,BAL,LV,11.0,10.0,13,21,2009_17_BAL_OAK
2009,17,2010-01-03,PIT,MIA,3.0,3.0,24,30,2009_17_PIT_MIA
2009,17,2010-01-03,NYG,MIN,-10.0,-8.5,44,7,2009_17_NYG_MIN
2009,17,2010-01-03,CIN,NYJ,-9.5,-10.0,37,0,2009_17_CIN_NYJ
2009,17,2010-01-03,TEN,SEA,5.0,6.0,13,17,2009_17_TEN_SEA
2009,17,2010-01-03,ATL,TB,0.0,3.0,10,20,2009_17_ATL_TB
2010,1,2010-09-09,MIN,NO,-5.5,-5.5,14,9,2010_01_MIN_NO
2010,1,2010-09-12,MIA,BUF,1.5,3.0,10,15,2010_01_MIA_BUF
2010,1,2010-09-12,DET,CHI,-7.0,-6.5,19,14,2010_01_DET_CHI
2010,1,2010-09-12,IND,HOU,3.0,2.0,34,24,2010_01_IND_HOU
2010,1,2010-09-12,DEN,JAX,-1.5,-3.0,24,17,2010_01_DEN_JAX
2010,1,2010-09-12,ARI,LA,3.5,3.0,13,17,2010_01_ARI_STL
2010,1,2010-09-12,CIN,NE,-5.5,-5.0,38,24,2010_01_CIN_NE
2010,1,2010-09-12,CAR,NYG,-7.0,-5.5,31,18,2010_01_CAR_NYG
2010,1,2010-09-12,GB,PHI,-1.0,3.0,20,27,2010_01_GB_PHI
2010,1,2010-09-12,ATL,PIT,-1.0,1.0,15,9,2010_01_ATL_PIT
2010,1,2010-09-12,SF,SEA,0.0,3.0,31,6,2010_01_SF_SEA
2010,1,2010-09-12,CLE,TB,-1.5,-3.0,17,14,2010_01_CLE_TB
2010,1,2010-09-12,LV,TEN,-7.0,-6.5,38,13,2010_01_OAK_TEN
2010,1,2010-09-12,DAL,WAS,3.5,3.5,13,7,2010_01_DAL_WAS
2010,1,2010-09-13,LAC,KC,5.5,4.0,21,14,2010_01_SD_KC
2010,1,2010-09-13,BAL,NYJ,-3.0,-1.0,9,10,2010_01_BAL_NYJ
2010,2,2010-09-19,ARI,ATL,-7.5,-7.0,41,7,2010_02_ARI_ATL
2010,2,2010-09-19,TB,CAR,-3.0,-4.0,7,20,2010_02_TB_CAR
2010,2,2010-09-19,BAL,CIN,0.0,3.0,15,10,2010_02_BAL_CIN
2010,2,2010-09-19,KC,CLE,-2.5,-3.0,14,16,2010_02_KC_CLE
2010,2,2010-09-19,CHI,DAL,-9.5,-7.0,20,27,2010_02_CHI_DAL
2010,2,2010-09-19,SEA,DEN,-3.5,-3.5,31,14,2010_02_SEA_DEN
2010,2,2010-09-19,PHI,DET,3.0,6.5,32,35,2010_02_PHI_DET
2010,2,2010-09-19,BUF,GB,-14.0,-12.5,34,7,2010_02_BUF_GB
2010,2,2010-09-19,NYG,IND,-5.5,-4.0,38,14,2010_02_NYG_IND
2010,2,2010-09-19,JAX,LAC,-9.5,-7.0,38,13,2010_02_JAX_SD
2010,2,2010-09-19,LA,LV,-4.0,-3.0,16,14,2010_02_STL_OAK
2010,2,2010-09-19,MIA,MIN,-5.5,-5.5,10,14,2010_02_MIA_MIN
2010,2,2010-09-19,NE,NYJ,0.0,3.0,28,14,2010_02_NE_NYJ
2010,2,2010-09-19,PIT,TEN,-5.5,-6.0,11,19,2010_02_PIT_TEN
2010,2,2010-09-19,HOU,WAS,2.5,3.0,27,30,2010_02_HOU_WAS
2010,2,2010-09-20,NO,SF,4.5,4.5,22,25,2010_02_NO_SF
2010,3,2010-09-26,LV,ARI,-4.0,-5.5,24,23,2010_03_OAK_ARI
2010,3,2010-09-26,CLE,BAL,-10.5,-12.5,24,17,2010_03_CLE_BAL
2010,3,2010-09-26,CIN,CAR,3.5,3.5,7,20,2010_03_CIN_CAR
2010,3,2010-09-26,IND,DEN,5.0,6.0,13,27,2010_03_IND_DEN
2010,3,2010-09-26,DAL,HOU,-3.0,-2.5,13,27,2010_03_DAL_HOU
2010,3,2010-09-26,PHI,JAX,3.0,3.0,3,28,2010_03_PHI_JAX
2010,3,2010-09-26,SF,KC,1.0,3.0,31,10,2010_03_SF_KC
2010,3,2010-09-26,WAS,LA,4.0,5.0,30,16,2010_03_WAS_STL
2010,3,2010-09-26,NYJ,MIA,0.0,-2.5,23,31,2010_03_NYJ_MIA
2010,3,2010-09-26,DET,MIN,-10.5,-13.0,24,10,2010_03_DET_MIN
2010,3,2010-09-26,BUF,NE,-13.5,-14.5,38,30,2010_03_BUF_NE
2010,3,2010-09-26,ATL,NO,-4.5,-3.0,24,27,2010_03_ATL_NO
2010,3,2010-09-26,TEN,NYG,-3.0,-3.0,10,29,2010_03_TEN_NYG
2010,3,2010-09-26,LAC,SEA,5.5,3.5,27,20,2010_03_SD_SEA
2010,3,2010-09-26,PIT,TB,2.5,2.5,13,38,2010_03_PIT_TB
2010,3,2010-09-27,GB,CHI,3.0,3.0,20,17,2010_03_GB_CHI
2010,4,2010-10-03,SF,ATL,-8.0,-7.0,16,14,2010_04_SF_ATL
2010,4,2010-10-03,NYJ,BUF,5.0,5.5,14,38,2010_04_NYJ_BUF
2010,4,2010-10-03,CIN,CLE,3.0,2.0,23,20,2010_04_CIN_CLE
2010,4,2010-10-03,DET,GB,-16.0,-14.5,28,26,2010_04_DET_GB
2010,4,2010-10-03,IND,JAX,8.0,7.0,31,28,2010_04_IND_JAX
2010,4,2010-10-03,SEA,LA,1.5,2.5,20,3,2010_04_SEA_STL
2010,4,2010-10-03,ARI,LAC,-9.5,-10.0,41,10,2010_04_ARI_SD
2010,4,2010-10-03,HOU,LV,3.0,3.5,24,31,2010_04_HOU_OAK
2010,4,2010-10-03,CAR,NO,-15.0,-12.5,16,14,2010_04_CAR_NO
2010,4,2010-10-03,CHI,NYG,-3.0,-3.5,17,3,2010_04_CHI_NYG
2010,4,2010-10-03,WAS,PHI,-7.0,-5.0,12,17,2010_04_WAS_PHI
2010,4,2010-10-03,BAL,PIT,-1.5,-2.5,14,17,2010_04_BAL_PIT
2010,4,2010-10-03,DEN,TEN,-7.5,-6.5,20,26,2010_04_DEN_TEN
2010,4,2010-10-04,NE,MIA,0.0,1.0,14,41,2010_04_NE_MIA
2010,5,2010-10-10,NO,ARI,7.0,7.0,30,20,2010_05_NO_ARI
2010,5,2010-10-10,DEN,BAL,-8.0,-8.0,31,17,2010_05_DEN_BAL
2010,5,2010-10-10,JAX,BUF,0.0,-2.5,26,36,2010_05_JAX_BUF
2010,5,2010-10-10,CHI,CAR,2.5,-3.0,6,23,2010_05_CHI_CAR
2010,5,2010-10-10,TB,CIN,-7.0,-6.5,21,24,2010_05_TB_CIN
2010,5,2010-10-10,ATL,CLE,3.0,3.0,10,20,2010_05_ATL_CLE
2010,5,2010-10-10,TEN,DAL,-7.0,-7.0,27,34,2010_05_TEN_DAL
2010,5,2010-10-10,LA,DET,-3.0,-3.0,44,6,2010_05_STL_DET
2010,5,2010-10-10,NYG,HOU,-2.5,-3.0,10,34,2010_05_NYG_HOU
2010,5,2010-10-10,KC,IND,-9.0,-7.5,19,9,2010_05_KC_IND
2010,5,2010-10-10,LAC,LV,5.5,7.0,35,27,2010_05_SD_OAK
2010,5,2010-10-10,PHI,SF,-3.0,-3.5,24,27,2010_05_PHI_SF
2010,5,2010-10-10,GB,WAS,1.5,3.0,16,13,2010_05_GB_WAS
2010,5,2010-10-11,MIN,NYJ,-3.5,-4.0,29,20,2010_05_MIN_NYJ
2010,6,2010-10-17,SEA,CHI,-7.5,-6.0,20,23,2010_06_SEA_CHI
2010,6,2010-10-17,NYJ,DEN,3.0,3.5,20,24,2010_06_NYJ_DEN
2010,6,2010-10-17,MIA,GB,-3.0,-3.0,20,23,2010_06_MIA_GB
2010,6,2010-10-17,KC,HOU,-5.0,-4.5,35,31,2010_06_KC_HOU
2010,6,2010-10-17,LAC,LA,9.5,8.5,20,17,2010_06_SD_STL
2010,6,2010-10-17,DAL,MIN,0.0,-1.5,24,21,2010_06_DAL_MIN
2010,6,2010-10-17,BAL,NE,-2.5,-3.0,23,20,2010_06_BAL_NE
2010,6,2010-10-17,DET,NYG,-11.0,-10.0,28,20,2010_06_DET_NYG
2010,6,2010-10-17,ATL,PHI,-3.0,-2.0,31,17,2010_06_ATL_PHI
2010,6,2010-10-17,CLE,PIT,-13.0,-14.0,28,10,2010_06_CLE_PIT
2010,6,2010-10-17,LV,SF,-7.5,-7.5,17,9,2010_06_OAK_SF
2010,6,2010-10-17,NO,TB,4.5,5.5,6,31,2010_06_NO_TB
2010,6,2010-10-17,IND,WAS,3.0,3.0,24,27,2010_06_IND_WAS
2010,6,2010-10-18,TEN,JAX,2.5,3.0,3,30,2010_06_TEN_JAX
2010,7,2010-10-24,CIN,ATL,-4.5,-3.5,39,32,2010_07_CIN_ATL
2010,7,2010-10-24,BUF,BAL,-14.0,-12.5,37,34,2010_07_BUF_BAL
2010,7,2010-10-24,SF,CAR,2.5,2.0,23,20,2010_07_SF_CAR
2010,7,2010-10-24,WAS,CHI,-2.5,-3.0,14,17,2010_07_WAS_CHI
2010,7,2010-10-24,LV,DEN,-8.0,-7.0,14,59,2010_07_OAK_DEN
2010,7,2010-10-24,MIN,GB,-3.0,-3.0,28,24,2010_07_MIN_GB
2010,7,2010-10-24,JAX,KC,-9.0,-9.0,42,20,2010_07_JAX_KC
2010,7,2010-10-24,NE,LAC,-3.5,-2.5,20,23,2010_07_NE_SD
2010,7,2010-10-24,PIT,MIA,2.5,3.0,22,23,2010_07_PIT_MIA
2010,7,2010-10-24,CLE,NO,-15.0,-12.5,17,30,2010_07_CLE_NO
2010,7,2010-10-24,ARI,SEA,-4.5,-6.5,22,10,2010_07_ARI_SEA
2010,7,2010-10-24,LA,TB,0.0,-3.0,18,17,2010_07_STL_TB
2010,7,2010-10-24,PHI,TEN,-2.5,-3.0,37,19,2010_07_PHI_TEN
2010,7,2010-10-25,NYG,DAL,-2.5,-3.0,35,41,2010_07_NYG_DAL
2010,8,2010-10-31,TB,ARI,-3.0,-3.0,35,38,2010_08_TB_ARI
2010,8,2010-10-31,MIA,CIN,-1.0,1.0,14,22,2010_08_MIA_CIN
2010,8,2010-10-31,JAX,DAL,-6.5,-6.5,17,35,2010_08_JAX_DAL
2010,8,2010-10-31,WAS,DET,0.0,-3.0,37,25,2010_08_WAS_DET
2010,8,2010-10-31,BUF,KC,-10.0,-7.0,13,10,2010_08_BUF_KC
2010,8,2010-10-31,CAR,LA,-3.0,-2.5,20,10,2010_08_CAR_STL
2010,8,2010-10-31,TEN,LAC,-3.0,-5.5,33,25,2010_08_TEN_SD
2010,8,2010-10-31,SEA,LV,0.0,-2.0,33,3,2010_08_SEA_OAK
2010,8,2010-10-31,MIN,NE,-7.0,-5.0,28,18,2010_08_MIN_NE
2010,8,2010-10-31,PIT,NO,0.0,-1.5,20,10,2010_08_PIT_NO
2010,8,2010-10-31,GB,NYJ,-5.5,-6.5,0,9,2010_08_GB_NYJ
2010,8,2010-10-31,DEN,SF,0.0,-2.5,24,16,2010_08_DEN_SF
2010,8,2010-11-01,HOU,IND,-5.5,-5.5,30,17,2010_08_HOU_IND
2010,9,2010-11-07,TB,ATL,-9.0,-10.0,27,21,2010_09_TB_ATL
2010,9,2010-11-07,MIA,BAL,-5.0,-5.5,26,10,2010_09_MIA_BAL
2010,9,2010-11-07,CHI,BUF,3.0,3.0,19,22,2010_09_CHI_BUF
2010,9,2010-11-07,NO,CAR,7.0,6.5,3,34,2010_09_NO_CAR
2010,9,2010-11-07,NE,CLE,4.5,4.0,34,14,2010_09_NE_CLE
2010,9,2010-11-07,NYJ,DET,3.5,6.0,20,23,2010_09_NYJ_DET
2010,9,2010-11-07,DAL,GB,-8.0,-7.5,45,7,2010_09_DAL_GB
2010,9,2010-11-07,LAC,HOU,0.0,3.0,23,29,2010_09_SD_HOU
2010,9,2010-11-07,KC,LV,0.0,1.0,23,20,2010_09_KC_OAK
2010,9,2010-11-07,ARI,MIN,-9.0,-7.5,27,24,2010_09_ARI_MIN
2010,9,2010-11-07,IND,PHI,-1.0,-3.0,26,24,2010_09_IND_PHI
2010,9,2010-11-07,NYG,SEA,8.0,7.0,7,41,2010_09_NYG_SEA
2010,9,2010-11-08,PIT,CIN,3.0,5.0,21,27,2010_09_PIT_CIN
2010,10,2010-11-11,BAL,ATL,0.0,-1.0,26,21,2010_10_BAL_ATL
2010,10,2010-11-14,SEA,ARI,-3.0,-3.5,18,36,2010_10_SEA_ARI
2010,10,2010-11-14,DET,BUF,-2.5,-1.5,14,12,2010_10_DET_BUF
2010,10,2010-11-14,MIN,CHI,0.0,1.0,27,13,2010_10_MIN_CHI
2010,10,2010-11-14,NYJ,CLE,3.0,3.5,20,26,2010_10_NYJ_CLE
2010,10,2010-11-14,KC,DEN,0.0,1.0,49,29,2010_10_KC_DEN
2010,10,2010-11-14,CIN,IND,-9.5,-7.0,23,17,2010_10_CIN_IND
2010,10,2010-11-14,HOU,JAX,0.0,-1.0,31,24,2010_10_HOU_JAX
2010,10,2010-11-14,TEN,MIA,0.0,-1.0,29,17,2010_10_TEN_MIA
2010,10,2010-11-14,DAL,NYG,-13.5,-12.5,20,33,2010_10_DAL_NYG
2010,10,2010-11-14,NE,PIT,-4.0,-4.5,26,39,2010_10_NE_PIT
2010,10,2010-11-14,LA,SF,-7.0,-5.0,23,20,2010_10_STL_SF
2010,10,2010-11-14,CAR,TB,-8.5,-7.0,31,16,2010_10_CAR_TB
2010,10,2010-11-15,PHI,WAS,3.0,3.0,28,59,2010_10_PHI_WAS
2010,11,2010-11-18,CHI,MIA,0.0,-2.5,0,16,2010_11_CHI_MIA
2010,11,2010-11-21,BAL,CAR,10.0,13.5,13,37,2010_11_BAL_CAR
2010,11,2010-11-21,BUF,CIN,-5.0,-4.5,31,49,2010_11_BUF_CIN
2010,11,2010-11-21,DET,DAL,-8.5,-5.5,35,19,2010_11_DET_DAL
2010,11,2010-11-21,CLE,JAX,-1.5,-2.5,24,20,2010_11_CLE_JAX
2010,11,2010-11-21,ARI,KC,-8.5,-7.0,31,13,2010_11_ARI_KC
2010,11,2010-11-21,ATL,LA,3.0,3.5,17,34,2010_11_ATL_STL
2010,11,2010-11-21,GB,MIN,1.0,3.0,3,31,2010_11_GB_MIN
2010,11,2010-11-21,IND,NE,-3.0,-4.0,31,28,2010_11_IND_NE
2010,11,2010-11-21,SEA,NO,-13.0,-11.0,34,19,2010_11_SEA_NO
2010,11,2010-11-21,HOU,NYJ,-8.0,-6.5,30,27,2010_11_HOU_NYJ
2010,11,2010-11-21,NYG,PHI,-3.0,-3.5,27,17,2010_11_NYG_PHI
2010,11,2010-11-21,LV,PIT,-9.5,-7.0,35,3,2010_11_OAK_PIT
2010,11,2010-11-21,TB,SF,-3.0,-3.5,0,21,2010_11_TB_SF
2010,11,2010-11-21,WAS,TEN,-8.0,-7.0,16,19,2010_11_WAS_TEN
2010,11,2010-11-22,DEN,LAC,-9.5,-9.0,35,14,2010_11_DEN_SD
2010,12,2010-11-25,NO,DAL,3.0,4.5,27,30,2010_12_NO_DAL
2010,12,2010-11-25,NE,DET,8.5,6.5,24,45,2010_12_NE_DET
2010,12,2010-11-25,CIN,NYJ,-10.5,-10.0,26,10,2010_12_CIN_NYJ
2010,12,2010-11-28,GB,ATL,0.0,-2.0,20,17,2010_12_GB_ATL
2010,12,2010-11-28,TB,BAL,-9.5,-7.5,17,10,2010_12_TB_BAL
2010,12,2010-11-28,PIT,BUF,6.0,6.5,16,19,2010_12_PIT_BUF
2010,12,2010-11-28,PHI,CHI,3.0,3.0,31,26,2010_12_PHI_CHI
2010,12,2010-11-28,CAR,CLE,-11.0,-8.0,24,23,2010_12_CAR_CLE
2010,12,2010-11-28,LA,DEN,-4.0,-3.0,33,36,2010_12_STL_DEN
2010,12,2010-11-28,TEN,HOU,-7.0,-5.0,20,0,2010_12_TEN_HOU
2010,12,2010-11-28,LAC,IND,-2.5,-2.0,14,36,2010_12_SD_IND
2010,12,2010-11-28,MIA,LV,0.0,-3.0,17,33,2010_12_MIA_OAK
2010,12,2010-11-28,JAX,NYG,-10.0,-7.5,24,20,2010_12_JAX_NYG
2010,12,2010-11-28,KC,SEA,0.0,2.0,24,42,2010_12_KC_SEA
2010,12,2010-11-28,MIN,WAS,-1.0,2.0,13,17,2010_12_MIN_WAS
2010,12,2010-11-29,SF,ARI,0.0,2.0,6,27,2010_12_SF_ARI
2010,13,2010-12-02,HOU,PHI,-8.0,-8.0,34,24,2010_13_HOU_PHI
2010,13,2010-12-05,LA,ARI,3.0,3.5,6,19,2010_13_STL_ARI
2010,13,2010-12-05,PIT,BAL,-3.0,-3.0,10,13,2010_13_PIT_BAL
2010,13,2010-12-05,NO,CIN,8.0,6.5,30,34,2010_13_NO_CIN
2010,13,2010-12-05,CHI,DET,4.5,5.5,20,24,2010_13_CHI_DET
2010,13,2010-12-05,SF,GB,-11.0,-9.0,34,16,2010_13_SF_GB
2010,13,2010-12-05,DAL,IND,-5.0,-6.0,35,38,2010_13_DAL_IND
2010,13,2010-12-05,DEN,KC,-8.0,-8.5,10,6,2010_13_DEN_KC
2010,13,2010-12-05,LV,LAC,-13.5,-13.0,13,28,2010_13_OAK_SD
2010,13,2010-12-05,CLE,MIA,-4.5,-5.5,10,13,2010_13_CLE_MIA
2010,13,2010-12-05,BUF,MIN,-7.5,-5.5,38,14,2010_13_BUF_MIN
2010,13,2010-12-05,WAS,NYG,-8.5,-7.5,31,7,2010_13_WAS_NYG
2010,13,2010-12-05,CAR,SEA,-7.0,-5.0,31,14,2010_13_CAR_SEA
2010,13,2010-12-05,ATL,TB,3.0,3.0,24,28,2010_13_ATL_TB
2010,13,2010-12-05,JAX,TEN,-3.5,-3.0,6,17,2010_13_JAX_TEN
2010,13,2010-12-06,NYJ,NE,-3.5,-4.0,45,3,2010_13_NYJ_NE
2010,14,2010-12-09,IND,TEN,1.0,3.5,28,30,2010_14_IND_TEN
2010,14,2010-12-12,DEN,ARI,5.0,4.0,43,13,2010_14_DEN_ARI
2010,14,2010-12-12,CLE,BUF,0.0,-1.0,13,6,2010_14_CLE_BUF
2010,14,2010-12-12,ATL,CAR,8.0,7.0,10,31,2010_14_ATL_CAR
2010,14,2010-12-12,NE,CHI,3.0,3.0,7,36,2010_14_NE_CHI
2010,14,2010-12-12,PHI,DAL,3.0,4.0,27,30,2010_14_PHI_DAL
2010,14,2010-12-12,GB,DET,7.5,7.0,7,3,2010_14_GB_DET
2010,14,2010-12-12,LV,JAX,-4.5,-3.5,38,31,2010_14_OAK_JAX
2010,14,2010-12-12,KC,LAC,-9.0,-10.0,31,0,2010_14_KC_SD
2010,14,2010-12-12,LA,NO,-10.0,-9.5,31,13,2010_14_STL_NO
2010,14,2010-12-12,MIA,NYJ,-6.0,-5.5,6,10,2010_14_MIA_NYJ
2010,14,2010-12-12,CIN,PIT,-9.5,-8.5,23,7,2010_14_CIN_PIT
2010,14,2010-12-12,SEA,SF,-9.0,-5.0,40,21,2010_14_SEA_SF
2010,14,2010-12-12,TB,WAS,2.5,1.0,16,17,2010_14_TB_WAS
2010,14,2010-12-13,BAL,HOU,2.5,3.0,28,34,2010_14_BAL_HOU
2010,14,2010-12-13,NYG,MIN,4.5,5.0,3,21,2010_14_NYG_MIN
2010,15,2010-12-16,SF,LAC,-10.0,-10.0,34,7,2010_15_SF_SD
2010,15,2010-12-19,NO,BAL,-1.5,-1.5,30,24,2010_15_NO_BAL
2010,15,2010-12-19,ARI,CAR,-1.0,-2.5,19,12,2010_15_ARI_CAR
2010,15,2010-12-19,CLE,CIN,0.0,0.0,19,17,2010_15_CLE_CIN
2010,15,2010-12-19,WAS,DAL,-5.5,-9.5,33,30,2010_15_WAS_DAL
2010,15,2010-12-19,JAX,IND,-5.0,-4.5,34,24,2010_15_JAX_IND
2010,15,2010-12-19,KC,LA,0.0,-3.0,13,27,2010_15_KC_STL
2010,15,2010-12-19,DEN,LV,-7.0,-8.0,39,23,2010_15_DEN_OAK
2010,15,2010-12-19,BUF,MIA,-5.5,-6.0,14,17,2010_15_BUF_MIA
2010,15,2010-12-19,GB,NE,-14.5,-14.0,31,27,2010_15_GB_NE
2010,15,2010-12-19,PHI,NYG,-2.5,-3.0,31,38,2010_15_PHI_NYG
2010,15,2010-12-19,NYJ,PIT,-7.0,-3.5,17,22,2010_15_NYJ_PIT
2010,15,2010-12-19,ATL,SEA,7.0,5.5,18,34,2010_15_ATL_SEA
2010,15,2010-12-19,DET,TB,-5.5,-4.0,20,23,2010_15_DET_TB
2010,15,2010-12-19,HOU,TEN,0.0,-1.0,31,17,2010_15_HOU_TEN
2010,15,2010-12-20,CHI,MIN,9.0,5.5,14,40,2010_15_CHI_MIN
2010,16,2010-12-23,CAR,PIT,-14.0,-14.5,27,3,2010_16_CAR_PIT
2010,16,2010-12-25,DAL,ARI,5.5,7.0,27,26,2010_16_DAL_ARI
2010,16,2010-12-26,NE,BUF,9.0,7.0,3,34,2010_16_NE_BUF
2010,16,2010-12-26,NYJ,CHI,0.0,-2.5,38,34,2010_16_NYJ_CHI
2010,16,2010-12-26,LAC,CIN,8.5,8.0,34,20,2010_16_SD_CIN
2010,16,2010-12-26,BAL,CLE,3.0,3.5,10,20,2010_16_BAL_CLE
2010,16,2010-12-26,HOU,DEN,2.5,2.5,24,23,2010_16_HOU_DEN
2010,16,2010-12-26,NYG,GB,-3.0,-3.0,45,17,2010_16_NYG_GB
2010,16,2010-12-26,WAS,JAX,-7.0,-7.0,17,20,2010_16_WAS_JAX
2010,16,2010-12-26,TEN,KC,-5.0,-4.0,34,14,2010_16_TEN_KC
2010,16,2010-12-26,SF,LA,-1.0,-2.5,25,17,2010_16_SF_STL
2010,16,2010-12-26,IND,LV,3.0,2.0,26,31,2010_16_IND_OAK
2010,16,2010-12-26,DET,MIA,-3.5,-3.5,27,34,2010_16_DET_MIA
2010,16,2010-12-26,SEA,TB,-6.0,-5.5,38,15,2010_16_SEA_TB
2010,16,2010-12-27,NO,ATL,-1.0,-2.5,14,17,2010_16_NO_ATL
2010,16,2010-12-28,MIN,PHI,-15.0,-14.0,14,24,2010_16_MIN_PHI
2010,17,2011-01-02,CAR,ATL,-15.5,-14.0,31,10,2010_17_CAR_ATL
2010,17,2011-01-02,CIN,BAL,-10.5,-9.5,13,7,2010_17_CIN_BAL
2010,17,2011-01-02,PIT,CLE,7.0,6.5,9,41,2010_17_PIT_CLE
2010,17,2011-01-02,LAC,DEN,3.5,5.5,28,33,2010_17_SD_DEN
2010,17,2011-01-02,MIN,DET,-3.0,-3.5,20,13,2010_17_MIN_DET
2010,17,2011-01-02,CHI,GB,-11.0,-12.0,10,3,2010_17_CHI_GB
2010,17,2011-01-02,JAX,HOU,1.0,-4.5,34,17,2010_17_JAX_HOU
2010,17,2011-01-02,TEN,IND,-9.5,-9.0,23,20,2010_17_TEN_IND
2010,17,2011-01-02,LV,KC,-4.0,-5.0,10,31,2010_17_OAK_KC
2010,17,2011-01-02,MIA,NE,-3.0,-4.5,38,7,2010_17_MIA_NE
2010,17,2011-01-02,TB,NO,-9.5,-7.0,13,23,2010_17_TB_NO
2010,17,2011-01-02,BUF,NYJ,-1.0,-1.0,38,7,2010_17_BUF_NYJ
2010,17,2011-01-02,DAL,PHI,-2.5,2.5,13,14,2010_17_DAL_PHI
2010,17,2011-01-02,LA,SEA,0.0,3.0,16,6,2010_17_STL_SEA
2010,17,2011-01-02,ARI,SF,-7.0,-5.5,38,7,2010_17_ARI_SF
2010,17,2011-01-02,NYG,WAS,4.0,4.5,14,17,2010_17_NYG_WAS
2011,1,2011-09-08,NO,GB,-4.5,-5.0,42,34,2011_01_NO_GB
2011,1,2011-09-11,CAR,ARI,-5.5,-7.0,28,21,2011_01_CAR_ARI
2011,1,2011-09-11,PIT,BAL,-2.5,-1.5,35,7,2011_01_PIT_BAL
2011,1,2011-09-11,ATL,CHI,2.5,2.0,30,12,2011_01_ATL_CHI
2011,1,2011-09-11,CIN,CLE,-4.5,-7.0,17,27,2011_01_CIN_CLE
2011,1,2011-09-11,IND,HOU,-3.0,-9.0,34,7,2011_01_IND_HOU
2011,1,2011-09-11,TEN,JAX,-3.0,1.0,16,14,2011_01_TEN_JAX
2011,1,2011-09-11,BUF,KC,-6.5,-4.0,7,41,2011_01_BUF_KC
2011,1,2011-09-11,PHI,LA,5.0,3.5,13,31,2011_01_PHI_STL
2011,1,2011-09-11,MIN,LAC,-8.5,-9.0,24,17,2011_01_MIN_SD
2011,1,2011-09-11,DAL,NYJ,-4.5,-6.5,27,24,2011_01_DAL_NYJ
2011,1,2011-09-11,SEA,SF,-5.0,-6.0,33,17,2011_01_SEA_SF
2011,1,2011-09-11,DET,TB,-3.0,-1.5,20,27,2011_01_DET_TB
2011,1,2011-09-11,NYG,WAS,3.5,1.5,28,14,2011_01_NYG_WAS
2011,1,2011-09-12,LV,DEN,0.0,-3.0,20,23,2011_01_OAK_DEN
2011,1,2011-09-12,NE,MIA,5.5,7.0,24,38,2011_01_NE_MIA
2011,2,2011-09-18,PHI,ATL,2.5,2.5,35,31,2011_02_PHI_ATL
2011,2,2011-09-18,LV,BUF,-4.0,-3.5,38,35,2011_02_OAK_BUF
2011,2,2011-09-18,GB,CAR,10.5,10.5,23,30,2011_02_GB_CAR
2011,2,2011-09-18,CIN,DEN,-6.0,-3.0,24,22,2011_02_CIN_DEN
2011,2,2011-09-18,KC,DET,-8.5,-8.0,48,3,2011_02_KC_DET
2011,2,2011-09-18,CLE,IND,3.0,1.5,19,27,2011_02_CLE_IND
2011,2,2011-09-18,HOU,MIA,3.0,3.0,13,23,2011_02_HOU_MIA
2011,2,2011-09-18,TB,MIN,-3.0,-1.0,20,24,2011_02_TB_MIN
2011,2,2011-09-18,LAC,NE,-6.5,-6.5,35,21,2011_02_SD_NE
2011,2,2011-09-18,CHI,NO,-6.5,-5.0,30,13,2011_02_CHI_NO
2011,2,2011-09-18,JAX,NYJ,-10.0,-9.0,32,3,2011_02_JAX_NYJ
2011,2,2011-09-18,SEA,PIT,-13.5,-14.0,24,0,2011_02_SEA_PIT
2011,2,2011-09-18,DAL,SF,3.0,3.0,24,27,2011_02_DAL_SF
2011,2,2011-09-18,BAL,TEN,6.0,5.5,26,13,2011_02_BAL_TEN
2011,2,2011-09-18,ARI,WAS,-4.5,-4.5,22,21,2011_02_ARI_WAS
2011,2,2011-09-19,LA,NYG,-3.5,-7.0,28,16,2011_02_STL_NYG
2011,3,2011-09-25,NE,BUF,9.0,7.0,34,31,2011_03_NE_BUF
2011,3,2011-09-25,JAX,CAR,-3.5,-3.5,16,10,2011_03_JAX_CAR
2011,3,2011-09-25,GB,CHI,4.0,4.5,17,27,2011_03_GB_CHI
2011,3,2011-09-25,SF,CIN,-1.0,-1.0,8,13,2011_03_SF_CIN
2011,3,2011-09-25,MIA,CLE,-1.0,1.5,17,16,2011_03_MIA_CLE
2011,3,2011-09-25,PIT,IND,11.0,11.0,20,23,2011_03_PIT_IND
2011,3,2011-09-25,BAL,LA,3.5,6.0,7,37,2011_03_BAL_STL
2011,3,2011-09-25,KC,LAC,-15.0,-14.0,20,17,2011_03_KC_SD
2011,3,2011-09-25,NYJ,LV,3.5,2.5,34,24,2011_03_NYJ_OAK
2011,3,2011-09-25,DET,MIN,4.0,3.0,23,26,2011_03_DET_MIN
2011,3,2011-09-25,HOU,NO,-5.5,-3.5,40,33,2011_03_HOU_NO
2011,3,2011-09-25,NYG,PHI,-9.0,-8.0,16,29,2011_03_NYG_PHI
2011,3,2011-09-25,ARI,SEA,3.0,3.0,13,10,2011_03_ARI_SEA
2011,3,2011-09-25,ATL,TB,1.0,-1.0,16,13,2011_03_ATL_TB
2011,3,2011-09-25,DEN,TEN,-4.5,-7.0,17,14,2011_03_DEN_TEN
2011,3,2011-09-26,WAS,DAL,-4.5,-3.5,18,16,2011_03_WAS_DAL
2011,4,2011-10-02,NYG,ARI,3.0,1.5,27,31,2011_04_NYG_ARI
2011,4,2011-10-02,NYJ,BAL,-4.5,-5.0,34,17,2011_04_NYJ_BAL
2011,4,2011-10-02,CAR,CHI,-6.5,-7.0,34,29,2011_04_CAR_CHI
2011,4,2011-10-02,BUF,CIN,3.0,3.0,23,20,2011_04_BUF_CIN
2011,4,2011-10-02,TEN,CLE,-1.5,-1.5,13,31,2011_04_TEN_CLE
2011,4,2011-10-02,DET,DAL,-3.0,-2.5,30,34,2011_04_DET_DAL
2011,4,2011-10-02,DEN,GB,-13.0,-12.5,49,23,2011_04_DEN_GB
2011,4,2011-10-02,PIT,HOU,-3.0,-4.0,17,10,2011_04_PIT_HOU
2011,4,2011-10-02,NO,JAX,8.0,8.5,10,23,2011_04_NO_JAX
2011,4,2011-10-02,MIN,KC,1.5,3.0,22,17,2011_04_MIN_KC
2011,4,2011-10-02,WAS,LA,1.5,3.0,10,17,2011_04_WAS_STL
2011,4,2011-10-02,MIA,LAC,-9.0,-6.5,26,16,2011_04_MIA_SD
2011,4,2011-10-02,NE,LV,6.0,6.5,19,31,2011_04_NE_OAK
2011,4,2011-10-02,SF,PHI,-8.5,-10.0,23,24,2011_04_SF_PHI
2011,4,2011-10-02,ATL,SEA,4.0,6.0,28,30,2011_04_ATL_SEA
2011,4,2011-10-03,IND,TB,-10.0,-10.0,24,17,2011_04_IND_TB
2011,5,2011-10-09,GB,ATL,4.5,6.0,14,25,2011_05_GB_ATL
2011,5,2011-10-09,PHI,BUF,3.0,3.0,31,24,2011_05_PHI_BUF
2011,5,2011-10-09,NO,CAR,7.0,6.5,27,30,2011_05_NO_CAR
2011,5,2011-10-09,LAC,DEN,6.0,3.5,24,29,2011_05_SD_DEN
2011,5,2011-10-09,LV,HOU,-7.0,-4.5,20,25,2011_05_OAK_HOU
2011,5,2011-10-09,KC,IND,-1.0,-1.5,24,28,2011_05_KC_IND
2011,5,2011-10-09,CIN,JAX,-1.5,2.5,20,30,2011_05_CIN_JAX
2011,5,2011-10-09,ARI,MIN,-3.0,-3.5,34,10,2011_05_ARI_MIN
2011,5,2011-10-09,NYJ,NE,-9.5,-7.5,30,21,2011_05_NYJ_NE
2011,5,2011-10-09,SEA,NYG,-10.0,-10.0,25,36,2011_05_SEA_NYG
2011,5,2011-10-09,TEN,PIT,-3.5,-3.5,38,17,2011_05_TEN_PIT
2011,5,2011-10-09,TB,SF,-1.5,-3.0,48,3,2011_05_TB_SF
2011,5,2011-10-10,CHI,DET,-6.0,-6.5,24,13,2011_05_CHI_DET
2011,6,2011-10-16,CAR,ATL,-5.5,-3.5,31,17,2011_06_CAR_ATL
2011,6,2011-10-16,HOU,BAL,-7.0,-7.0,29,14,2011_06_HOU_BAL
2011,6,2011-10-16,MIN,CHI,-3.0,-2.5,39,10,2011_06_MIN_CHI
2011,6,2011-10-16,IND,CIN,-6.0,-4.5,27,17,2011_06_IND_CIN
2011,6,2011-10-16,SF,DET,-6.0,-5.0,19,25,2011_06_SF_DET
2011,6,2011-10-16,LA,GB,-10.5,-14.0,24,3,2011_06_STL_GB
2011,6,2011-10-16,CLE,LV,-3.0,-7.0,24,17,2011_06_CLE_OAK
2011,6,2011-10-16,DAL,NE,-6.5,-6.5,20,16,2011_06_DAL_NE
2011,6,2011-10-16,BUF,NYG,-2.0,-3.0,27,24,2011_06_BUF_NYG
2011,6,2011-10-16,JAX,PIT,-9.5,-12.5,17,13,2011_06_JAX_PIT
2011,6,2011-10-16,NO,TB,3.5,6.5,26,20,2011_06_NO_TB
2011,6,2011-10-16,PHI,WAS,-3.0,3.0,13,20,2011_06_PHI_WAS
2011,6,2011-10-17,MIA,NYJ,-6.0,-7.0,24,6,2011_06_MIA_NYJ
2011,7,2011-10-23,PIT,ARI,4.0,4.0,20,32,2011_07_PIT_ARI
2011,7,2011-10-23,WAS,CAR,-3.0,-2.5,33,20,2011_07_WAS_CAR
2011,7,2011-10-23,SEA,CLE,-3.0,-3.0,6,3,2011_07_SEA_CLE
2011,7,2011-10-23,LA,DAL,-10.5,-14.0,34,7,2011_07_STL_DAL
2011,7,2011-10-23,ATL,DET,-4.5,-4.5,16,23,2011_07_ATL_DET
2011,7,2011-10-23,KC,LV,-3.5,-3.5,0,28,2011_07_KC_OAK
2011,7,2011-10-23,DEN,MIA,-3.0,1.0,15,18,2011_07_DEN_MIA
2011,7,2011-10-23,GB,MIN,9.5,10.0,27,33,2011_07_GB_MIN
2011,7,2011-10-23,IND,NO,-14.0,-13.5,62,7,2011_07_IND_NO
2011,7,2011-10-23,LAC,NYJ,-1.0,1.0,27,21,2011_07_SD_NYJ
2011,7,2011-10-23,CHI,TB,-1.5,1.5,18,24,2011_07_CHI_TB
2011,7,2011-10-23,HOU,TEN,-3.0,-2.5,7,41,2011_07_HOU_TEN
2011,7,2011-10-24,BAL,JAX,9.0,10.0,12,7,2011_07_BAL_JAX
2011,8,2011-10-30,ARI,BAL,-13.0,-11.5,30,27,2011_08_ARI_BAL
2011,8,2011-10-30,WAS,BUF,-4.0,-4.0,23,0,2011_08_WAS_BUF
2011,8,2011-10-30,MIN,CAR,-4.0,-3.0,21,24,2011_08_MIN_CAR
2011,8,2011-10-30,DET,DEN,3.0,3.0,10,45,2011_08_DET_DEN
2011,8,2011-10-30,JAX,HOU,-9.5,-10.0,24,14,2011_08_JAX_HOU
2011,8,2011-10-30,NO,LA,13.0,13.5,31,21,2011_08_NO_STL
2011,8,2011-10-30,MIA,NYG,-10.0,-9.5,20,17,2011_08_MIA_NYG
2011,8,2011-10-30,DAL,PHI,-3.5,-3.0,34,7,2011_08_DAL_PHI
2011,8,2011-10-30,NE,PIT,2.5,3.0,25,17,2011_08_NE_PIT
2011,8,2011-10-30,CIN,SEA,2.5,1.5,12,34,2011_08_CIN_SEA
2011,8,2011-10-30,CLE,SF,-9.5,-9.0,20,10,2011_08_CLE_SF
2011,8,2011-10-30,IND,TEN,-9.5,-7.5,27,10,2011_08_IND_TEN
2011,8,2011-10-31,LAC,KC,3.5,3.0,23,20,2011_08_SD_KC
2011,9,2011-11-06,LA,ARI,-3.5,-1.0,19,13,2011_09_STL_ARI
2011,9,2011-11-06,NYJ,BUF,-1.0,-2.5,11,27,2011_09_NYJ_BUF
2011,9,2011-11-06,SEA,DAL,-12.5,-10.5,23,13,2011_09_SEA_DAL
2011,9,2011-11-06,CLE,HOU,-10.5,-10.5,30,12,2011_09_CLE_HOU
2011,9,2011-11-06,ATL,IND,7.0,7.0,7,31,2011_09_ATL_IND
2011,9,2011-11-06,MIA,KC,-5.0,-5.5,3,31,2011_09_MIA_KC
2011,9,2011-11-06,GB,LAC,6.0,6.0,38,45,2011_09_GB_SD
2011,9,2011-11-06,DEN,LV,-7.0,-7.0,24,38,2011_09_DEN_OAK
2011,9,2011-11-06,NYG,NE,-9.0,-9.5,20,24,2011_09_NYG_NE
2011,9,2011-11-06,TB,NO,-9.0,-8.5,27,16,2011_09_TB_NO
2011,9,2011-11-06,BAL,PIT,-3.5,-3.5,20,23,2011_09_BAL_PIT
2011,9,2011-11-06,CIN,TEN,-3.0,-2.5,17,24,2011_09_CIN_TEN
2011,9,2011-11-06,SF,WAS,3.5,5.0,11,19,2011_09_SF_WAS
2011,9,2011-11-07,CHI,PHI,-7.0,-8.0,24,30,2011_09_CHI_PHI
2011,10,2011-11-10,LV,LAC,-6.5,-7.0,17,24,2011_10_OAK_SD
2011,10,2011-11-13,NO,ATL,1.0,-1.0,23,26,2011_10_NO_ATL
2011,10,2011-11-13,TEN,CAR,-3.5,-3.5,3,30,2011_10_TEN_CAR
2011,10,2011-11-13,DET,CHI,-1.0,-3.0,37,13,2011_10_DET_CHI
2011,10,2011-11-13,PIT,CIN,3.0,4.0,17,24,2011_10_PIT_CIN
2011,10,2011-11-13,LA,CLE,-1.5,-3.0,12,13,2011_10_STL_CLE
2011,10,2011-11-13,BUF,DAL,-6.0,-4.5,44,7,2011_10_BUF_DAL
2011,10,2011-11-13,JAX,IND,3.0,3.0,3,17,2011_10_JAX_IND
2011,10,2011-11-13,DEN,KC,-3.5,-3.0,10,17,2011_10_DEN_KC
2011,10,2011-11-13,WAS,MIA,-4.0,-4.0,20,9,2011_10_WAS_MIA
2011,10,2011-11-13,NE,NYJ,-1.0,-2.5,16,37,2011_10_NE_NYJ
2011,10,2011-11-13,ARI,PHI,-15.0,-13.0,17,21,2011_10_ARI_PHI
2011,10,2011-11-13,BAL,SEA,7.0,7.0,22,17,2011_10_BAL_SEA
2011,10,2011-11-13,NYG,SF,-3.5,-4.0,27,20,2011_10_NYG_SF
2011,10,2011-11-13,HOU,TB,3.5,4.0,9,37,2011_10_HOU_TB
2011,10,2011-11-14,MIN,GB,-13.5,-13.0,45,7,2011_10_MIN_GB
2011,11,2011-11-17,NYJ,DEN,5.0,6.5,17,13,2011_11_NYJ_DEN
2011,11,2011-11-20,TEN,ATL,-6.5,-6.0,23,17,2011_11_TEN_ATL
2011,11,2011-11-20,CIN,BAL,-9.0,-7.0,31,24,2011_11_CIN_BAL
2011,11,2011-11-20,LAC,CHI,-4.0,-4.5,31,20,2011_11_SD_CHI
2011,11,2011-11-20,JAX,CLE,-1.0,-1.5,14,10,2011_11_JAX_CLE
2011,11,2011-11-20,CAR,DET,-7.0,-7.0,49,35,2011_11_CAR_DET
2011,11,2011-11-20,TB,GB,-13.0,-13.5,35,26,2011_11_TB_GB
2011,11,2011-11-20,SEA,LA,-3.0,-3.0,7,24,2011_11_SEA_STL
2011,11,2011-11-20,BUF,MIA,-1.0,-3.0,35,8,2011_11_BUF_MIA
2011,11,2011-11-20,LV,MIN,-1.0,-2.0,21,27,2011_11_OAK_MIN
2011,11,2011-11-20,PHI,NYG,-3.5,-6.0,10,17,2011_11_PHI_NYG
2011,11,2011-11-20,ARI,SF,-10.0,-10.0,23,7,2011_11_ARI_SF
2011,11,2011-11-20,DAL,WAS,9.0,7.0,24,27,2011_11_DAL_WAS
2011,11,2011-11-21,KC,NE,-14.5,-17.0,34,3,2011_11_KC_NE
2011,12,2011-11-24,SF,BAL,-4.5,-3.5,16,6,2011_12_SF_BAL
2011,12,2011-11-24,MIA,DAL,-9.0,-7.0,20,19,2011_12_MIA_DAL
2011,12,2011-11-24,GB,DET,7.0,4.0,15,27,2011_12_GB_DET
2011,12,2011-11-27,MIN,ATL,-9.0,-10.0,24,14,2011_12_MIN_ATL
2011,12,2011-11-27,CLE,CIN,-7.0,-6.5,23,20,2011_12_CLE_CIN
2011,12,2011-11-27,CAR,IND,3.5,3.5,19,27,2011_12_CAR_IND
2011,12,2011-11-27,HOU,JAX,3.5,6.5,13,20,2011_12_HOU_JAX
2011,12,2011-11-27,PIT,KC,10.5,10.5,9,13,2011_12_PIT_KC
2011,12,2011-11-27,ARI,LA,-3.0,-2.5,20,23,2011_12_ARI_STL
2011,12,2011-11-27,DEN,LAC,-6.5,-4.5,13,16,2011_12_DEN_SD
2011,12,2011-11-27,CHI,LV,1.0,-3.0,25,20,2011_12_CHI_OAK
2011,12,2011-11-27,BUF,NYJ,-9.0,-9.5,28,24,2011_12_BUF_NYJ
2011,12,2011-11-27,NE,PHI,3.0,3.0,20,38,2011_12_NE_PHI
2011,12,2011-11-27,WAS,SEA,-5.0,-3.0,17,23,2011_12_WAS_SEA
2011,12,2011-11-27,TB,TEN,-3.5,-3.0,23,17,2011_12_TB_TEN
2011,12,2011-11-28,NYG,NO,-6.5,-7.0,49,24,2011_12_NYG_NO
2011,13,2011-12-01,PHI,SEA,3.0,3.0,31,14,2011_13_PHI_SEA
2011,13,2011-12-04,DAL,ARI,6.0,4.5,19,13,2011_13_DAL_ARI
2011,13,2011-12-04,TEN,BUF,-1.5,-1.0,17,23,2011_13_TEN_BUF
2011,13,2011-12-04,KC,CHI,-9.0,-8.5,3,10,2011_13_KC_CHI
2011,13,2011-12-04,BAL,CLE,6.5,7.0,10,24,2011_13_BAL_CLE
2011,13,2011-12-04,ATL,HOU,1.0,2.0,17,10,2011_13_ATL_HOU
2011,13,2011-12-04,LV,MIA,-1.0,-3.0,34,14,2011_13_OAK_MIA
2011,13,2011-12-04,DEN,MIN,-1.0,1.0,32,35,2011_13_DEN_MIN
2011,13,2011-12-04,IND,NE,-21.0,-20.5,31,24,2011_13_IND_NE
2011,13,2011-12-04,DET,NO,-9.0,-9.0,31,17,2011_13_DET_NO
2011,13,2011-12-04,GB,NYG,7.0,7.0,35,38,2011_13_GB_NYG
2011,13,2011-12-04,CIN,PIT,-7.0,-7.0,35,7,2011_13_CIN_PIT
2011,13,2011-12-04,LA,SF,-13.5,-14.0,26,0,2011_13_STL_SF
2011,13,2011-12-04,CAR,TB,-3.5,1.0,19,38,2011_13_CAR_TB
2011,13,2011-12-04,NYJ,WAS,3.0,3.0,19,34,2011_13_NYJ_WAS
2011,13,2011-12-05,LAC,JAX,1.5,3.0,14,38,2011_13_SD_JAX
2011,14,2011-12-08,CLE,PIT,-14.0,-14.0,14,3,2011_14_CLE_PIT
2011,14,2011-12-11,SF,ARI,4.0,3.5,21,19,2011_14_SF_ARI
2011,14,2011-12-11,IND,BAL,-15.0,-16.0,24,10,2011_14_IND_BAL
2011,14,2011-12-11,ATL,CAR,3.0,3.0,23,31,2011_14_ATL_CAR
2011,14,2011-12-11,HOU,CIN,-1.0,-2.5,19,20,2011_14_HOU_CIN
2011,14,2011-12-11,NYG,DAL,-4.0,-4.5,34,37,2011_14_NYG_DAL
2011,14,2011-12-11,CHI,DEN,-3.0,-3.0,13,10,2011_14_CHI_DEN
2011,14,2011-12-11,MIN,DET,-10.0,-10.0,34,28,2011_14_MIN_DET
2011,14,2011-12-11,LV,GB,-12.0,-12.0,46,16,2011_14_OAK_GB
2011,14,2011-12-11,TB,JAX,2.0,3.0,41,14,2011_14_TB_JAX
2011,14,2011-12-11,BUF,LAC,-6.5,-7.0,37,10,2011_14_BUF_SD
2011,14,2011-12-11,PHI,MIA,-3.0,-3.0,10,26,2011_14_PHI_MIA
2011,14,2011-12-11,KC,NYJ,-9.0,-10.5,37,10,2011_14_KC_NYJ
2011,14,2011-12-11,NO,TEN,4.0,3.5,17,22,2011_14_NO_TEN
2011,14,2011-12-11,NE,WAS,9.0,7.5,27,34,2011_14_NE_WAS
2011,14,2011-12-12,LA,SEA,-9.5,-8.5,30,13,2011_14_STL_SEA
2011,15,2011-12-15,JAX,ATL,-11.0,-13.5,41,14,2011_15_JAX_ATL
2011,15,2011-12-17,DAL,TB,6.0,7.5,15,31,2011_15_DAL_TB
2011,15,2011-12-18,CLE,ARI,-6.5,-6.0,20,17,2011_15_CLE_ARI
2011,15,2011-12-18,MIA,BUF,-1.0,1.0,23,30,2011_15_MIA_BUF
2011,15,2011-12-18,SEA,CHI,-4.0,-3.5,14,38,2011_15_SEA_CHI
2011,15,2011-12-18,NE,DEN,5.0,7.0,23,41,2011_15_NE_DEN
2011,15,2011-12-18,CAR,HOU,-6.5,-5.0,13,28,2011_15_CAR_HOU
2011,15,2011-12-18,TEN,IND,6.5,6.5,27,13,2011_15_TEN_IND
2011,15,2011-12-18,GB,KC,14.0,11.0,19,14,2011_15_GB_KC
2011,15,2011-12-18,CIN,LA,6.5,7.0,13,20,2011_15_CIN_STL
2011,15,2011-12-18,BAL,LAC,1.0,1.0,34,14,2011_15_BAL_SD
2011,15,2011-12-18,DET,LV,-1.0,3.0,27,28,2011_15_DET_OAK
2011,15,2011-12-18,NO,MIN,7.0,7.0,20,42,2011_15_NO_MIN
2011,15,2011-12-18,WAS,NYG,-7.0,-6.0,10,23,2011_15_WAS_NYG
2011,15,2011-12-18,NYJ,PHI,-2.0,-3.0,45,19,2011_15_NYJ_PHI
2011,15,2011-12-19,PIT,SF,-1.0,-3.0,20,3,2011_15_PIT_SF
2011,16,2011-12-22,HOU,IND,6.5,7.0,19,16,2011_16_HOU_IND
2011,16,2011-12-24,CLE,BAL,-13.5,-11.0,20,14,2011_16_CLE_BAL
2011,16,2011-12-24,DEN,BUF,3.0,3.0,40,14,2011_16_DEN_BUF
2011,16,2011-12-24,TB,CAR,-7.0,-7.5,48,16,2011_16_TB_CAR
2011,16,2011-12-24,ARI,CIN,-4.5,-4.0,23,16,2011_16_ARI_CIN
2011,16,2011-12-24,PHI,DAL,-3.0,2.5,7,20,2011_16_PHI_DAL
2011,16,2011-12-24,LAC,DET,-1.5,1.0,38,10,2011_16_SD_DET
2011,16,2011-12-24,LV,KC,-1.0,-3.0,13,16,2011_16_OAK_KC
2011,16,2011-12-24,MIA,NE,-10.5,-7.0,27,24,2011_16_MIA_NE
2011,16,2011-12-24,NYG,NYJ,-3.0,-3.0,14,29,2011_16_NYG_NYJ
2011,16,2011-12-24,LA,PIT,-16.0,-10.0,27,0,2011_16_STL_PIT
2011,16,2011-12-24,SF,SEA,1.5,2.5,17,19,2011_16_SF_SEA
2011,16,2011-12-24,JAX,TEN,-9.5,-8.0,23,17,2011_16_JAX_TEN
2011,16,2011-12-24,MIN,WAS,-6.0,-6.0,26,33,2011_16_MIN_WAS
2011,16,2011-12-25,CHI,GB,-12.5,-13.5,35,21,2011_16_CHI_GB
2011,16,2011-12-26,ATL,NO,-6.5,-7.0,45,16,2011_16_ATL_NO
2011,17,2012-01-01,SEA,ARI,-3.0,-2.5,23,20,2011_17_SEA_ARI
2011,17,2012-01-01,TB,ATL,-13.5,-10.0,45,24,2011_17_TB_ATL
2011,17,2012-01-01,BAL,CIN,3.0,3.0,16,24,2011_17_BAL_CIN
2011,17,2012-01-01,PIT,CLE,7.0,7.0,9,13,2011_17_PIT_CLE
2011,17,2012-01-01,KC,DEN,-3.5,-2.0,3,7,2011_17_KC_DEN
2011,17,2012-01-01,DET,GB,3.5,6.5,45,41,2011_17_DET_GB
2011,17,2012-01-01,TEN,HOU,1.0,2.5,22,23,2011_17_TEN_HOU
2011,17,2012-01-01,IND,JAX,-5.0,-3.0,19,13,2011_17_IND_JAX
2011,17,2012-01-01,SF,LA,10.5,12.5,27,34,2011_17_SF_STL
2011,17,2012-01-01,LAC,LV,-3.0,-2.5,26,38,2011_17_SD_OAK
2011,17,2012-01-01,NYJ,MIA,-1.0,-2.0,19,17,2011_17_NYJ_MIA
2011,17,2012-01-01,CHI,MIN,1.0,-2.5,13,17,2011_17_CHI_MIN
2011,17,2012-01-01,BUF,NE,-13.0,-10.5,49,21,2011_17_BUF_NE
2011,17,2012-01-01,CAR,NO,-9.5,-7.0,45,17,2011_17_CAR_NO
2011,17,2012-01-01,DAL,NYG,-1.0,-3.0,31,14,2011_17_DAL_NYG
2011,17,2012-01-01,WAS,PHI,-10.0,-7.0,34,10,2011_17_WAS_PHI
2012,1,2012-09-05,DAL,NYG,-3.5,-3.5,17,24,2012_01_DAL_NYG
2012,1,2012-09-09,SEA,ARI,0.0,3.0,20,16,2012_01_SEA_ARI
2012,1,2012-09-09,IND,CHI,-11.0,-10.0,41,21,2012_01_IND_CHI
2012,1,2012-09-09,PHI,CLE,8.0,9.0,16,17,2012_01_PHI_CLE
2012,1,2012-09-09,PIT,DEN,-2.5,-1.5,31,19,2012_01_PIT_DEN
2012,1,2012-09-09,LA,DET,-10.0,-8.5,27,23,2012_01_STL_DET
2012,1,2012-09-09,SF,GB,-7.5,-6.0,22,30,2012_01_SF_GB
2012,1,2012-09-09,MIA,HOU,-7.5,-13.0,30,10,2012_01_MIA_HOU
2012,1,2012-09-09,ATL,KC,0.0,2.5,24,40,2012_01_ATL_KC
2012,1,2012-09-09,JAX,MIN,-4.5,-3.5,26,23,2012_01_JAX_MIN
2012,1,2012-09-09,WAS,NO,-10.0,-8.5,32,40,2012_01_WAS_NO
2012,1,2012-09-09,BUF,NYJ,-4.5,-3.0,48,28,2012_01_BUF_NYJ
2012,1,2012-09-09,CAR,TB,2.5,3.0,16,10,2012_01_CAR_TB
2012,1,2012-09-09,NE,TEN,7.5,5.0,13,34,2012_01_NE_TEN
2012,1,2012-09-10,CIN,BAL,-7.0,-7.0,44,13,2012_01_CIN_BAL
2012,1,2012-09-10,LAC,LV,0.0,-1.0,14,22,2012_01_SD_OAK
2012,2,2012-09-13,CHI,GB,-5.0,-5.0,23,10,2012_02_CHI_GB
2012,2,2012-09-16,KC,BUF,-3.5,-3.0,35,17,2012_02_KC_BUF
2012,2,2012-09-16,NO,CAR,2.5,3.0,35,27,2012_02_NO_CAR
2012,2,2012-09-16,CLE,CIN,-8.0,-7.0,34,27,2012_02_CLE_CIN
2012,2,2012-09-16,MIN,IND,0.0,3.0,23,20,2012_02_MIN_IND
2012,2,2012-09-16,HOU,JAX,9.0,6.5,7,27,2012_02_HOU_JAX
2012,2,2012-09-16,WAS,LA,3.0,4.0,31,28,2012_02_WAS_STL
2012,2,2012-09-16,TEN,LAC,-7.0,-6.5,38,10,2012_02_TEN_SD
2012,2,2012-09-16,LV,MIA,1.0,1.5,35,13,2012_02_OAK_MIA
2012,2,2012-09-16,ARI,NE,-14.5,-13.5,18,20,2012_02_ARI_NE
2012,2,2012-09-16,TB,NYG,-9.0,-7.5,41,34,2012_02_TB_NYG
2012,2,2012-09-16,BAL,PHI,-1.0,-3.0,24,23,2012_02_BAL_PHI
2012,2,2012-09-16,NYJ,PIT,-7.0,-4.5,27,10,2012_02_NYJ_PIT
2012,2,2012-09-16,DAL,SEA,2.5,3.0,27,7,2012_02_DAL_SEA
2012,2,2012-09-16,DET,SF,-7.0,-7.0,27,19,2012_02_DET_SF
2012,2,2012-09-17,DEN,ATL,-3.5,-3.0,27,21,2012_02_DEN_ATL
2012,3,2012-09-20,NYG,CAR,1.0,-3.0,7,36,2012_03_NYG_CAR
2012,3,2012-09-23,PHI,ARI,4.0,3.0,27,6,2012_03_PHI_ARI
2012,3,2012-09-23,NE,BAL,-3.0,-3.0,31,30,2012_03_NE_BAL
2012,3,2012-09-23,LA,CHI,-9.5,-7.0,23,6,2012_03_STL_CHI
2012,3,2012-09-23,BUF,CLE,3.0,3.0,14,24,2012_03_BUF_CLE
2012,3,2012-09-23,TB,DAL,-8.0,-7.5,16,10,2012_03_TB_DAL
2012,3,2012-09-23,HOU,DEN,0.0,1.5,25,31,2012_03_HOU_DEN
2012,3,2012-09-23,JAX,IND,-3.0,-3.0,17,22,2012_03_JAX_IND
2012,3,2012-09-23,ATL,LAC,-3.0,-3.0,3,27,2012_03_ATL_SD
2012,3,2012-09-23,PIT,LV,4.5,3.5,34,31,2012_03_PIT_OAK
2012,3,2012-09-23,NYJ,MIA,3.0,2.5,20,23,2012_03_NYJ_MIA
2012,3,2012-09-23,SF,MIN,7.0,7.0,24,13,2012_03_SF_MIN
2012,3,2012-09-23,KC,NO,-9.5,-9.0,24,27,2012_03_KC_NO
2012,3,2012-09-23,DET,TEN,2.5,4.0,44,41,2012_03_DET_TEN
2012,3,2012-09-23,CIN,WAS,-4.0,-3.0,31,38,2012_03_CIN_WAS
2012,3,2012-09-24,GB,SEA,3.5,3.0,14,12,2012_03_GB_SEA
2012,4,2012-09-27,CLE,BAL,-12.0,-11.0,23,16,2012_04_CLE_BAL
2012,4,2012-09-30,MIA,ARI,-6.5,-4.0,24,21,2012_04_MIA_ARI
2012,4,2012-09-30,CAR,ATL,-9.0,-7.0,30,28,2012_04_CAR_ATL
2012,4,2012-09-30,NE,BUF,7.0,3.5,28,52,2012_04_NE_BUF
2012,4,2012-09-30,LV,DEN,-5.5,-6.5,37,6,2012_04_OAK_DEN
2012,4,2012-09-30,MIN,DET,-4.5,-3.5,13,20,2012_04_MIN_DET
2012,4,2012-09-30,NO,GB,-9.0,-7.5,28,27,2012_04_NO_GB
2012,4,2012-09-30,TEN,HOU,-12.5,-13.0,38,14,2012_04_TEN_HOU
2012,4,2012-09-30,CIN,JAX,0.0,-1.0,10,27,2012_04_CIN_JAX
2012,4,2012-09-30,LAC,KC,0.0,2.5,20,37,2012_04_SD_KC
2012,4,2012-09-30,SEA,LA,1.0,2.5,19,13,2012_04_SEA_STL
2012,4,2012-09-30,SF,NYJ,3.5,4.0,0,34,2012_04_SF_NYJ
2012,4,2012-09-30,NYG,PHI,-1.0,-2.0,19,17,2012_04_NYG_PHI
2012,4,2012-09-30,WAS,TB,-3.0,-2.0,22,24,2012_04_WAS_TB
2012,4,2012-10-01,CHI,DAL,-3.5,-3.0,18,34,2012_04_CHI_DAL
2012,5,2012-10-04,ARI,LA,1.0,1.5,17,3,2012_05_ARI_STL
2012,5,2012-10-07,SEA,CAR,-3.0,-1.5,12,16,2012_05_SEA_CAR
2012,5,2012-10-07,MIA,CIN,-5.0,-3.0,13,17,2012_05_MIA_CIN
2012,5,2012-10-07,GB,IND,7.5,6.5,30,27,2012_05_GB_IND
2012,5,2012-10-07,CHI,JAX,4.0,6.5,3,41,2012_05_CHI_JAX
2012,5,2012-10-07,BAL,KC,4.5,6.0,6,9,2012_05_BAL_KC
2012,5,2012-10-07,TEN,MIN,-5.5,-6.0,30,7,2012_05_TEN_MIN
2012,5,2012-10-07,DEN,NE,-7.5,-6.0,31,21,2012_05_DEN_NE
2012,5,2012-10-07,LAC,NO,-3.0,-3.5,31,24,2012_05_SD_NO
2012,5,2012-10-07,CLE,NYG,-11.0,-8.0,41,27,2012_05_CLE_NYG
2012,5,2012-10-07,PHI,PIT,-3.5,-4.0,16,14,2012_05_PHI_PIT
2012,5,2012-10-07,BUF,SF,-10.0,-10.0,45,3,2012_05_BUF_SF
2012,5,2012-10-07,ATL,WAS,3.0,3.0,17,24,2012_05_ATL_WAS
2012,5,2012-10-08,HOU,NYJ,9.0,9.5,17,23,2012_05_HOU_NYJ
2012,6,2012-10-11,PIT,TEN,6.5,6.0,26,23,2012_06_PIT_TEN
2012,6,2012-10-14,BUF,ARI,-4.5,-5.0,16,19,2012_06_BUF_ARI
2012,6,2012-10-14,LV,ATL,-9.5,-10.0,23,20,2012_06_OAK_ATL
2012,6,2012-10-14,DAL,BAL,-4.0,-3.0,31,29,2012_06_DAL_BAL
2012,6,2012-10-14,CIN,CLE,1.0,1.5,34,24,2012_06_CIN_CLE
2012,6,2012-10-14,GB,HOU,-4.5,-4.0,24,42,2012_06_GB_HOU
2012,6,2012-10-14,LA,MIA,-3.5,-5.5,17,14,2012_06_STL_MIA
2012,6,2012-10-14,IND,NYJ,-3.5,-3.5,35,9,2012_06_IND_NYJ
2012,6,2012-10-14,DET,PHI,-5.5,-3.5,23,26,2012_06_DET_PHI
2012,6,2012-10-14,NE,SEA,4.0,4.0,24,23,2012_06_NE_SEA
2012,6,2012-10-14,NYG,SF,-7.0,-7.0,3,26,2012_06_NYG_SF
2012,6,2012-10-14,KC,TB,-3.5,-5.0,38,10,2012_06_KC_TB
2012,6,2012-10-14,MIN,WAS,-2.5,2.0,38,26,2012_06_MIN_WAS
2012,6,2012-10-15,DEN,LAC,-2.5,0.0,24,35,2012_06_DEN_SD
2012,7,2012-10-18,SEA,SF,-8.5,-7.5,13,6,2012_07_SEA_SF
2012,7,2012-10-21,TEN,BUF,-3.0,-4.5,34,35,2012_07_TEN_BUF
2012,7,2012-10-21,DAL,CAR,1.0,2.5,14,19,2012_07_DAL_CAR
2012,7,2012-10-21,PIT,CIN,1.0,1.0,17,24,2012_07_PIT_CIN
2012,7,2012-10-21,BAL,HOU,-4.5,-6.5,43,13,2012_07_BAL_HOU
2012,7,2012-10-21,CLE,IND,-3.0,-1.0,17,13,2012_07_CLE_IND
2012,7,2012-10-21,GB,LA,5.0,5.0,20,30,2012_07_GB_STL
2012,7,2012-10-21,JAX,LV,-4.0,-6.0,26,23,2012_07_JAX_OAK
2012,7,2012-10-21,ARI,MIN,-5.0,-7.0,21,14,2012_07_ARI_MIN
2012,7,2012-10-21,NYJ,NE,-12.5,-11.0,29,26,2012_07_NYJ_NE
2012,7,2012-10-21,WAS,NYG,-7.5,-6.5,27,23,2012_07_WAS_NYG
2012,7,2012-10-21,NO,TB,3.0,1.5,28,35,2012_07_NO_TB
2012,7,2012-10-22,DET,CHI,-6.0,-6.5,13,7,2012_07_DET_CHI
2012,8,2012-10-25,TB,MIN,-8.0,-5.5,17,36,2012_08_TB_MIN
2012,8,2012-10-28,CAR,CHI,-10.0,-7.0,23,22,2012_08_CAR_CHI
2012,8,2012-10-28,LAC,CLE,2.5,3.0,7,6,2012_08_SD_CLE
2012,8,2012-10-28,NYG,DAL,-1.0,3.0,24,29,2012_08_NYG_DAL
2012,8,2012-10-28,NO,DEN,-5.0,-6.0,34,14,2012_08_NO_DEN
2012,8,2012-10-28,SEA,DET,-2.5,-3.0,28,24,2012_08_SEA_DET
2012,8,2012-10-28,JAX,GB,-13.0,-16.0,24,15,2012_08_JAX_GB
2012,8,2012-10-28,LV,KC,-1.0,-1.0,16,26,2012_08_OAK_KC
2012,8,2012-10-28,NE,LA,8.0,7.0,7,45,2012_08_NE_STL
2012,8,2012-10-28,MIA,NYJ,-2.5,-1.0,9,30,2012_08_MIA_NYJ
2012,8,2012-10-28,ATL,PHI,-1.0,-3.0,17,30,2012_08_ATL_PHI
2012,8,2012-10-28,WAS,PIT,-4.0,-4.5,27,12,2012_08_WAS_PIT
2012,8,2012-10-28,IND,TEN,-3.0,-3.0,13,19,2012_08_IND_TEN
2012,8,2012-10-29,SF,ARI,7.5,7.0,3,24,2012_08_SF_ARI
2012,9,2012-11-01,KC,LAC,-9.0,-7.0,31,13,2012_09_KC_SD
2012,9,2012-11-04,DAL,ATL,-6.0,-4.0,19,13,2012_09_DAL_ATL
2012,9,2012-11-04,DEN,CIN,3.5,5.0,23,31,2012_09_DEN_CIN
2012,9,2012-11-04,BAL,CLE,3.0,3.5,15,25,2012_09_BAL_CLE
2012,9,2012-11-04,ARI,GB,-10.5,-10.5,31,17,2012_09_ARI_GB
2012,9,2012-11-04,BUF,HOU,-12.0,-11.0,21,9,2012_09_BUF_HOU
2012,9,2012-11-04,MIA,IND,1.0,2.5,23,20,2012_09_MIA_IND
2012,9,2012-11-04,DET,JAX,4.0,6.0,14,31,2012_09_DET_JAX
2012,9,2012-11-04,TB,LV,-1.0,-1.0,32,42,2012_09_TB_OAK
2012,9,2012-11-04,PIT,NYG,-3.5,-3.5,20,24,2012_09_PIT_NYG
2012,9,2012-11-04,MIN,SEA,-3.0,-4.5,30,20,2012_09_MIN_SEA
2012,9,2012-11-04,CHI,TEN,4.0,5.0,20,51,2012_09_CHI_TEN
2012,9,2012-11-04,CAR,WAS,-3.0,-3.0,13,21,2012_09_CAR_WAS
2012,9,2012-11-05,PHI,NO,-4.0,-2.5,28,13,2012_09_PHI_NO
2012,10,2012-11-08,IND,JAX,3.5,3.0,10,27,2012_10_IND_JAX
2012,10,2012-11-11,LV,BAL,-7.0,-7.5,55,20,2012_10_OAK_BAL
2012,10,2012-11-11,DEN,CAR,4.5,3.5,14,36,2012_10_DEN_CAR
2012,10,2012-11-11,HOU,CHI,-1.5,-1.0,6,13,2012_10_HOU_CHI
2012,10,2012-11-11,NYG,CIN,5.5,4.0,31,13,2012_10_NYG_CIN
2012,10,2012-11-11,TEN,MIA,-6.0,-7.0,3,37,2012_10_TEN_MIA
2012,10,2012-11-11,DET,MIN,-1.0,3.0,34,24,2012_10_DET_MIN
2012,10,2012-11-11,BUF,NE,-11.5,-13.5,37,31,2012_10_BUF_NE
2012,10,2012-11-11,ATL,NO,3.0,1.5,31,27,2012_10_ATL_NO
2012,10,2012-11-11,DAL,PHI,-2.0,2.5,23,38,2012_10_DAL_PHI
2012,10,2012-11-11,NYJ,SEA,-5.5,-5.0,28,7,2012_10_NYJ_SEA
2012,10,2012-11-11,LA,SF,-12.0,-13.5,24,24,2012_10_STL_SF
2012,10,2012-11-11,LAC,TB,-1.0,-3.0,34,24,2012_10_SD_TB
2012,10,2012-11-12,KC,PIT,-13.0,-12.5,16,13,2012_10_KC_PIT
2012,11,2012-11-15,MIA,BUF,-1.0,-2.5,19,14,2012_11_MIA_BUF
2012,11,2012-11-18,ARI,ATL,-10.5,-9.5,23,19,2012_11_ARI_ATL
2012,11,2012-11-18,TB,CAR,1.0,1.0,21,27,2012_11_TB_CAR
2012,11,2012-11-18,CLE,DAL,-9.5,-7.0,23,20,2012_11_CLE_DAL
2012,11,2012-11-18,LAC,DEN,-7.0,-7.5,30,23,2012_11_SD_DEN
2012,11,2012-11-18,GB,DET,3.0,3.0,20,24,2012_11_GB_DET
2012,11,2012-11-18,JAX,HOU,-16.0,-15.5,43,37,2012_11_JAX_HOU
2012,11,2012-11-18,CIN,KC,3.5,3.0,6,28,2012_11_CIN_KC
2012,11,2012-11-18,NYJ,LA,-3.0,-3.5,13,27,2012_11_NYJ_STL
2012,11,2012-11-18,NO,LV,6.5,6.0,17,38,2012_11_NO_OAK
2012,11,2012-11-18,IND,NE,-9.5,-10.0,59,24,2012_11_IND_NE
2012,11,2012-11-18,BAL,PIT,-4.0,3.0,10,13,2012_11_BAL_PIT
2012,11,2012-11-18,PHI,WAS,-3.5,-3.5,31,6,2012_11_PHI_WAS
2012,11,2012-11-19,CHI,SF,-6.5,-3.5,32,7,2012_11_CHI_SF
2012,12,2012-11-22,WAS,DAL,-4.5,-3.5,31,38,2012_12_WAS_DAL
2012,12,2012-11-22,HOU,DET,3.5,3.5,31,34,2012_12_HOU_DET
2012,12,2012-11-22,NE,NYJ,7.0,7.0,19,49,2012_12_NE_NYJ
2012,12,2012-11-25,LA,ARI,-1.0,-1.5,17,31,2012_12_STL_ARI
2012,12,2012-11-25,MIN,CHI,-6.5,-6.5,28,10,2012_12_MIN_CHI
2012,12,2012-11-25,LV,CIN,-7.0,-7.5,34,10,2012_12_OAK_CIN
2012,12,2012-11-25,PIT,CLE,1.0,1.0,20,14,2012_12_PIT_CLE
2012,12,2012-11-25,BUF,IND,-3.0,-2.0,20,13,2012_12_BUF_IND
2012,12,2012-11-25,TEN,JAX,3.0,3.5,24,19,2012_12_TEN_JAX
2012,12,2012-11-25,DEN,KC,10.0,10.5,9,17,2012_12_DEN_KC
2012,12,2012-11-25,BAL,LAC,1.0,1.0,13,16,2012_12_BAL_SD
2012,12,2012-11-25,SEA,MIA,1.0,3.0,24,21,2012_12_SEA_MIA
2012,12,2012-11-25,SF,NO,0.0,2.0,21,31,2012_12_SF_NO
2012,12,2012-11-25,GB,NYG,-1.0,-2.5,38,10,2012_12_GB_NYG
2012,12,2012-11-25,ATL,TB,0.0,1.0,23,24,2012_12_ATL_TB
2012,12,2012-11-26,CAR,PHI,1.0,3.0,22,30,2012_12_CAR_PHI
2012,13,2012-11-29,NO,ATL,-3.5,-3.5,23,13,2012_13_NO_ATL
2012,13,2012-12-02,PIT,BAL,-9.5,-7.0,20,23,2012_13_PIT_BAL
2012,13,2012-12-02,JAX,BUF,-6.0,-6.0,34,18,2012_13_JAX_BUF
2012,13,2012-12-02,SEA,CHI,-4.5,-3.0,17,23,2012_13_SEA_CHI
2012,13,2012-12-02,PHI,DAL,-9.5,-10.5,38,33,2012_13_PHI_DAL
2012,13,2012-12-02,TB,DEN,-7.0,-8.0,31,23,2012_13_TB_DEN
2012,13,2012-12-02,IND,DET,-3.5,-7.0,33,35,2012_13_IND_DET
2012,13,2012-12-02,MIN,GB,-9.5,-7.0,23,14,2012_13_MIN_GB
2012,13,2012-12-02,CAR,KC,3.0,5.5,27,21,2012_13_CAR_KC
2012,13,2012-12-02,SF,LA,9.0,7.5,16,13,2012_13_SF_STL
2012,13,2012-12-02,CIN,LAC,-1.0,-1.0,13,20,2012_13_CIN_SD
2012,13,2012-12-02,CLE,LV,-1.5,2.5,17,20,2012_13_CLE_OAK
2012,13,2012-12-02,NE,MIA,9.0,7.5,16,23,2012_13_NE_MIA
2012,13,2012-12-02,ARI,NYJ,-3.0,-6.5,7,6,2012_13_ARI_NYJ
2012,13,2012-12-02,HOU,TEN,5.5,7.0,10,24,2012_13_HOU_TEN
2012,13,2012-12-03,NYG,WAS,1.0,3.0,17,16,2012_13_NYG_WAS
2012,14,2012-12-06,DEN,LV,10.5,10.0,13,26,2012_14_DEN_OAK
2012,14,2012-12-09,LA,BUF,-3.0,-3.5,12,15,2012_14_STL_BUF
2012,14,2012-12-09,ATL,CAR,4.0,3.0,30,20,2012_14_ATL_CAR
2012,14,2012-12-09,DAL,CIN,-1.0,-3.0,19,20,2012_14_DAL_CIN
2012,14,2012-12-09,KC,CLE,-5.0,-7.0,30,7,2012_14_KC_CLE
2012,14,2012-12-09,DET,GB,-7.5,-6.0,27,20,2012_14_DET_GB
2012,14,2012-12-09,TEN,IND,-5.0,-3.5,27,23,2012_14_TEN_IND
2012,14,2012-12-09,NYJ,JAX,1.0,3.0,10,17,2012_14_NYJ_JAX
2012,14,2012-12-09,CHI,MIN,1.0,1.5,21,14,2012_14_CHI_MIN
2012,14,2012-12-09,NO,NYG,-6.0,-4.0,52,27,2012_14_NO_NYG
2012,14,2012-12-09,LAC,PIT,-7.5,-7.0,24,34,2012_14_SD_PIT
2012,14,2012-12-09,ARI,SEA,-10.5,-10.0,58,0,2012_14_ARI_SEA
2012,14,2012-12-09,MIA,SF,-10.0,-11.0,27,13,2012_14_MIA_SF
2012,14,2012-12-09,PHI,TB,-9.0,-7.0,21,23,2012_14_PHI_TB
2012,14,2012-12-09,BAL,WAS,0.0,-2.0,31,28,2012_14_BAL_WAS
2012,14,2012-12-10,HOU,NE,-4.0,-5.5,42,14,2012_14_HOU_NE
2012,15,2012-12-13,CIN,PHI,3.0,5.0,13,34,2012_15_CIN_PHI
2012,15,2012-12-16,DET,ARI,6.0,6.5,38,10,2012_15_DET_ARI
2012,15,2012-12-16,NYG,ATL,0.0,-1.0,34,0,2012_15_NYG_ATL
2012,15,2012-12-16,DEN,BAL,1.0,3.0,17,34,2012_15_DEN_BAL
2012,15,2012-12-16,SEA,BUF,4.0,4.5,17,50,2012_15_SEA_BUF
2012,15,2012-12-16,GB,CHI,3.0,3.0,13,21,2012_15_GB_CHI
2012,15,2012-12-16,WAS,CLE,1.0,-4.0,21,38,2012_15_WAS_CLE
2012,15,2012-12-16,PIT,DAL,0.0,2.5,27,24,2012_15_PIT_DAL
2012,15,2012-12-16,IND,HOU,-9.5,-10.5,29,17,2012_15_IND_HOU
2012,15,2012-12-16,MIN,LA,-3.0,-2.5,22,36,2012_15_MIN_STL
2012,15,2012-12-16,CAR,LAC,-3.0,-3.0,7,31,2012_15_CAR_SD
2012,15,2012-12-16,KC,LV,-1.0,-4.5,15,0,2012_15_KC_OAK
2012,15,2012-12-16,JAX,MIA,-7.0,-7.5,24,3,2012_15_JAX_MIA
2012,15,2012-12-16,SF,NE,-3.0,-4.0,34,41,2012_15_SF_NE
2012,15,2012-12-16,TB,NO,-3.0,-3.5,41,0,2012_15_TB_NO
2012,15,2012-12-17,NYJ,TEN,-1.0,1.0,14,10,2012_15_NYJ_TEN
2012,16,2012-12-22,ATL,DET,3.0,4.0,18,31,2012_16_ATL_DET
2012,16,2012-12-23,CHI,ARI,5.5,7.0,13,28,2012_16_CHI_ARI
2012,16,2012-12-23,NYG,BAL,0.0,2.5,33,14,2012_16_NYG_BAL
2012,16,2012-12-23,LV,CAR,-9.5,-9.5,17,6,2012_16_OAK_CAR
2012,16,2012-12-23,NO,DAL,-3.0,-2.5,31,34,2012_16_NO_DAL
2012,16,2012-12-23,CLE,DEN,-11.0,-11.0,34,12,2012_16_CLE_DEN
2012,16,2012-12-23,TEN,GB,-11.0,-10.5,55,7,2012_16_TEN_GB
2012,16,2012-12-23,MIN,HOU,-7.0,-7.5,6,23,2012_16_MIN_HOU
2012,16,2012-12-23,NE,JAX,13.5,14.0,16,23,2012_16_NE_JAX
2012,16,2012-12-23,IND,KC,5.5,5.0,13,20,2012_16_IND_KC
2012,16,2012-12-23,BUF,MIA,-4.0,-5.0,24,10,2012_16_BUF_MIA
2012,16,2012-12-23,LAC,NYJ,-1.0,-3.0,17,27,2012_16_SD_NYJ
2012,16,2012-12-23,WAS,PHI,4.0,5.0,20,27,2012_16_WAS_PHI
2012,16,2012-12-23,CIN,PIT,-4.5,-3.5,10,13,2012_16_CIN_PIT
2012,16,2012-12-23,SF,SEA,-1.0,-2.5,42,13,2012_16_SF_SEA
2012,16,2012-12-23,LA,TB,-3.0,-3.0,13,28,2012_16_STL_TB
2012,17,2012-12-30,TB,ATL,-5.0,-3.0,17,22,2012_17_TB_ATL
2012,17,2012-12-30,NYJ,BUF,-3.0,-3.5,28,9,2012_17_NYJ_BUF
2012,17,2012-12-30,BAL,CIN,-3.5,-4.5,23,17,2012_17_BAL_CIN
2012,17,2012-12-30,KC,DEN,-16.0,-17.0,38,3,2012_17_KC_DEN
2012,17,2012-12-30,CHI,DET,3.5,3.0,24,26,2012_17_CHI_DET
2012,17,2012-12-30,HOU,IND,4.0,6.5,28,16,2012_17_HOU_IND
2012,17,2012-12-30,LV,LAC,-10.0,-8.0,24,21,2012_17_OAK_SD
2012,17,2012-12-30,GB,MIN,3.0,3.0,37,34,2012_17_GB_MIN
2012,17,2012-12-30,MIA,NE,-11.0,-11.5,28,0,2012_17_MIA_NE
2012,17,2012-12-30,CAR,NO,-4.0,-4.0,38,44,2012_17_CAR_NO
2012,17,2012-12-30,PHI,NYG,-9.5,-6.5,42,7,2012_17_PHI_NYG
2012,17,2012-12-30,CLE,PIT,-11.0,-10.0,24,10,2012_17_CLE_PIT
2012,17,2012-12-30,LA,SEA,-10.5,-11.0,20,13,2012_17_STL_SEA
2012,17,2012-12-30,ARI,SF,-14.5,-16.5,27,13,2012_17_ARI_SF
2012,17,2012-12-30,JAX,TEN,-4.0,-6.0,38,20,2012_17_JAX_TEN
2012,17,2012-12-30,DAL,WAS,-3.5,-3.0,28,18,2012_17_DAL_WAS
2013,1,2013-09-05,BAL,DEN,-9.5,-7.5,49,27,2013_01_BAL_DEN
2013,1,2013-09-08,NE,BUF,10.0,10.0,21,23,2013_01_NE_BUF
2013,1,2013-09-08,SEA,CAR,3.0,3.0,7,12,2013_01_SEA_CAR
2013,1,2013-09-08,CIN,CHI,-3.0,-3.0,24,21,2013_01_CIN_CHI
2013,1,2013-09-08,MIA,CLE,0.0,-2.5,10,23,2013_01_MIA_CLE
2013,1,2013-09-08,NYG,DAL,-3.0,-3.5,36,31,2013_01_NYG_DAL
2013,1,2013-09-08,MIN,DET,-4.5,-4.0,34,24,2013_01_MIN_DET
2013,1,2013-09-08,LV,IND,-9.5,-11.0,21,17,2013_01_OAK_IND
2013,1,2013-09-08,KC,JAX,3.5,3.5,2,28,2013_01_KC_JAX
2013,1,2013-09-08,ARI,LA,-4.5,-4.0,27,24,2013_01_ARI_STL
2013,1,2013-09-08,ATL,NO,-3.0,-3.5,23,17,2013_01_ATL_NO
2013,1,2013-09-08,TB,NYJ,3.0,4.0,18,17,2013_01_TB_NYJ
2013,1,2013-09-08,TEN,PIT,-7.0,-6.0,9,16,2013_01_TEN_PIT
2013,1,2013-09-08,GB,SF,-4.5,-5.0,34,28,2013_01_GB_SF
2013,1,2013-09-09,HOU,LAC,3.0,6.0,28,31,2013_01_HOU_SD
2013,1,2013-09-09,PHI,WAS,-3.5,-4.0,27,33,2013_01_PHI_WAS
2013,2,2013-09-12,NYJ,NE,-11.5,-11.0,13,10,2013_02_NYJ_NE
2013,2,2013-09-15,DET,ARI,0.0,2.0,25,21,2013_02_DET_ARI
2013,2,2013-09-15,LA,ATL,-6.0,-4.0,31,24,2013_02_STL_ATL
2013,2,2013-09-15,CLE,BAL,-6.5,-6.5,14,6,2013_02_CLE_BAL
2013,2,2013-09-15,CAR,BUF,3.0,3.5,24,23,2013_02_CAR_BUF
2013,2,2013-09-15,MIN,CHI,-6.5,-6.0,31,30,2013_02_MIN_CHI
2013,2,2013-09-15,WAS,GB,-9.5,-7.5,38,20,2013_02_WAS_GB
2013,2,2013-09-15,TEN,HOU,-10.0,-7.5,30,24,2013_02_TEN_HOU
2013,2,2013-09-15,MIA,IND,-3.0,-1.5,20,24,2013_02_MIA_IND
2013,2,2013-09-15,DAL,KC,-1.0,-3.0,17,16,2013_02_DAL_KC
2013,2,2013-09-15,JAX,LV,-6.0,-4.0,19,9,2013_02_JAX_OAK
2013,2,2013-09-15,DEN,NYG,5.5,3.5,23,41,2013_02_DEN_NYG
2013,2,2013-09-15,LAC,PHI,-9.5,-7.5,30,33,2013_02_SD_PHI
2013,2,2013-09-15,SF,SEA,-3.0,-3.0,29,3,2013_02_SF_SEA
2013,2,2013-09-15,NO,TB,3.0,3.0,14,16,2013_02_NO_TB
2013,2,2013-09-16,PIT,CIN,-6.0,-6.5,20,10,2013_02_PIT_CIN
2013,3,2013-09-19,KC,PHI,-3.0,-3.0,16,26,2013_03_KC_PHI
2013,3,2013-09-22,HOU,BAL,1.0,0.0,30,9,2013_03_HOU_BAL
2013,3,2013-09-22,NYG,CAR,-1.0,2.5,38,0,2013_03_NYG_CAR
2013,3,2013-09-22,GB,CIN,1.0,3.0,34,30,2013_03_GB_CIN
2013,3,2013-09-22,LA,DAL,-3.5,-3.0,31,7,2013_03_STL_DAL
2013,3,2013-09-22,ATL,MIA,-1.0,-3.0,27,23,2013_03_ATL_MIA
2013,3,2013-09-22,CLE,MIN,-3.5,-7.0,27,31,2013_03_CLE_MIN
2013,3,2013-09-22,TB,NE,-7.0,-7.0,23,3,2013_03_TB_NE
2013,3,2013-09-22,ARI,NO,-9.5,-7.5,31,7,2013_03_ARI_NO
2013,3,2013-09-22,BUF,NYJ,-1.0,-2.5,27,20,2013_03_BUF_NYJ
2013,3,2013-09-22,CHI,PIT,1.0,2.5,23,40,2013_03_CHI_PIT
2013,3,2013-09-22,JAX,SEA,-17.5,-19.5,45,17,2013_03_JAX_SEA
2013,3,2013-09-22,IND,SF,-10.0,-10.5,7,27,2013_03_IND_SF
2013,3,2013-09-22,LAC,TEN,-3.5,-3.0,20,17,2013_03_SD_TEN
2013,3,2013-09-22,DET,WAS,1.0,1.0,20,27,2013_03_DET_WAS
2013,3,2013-09-23,LV,DEN,-14.0,-14.5,37,21,2013_03_OAK_DEN
2013,4,2013-09-26,SF,LA,3.0,3.5,11,35,2013_04_SF_STL
2013,4,2013-09-29,NE,ATL,0.0,-3.0,23,30,2013_04_NE_ATL
2013,4,2013-09-29,BAL,BUF,5.0,3.5,23,20,2013_04_BAL_BUF
2013,4,2013-09-29,CIN,CLE,5.0,3.5,17,6,2013_04_CIN_CLE
2013,4,2013-09-29,PHI,DEN,-10.5,-10.5,52,20,2013_04_PHI_DEN
2013,4,2013-09-29,CHI,DET,-2.5,-3.0,40,32,2013_04_CHI_DET
2013,4,2013-09-29,SEA,HOU,3.0,1.5,20,23,2013_04_SEA_HOU
2013,4,2013-09-29,IND,JAX,9.5,9.0,3,37,2013_04_IND_JAX
2013,4,2013-09-29,NYG,KC,-4.5,-3.5,31,7,2013_04_NYG_KC
2013,4,2013-09-29,DAL,LAC,1.0,1.0,30,21,2013_04_DAL_SD
2013,4,2013-09-29,WAS,LV,3.0,3.5,14,24,2013_04_WAS_OAK
2013,4,2013-09-29,PIT,MIN,1.0,3.0,34,27,2013_04_PIT_MIN
2013,4,2013-09-29,ARI,TB,-2.5,-2.5,10,13,2013_04_ARI_TB
2013,4,2013-09-29,NYJ,TEN,-5.0,-3.5,38,13,2013_04_NYJ_TEN
2013,4,2013-09-30,MIA,NO,-6.0,-7.0,38,17,2013_04_MIA_NO
2013,5,2013-10-03,BUF,CLE,-3.5,-3.5,37,24,2013_05_BUF_CLE
2013,5,2013-10-06,CAR,ARI,1.0,3.0,22,6,2013_05_CAR_ARI
2013,5,2013-10-06,NO,CHI,0.0,0.0,18,26,2013_05_NO_CHI
2013,5,2013-10-06,NE,CIN,3.0,2.0,13,6,2013_05_NE_CIN
2013,5,2013-10-06,DEN,DAL,6.0,7.5,48,51,2013_05_DEN_DAL
2013,5,2013-10-06,DET,GB,-7.0,-10.0,22,9,2013_05_DET_GB
2013,5,2013-10-06,SEA,IND,3.0,3.0,34,28,2013_05_SEA_IND
2013,5,2013-10-06,JAX,LA,-13.0,-11.0,34,20,2013_05_JAX_STL
2013,5,2013-10-06,LAC,LV,5.0,6.0,27,17,2013_05_SD_OAK
2013,5,2013-10-06,BAL,MIA,-3.0,-2.5,23,26,2013_05_BAL_MIA
2013,5,2013-10-06,PHI,NYG,-3.0,1.5,21,36,2013_05_PHI_NYG
2013,5,2013-10-06,HOU,SF,-6.5,-4.0,34,3,2013_05_HOU_SF
2013,5,2013-10-06,KC,TEN,3.0,2.5,17,26,2013_05_KC_TEN
2013,5,2013-10-07,NYJ,ATL,-9.5,-10.0,28,30,2013_05_NYJ_ATL
2013,6,2013-10-10,NYG,CHI,-9.5,-8.5,27,21,2013_06_NYG_CHI
2013,6,2013-10-13,GB,BAL,3.0,2.5,17,19,2013_06_GB_BAL
2013,6,2013-10-13,CIN,BUF,9.5,6.0,24,27,2013_06_CIN_BUF
2013,6,2013-10-13,DET,CLE,3.0,2.0,17,31,2013_06_DET_CLE
2013,6,2013-10-13,WAS,DAL,-5.5,-6.0,31,16,2013_06_WAS_DAL
2013,6,2013-10-13,JAX,DEN,-27.5,-27.0,35,19,2013_06_JAX_DEN
2013,6,2013-10-13,LA,HOU,-6.5,-9.0,13,38,2013_06_STL_HOU
2013,6,2013-10-13,LV,KC,-10.0,-7.5,24,7,2013_06_OAK_KC
2013,6,2013-10-13,CAR,MIN,-1.0,-2.5,10,35,2013_06_CAR_MIN
2013,6,2013-10-13,NO,NE,-1.0,-1.5,30,27,2013_06_NO_NE
2013,6,2013-10-13,PIT,NYJ,1.0,1.5,6,19,2013_06_PIT_NYJ
2013,6,2013-10-13,TEN,SEA,-13.5,-12.5,20,13,2013_06_TEN_SEA
2013,6,2013-10-13,ARI,SF,-11.0,-10.0,32,20,2013_06_ARI_SF
2013,6,2013-10-13,PHI,TB,0.0,3.0,20,31,2013_06_PHI_TB
2013,6,2013-10-14,IND,LAC,0.0,1.5,19,9,2013_06_IND_SD
2013,7,2013-10-17,SEA,ARI,4.5,5.5,22,34,2013_07_SEA_ARI
2013,7,2013-10-20,TB,ATL,-7.0,-6.5,31,23,2013_07_TB_ATL
2013,7,2013-10-20,LA,CAR,-6.0,-7.5,30,15,2013_07_STL_CAR
2013,7,2013-10-20,CIN,DET,-1.0,-2.5,24,27,2013_07_CIN_DET
2013,7,2013-10-20,CLE,GB,-11.0,-8.5,31,13,2013_07_CLE_GB
2013,7,2013-10-20,DEN,IND,5.5,6.5,39,33,2013_07_DEN_IND
2013,7,2013-10-20,LAC,JAX,7.0,7.0,6,24,2013_07_SD_JAX
2013,7,2013-10-20,HOU,KC,-5.0,-6.5,17,16,2013_07_HOU_KC
2013,7,2013-10-20,BUF,MIA,-9.5,-6.0,21,23,2013_07_BUF_MIA
2013,7,2013-10-20,NE,NYJ,3.5,3.5,30,27,2013_07_NE_NYJ
2013,7,2013-10-20,DAL,PHI,-3.0,-3.0,3,17,2013_07_DAL_PHI
2013,7,2013-10-20,BAL,PIT,-1.0,-2.0,19,16,2013_07_BAL_PIT
2013,7,2013-10-20,SF,TEN,4.5,3.5,17,31,2013_07_SF_TEN
2013,7,2013-10-20,CHI,WAS,-1.0,1.0,45,41,2013_07_CHI_WAS
2013,7,2013-10-21,MIN,NYG,-2.5,-4.0,23,7,2013_07_MIN_NYG
2013,8,2013-10-24,CAR,TB,6.5,7.0,13,31,2013_08_CAR_TB
2013,8,2013-10-27,ATL,ARI,-2.5,-2.5,27,13,2013_08_ATL_ARI
2013,8,2013-10-27,NYJ,CIN,-6.5,-6.0,49,9,2013_08_NYJ_CIN
2013,8,2013-10-27,WAS,DEN,-13.0,-11.0,45,21,2013_08_WAS_DEN
2013,8,2013-10-27,DAL,DET,-3.0,-3.0,31,30,2013_08_DAL_DET
2013,8,2013-10-27,SF,JAX,16.5,16.0,10,42,2013_08_SF_JAX
2013,8,2013-10-27,CLE,KC,-9.5,-7.0,23,17,2013_08_CLE_KC
2013,8,2013-10-27,PIT,LV,3.0,2.5,21,18,2013_08_PIT_OAK
2013,8,2013-10-27,GB,MIN,10.0,7.5,31,44,2013_08_GB_MIN
2013,8,2013-10-27,MIA,NE,-7.0,-6.5,27,17,2013_08_MIA_NE
2013,8,2013-10-27,BUF,NO,-12.5,-10.5,35,17,2013_08_BUF_NO
2013,8,2013-10-27,NYG,PHI,-5.5,-5.5,7,15,2013_08_NYG_PHI
2013,8,2013-10-28,SEA,LA,10.0,14.0,9,14,2013_08_SEA_STL
2013,9,2013-10-31,CIN,MIA,0.0,3.0,22,20,2013_09_CIN_MIA
2013,9,2013-11-03,KC,BUF,3.0,5.0,13,23,2013_09_KC_BUF
2013,9,2013-11-03,ATL,CAR,-7.0,-9.0,34,10,2013_09_ATL_CAR
2013,9,2013-11-03,BAL,CLE,3.0,2.0,24,18,2013_09_BAL_CLE
2013,9,2013-11-03,MIN,DAL,-10.5,-9.0,27,23,2013_09_MIN_DAL
2013,9,2013-11-03,IND,HOU,-1.0,1.0,24,27,2013_09_IND_HOU
2013,9,2013-11-03,TEN,LA,3.0,3.0,21,28,2013_09_TEN_STL
2013,9,2013-11-03,PHI,LV,-1.0,-1.0,20,49,2013_09_PHI_OAK
2013,9,2013-11-03,PIT,NE,-7.0,-6.0,55,31,2013_09_PIT_NE
2013,9,2013-11-03,NO,NYJ,4.0,6.0,26,20,2013_09_NO_NYJ
2013,9,2013-11-03,TB,SEA,-17.0,-16.5,27,24,2013_09_TB_SEA
2013,9,2013-11-03,LAC,WAS,0.0,-1.0,30,24,2013_09_SD_WAS
2013,9,2013-11-04,CHI,GB,-11.0,-10.0,20,27,2013_09_CHI_GB
2013,10,2013-11-07,WAS,MIN,1.0,1.5,34,27,2013_10_WAS_MIN
2013,10,2013-11-10,HOU,ARI,-3.0,-4.0,27,24,2013_10_HOU_ARI
2013,10,2013-11-10,SEA,ATL,6.0,3.5,10,33,2013_10_SEA_ATL
2013,10,2013-11-10,CIN,BAL,1.0,-1.5,20,17,2013_10_CIN_BAL
2013,10,2013-11-10,DET,CHI,1.0,1.0,19,21,2013_10_DET_CHI
2013,10,2013-11-10,PHI,GB,-1.0,1.0,13,27,2013_10_PHI_GB
2013,10,2013-11-10,LA,IND,-11.0,-8.0,8,38,2013_10_STL_IND
2013,10,2013-11-10,DEN,LAC,6.5,7.0,20,28,2013_10_DEN_SD
2013,10,2013-11-10,DAL,NO,-7.0,-6.5,49,17,2013_10_DAL_NO
2013,10,2013-11-10,LV,NYG,-7.0,-7.0,24,20,2013_10_OAK_NYG
2013,10,2013-11-10,BUF,PIT,-3.5,-3.0,23,10,2013_10_BUF_PIT
2013,10,2013-11-10,CAR,SF,-6.0,-6.0,9,10,2013_10_CAR_SF
2013,10,2013-11-10,JAX,TEN,-13.0,-11.5,27,29,2013_10_JAX_TEN
2013,10,2013-11-11,MIA,TB,3.5,2.5,22,19,2013_10_MIA_TB
2013,11,2013-11-14,IND,TEN,1.0,3.0,27,30,2013_11_IND_TEN
2013,11,2013-11-17,NYJ,BUF,0.0,2.0,37,14,2013_11_NYJ_BUF
2013,11,2013-11-17,BAL,CHI,-3.0,-3.0,23,20,2013_11_BAL_CHI
2013,11,2013-11-17,CLE,CIN,-6.0,-4.5,41,20,2013_11_CLE_CIN
2013,11,2013-11-17,KC,DEN,-9.5,-7.5,27,17,2013_11_KC_DEN
2013,11,2013-11-17,LV,HOU,-7.0,-10.5,23,28,2013_11_OAK_HOU
2013,11,2013-11-17,ARI,JAX,6.5,9.0,14,27,2013_11_ARI_JAX
2013,11,2013-11-17,LAC,MIA,0.0,2.5,20,16,2013_11_SD_MIA
2013,11,2013-11-17,SF,NO,-3.0,-3.0,23,20,2013_11_SF_NO
2013,11,2013-11-17,GB,NYG,-6.5,-3.5,27,13,2013_11_GB_NYG
2013,11,2013-11-17,WAS,PHI,-3.5,-4.5,24,16,2013_11_WAS_PHI
2013,11,2013-11-17,DET,PIT,3.0,3.0,37,27,2013_11_DET_PIT
2013,11,2013-11-17,MIN,SEA,-13.0,-13.0,41,20,2013_11_MIN_SEA
2013,11,2013-11-17,ATL,TB,0.0,-2.0,41,28,2013_11_ATL_TB
2013,11,2013-11-18,NE,CAR,-1.0,-3.0,24,20,2013_11_NE_CAR
2013,12,2013-11-21,NO,ATL,7.0,7.5,13,17,2013_12_NO_ATL
2013,12,2013-11-24,IND,ARI,-1.0,-3.0,40,11,2013_12_IND_ARI
2013,12,2013-11-24,NYJ,BAL,-3.0,-4.0,19,3,2013_12_NYJ_BAL
2013,12,2013-11-24,PIT,CLE,-1.0,-2.5,11,27,2013_12_PIT_CLE
2013,12,2013-11-24,TB,DET,-10.0,-7.0,21,24,2013_12_TB_DET
2013,12,2013-11-24,MIN,GB,-5.0,-6.0,26,26,2013_12_MIN_GB
2013,12,2013-11-24,JAX,HOU,-11.0,-10.5,6,13,2013_12_JAX_HOU
2013,12,2013-11-24,LAC,KC,-5.0,-3.5,38,41,2013_12_SD_KC
2013,12,2013-11-24,CHI,LA,-1.0,-2.5,42,21,2013_12_CHI_STL
2013,12,2013-11-24,TEN,LV,-1.0,2.5,19,23,2013_12_TEN_OAK
2013,12,2013-11-24,CAR,MIA,4.0,4.5,16,20,2013_12_CAR_MIA
2013,12,2013-11-24,DEN,NE,1.0,1.0,34,31,2013_12_DEN_NE
2013,12,2013-11-24,DAL,NYG,-1.0,-2.5,21,24,2013_12_DAL_NYG
2013,12,2013-11-25,SF,WAS,4.5,6.0,6,27,2013_12_SF_WAS
2013,13,2013-11-28,PIT,BAL,-1.0,-3.0,22,20,2013_13_PIT_BAL
2013,13,2013-11-28,LV,DAL,-9.5,-9.5,31,24,2013_13_OAK_DAL
2013,13,2013-11-28,GB,DET,-6.0,-6.5,40,10,2013_13_GB_DET
2013,13,2013-12-01,ATL,BUF,-3.5,-5.0,31,34,2013_13_ATL_BUF
2013,13,2013-12-01,TB,CAR,-9.5,-7.0,27,6,2013_13_TB_CAR
2013,13,2013-12-01,JAX,CLE,-7.0,-7.0,28,32,2013_13_JAX_CLE
2013,13,2013-12-01,NE,HOU,9.5,7.0,31,34,2013_13_NE_HOU
2013,13,2013-12-01,TEN,IND,-4.0,-3.5,22,14,2013_13_TEN_IND
2013,13,2013-12-01,DEN,KC,3.5,5.0,28,35,2013_13_DEN_KC
2013,13,2013-12-01,CIN,LAC,1.0,2.0,10,17,2013_13_CIN_SD
2013,13,2013-12-01,CHI,MIN,-1.0,-1.5,23,20,2013_13_CHI_MIN
2013,13,2013-12-01,MIA,NYJ,-1.0,0.0,3,23,2013_13_MIA_NYJ
2013,13,2013-12-01,ARI,PHI,-3.0,-3.5,24,21,2013_13_ARI_PHI
2013,13,2013-12-01,LA,SF,-9.5,-7.5,23,13,2013_13_STL_SF
2013,13,2013-12-01,NYG,WAS,1.0,1.0,17,24,2013_13_NYG_WAS
2013,13,2013-12-02,NO,SEA,-4.5,-6.5,34,7,2013_13_NO_SEA
2013,14,2013-12-05,HOU,JAX,2.0,3.0,27,20,2013_14_HOU_JAX
2013,14,2013-12-08,LA,ARI,-6.5,-4.5,30,10,2013_14_STL_ARI
2013,14,2013-12-08,MIN,BAL,-7.5,-6.0,29,26,2013_14_MIN_BAL
2013,14,2013-12-08,IND,CIN,-5.5,-7.0,42,28,2013_14_IND_CIN
2013,14,2013-12-08,TEN,DEN,-13.0,-12.5,51,28,2013_14_TEN_DEN
2013,14,2013-12-08,ATL,GB,-3.5,-3.5,22,21,2013_14_ATL_GB
2013,14,2013-12-08,NYG,LAC,-3.0,-4.0,37,14,2013_14_NYG_SD
2013,14,2013-12-08,CLE,NE,-11.0,-10.0,27,26,2013_14_CLE_NE
2013,14,2013-12-08,CAR,NO,-4.0,-3.0,31,13,2013_14_CAR_NO
2013,14,2013-12-08,LV,NYJ,-2.5,-3.0,37,27,2013_14_OAK_NYJ
2013,14,2013-12-08,DET,PHI,-3.0,-2.5,34,20,2013_14_DET_PHI
2013,14,2013-12-08,MIA,PIT,-3.0,-3.0,28,34,2013_14_MIA_PIT
2013,14,2013-12-08,SEA,SF,-3.0,-2.5,19,17,2013_14_SEA_SF
2013,14,2013-12-08,BUF,TB,-2.5,-3.0,27,6,2013_14_BUF_TB
2013,14,2013-12-08,KC,WAS,3.0,3.5,10,45,2013_14_KC_WAS
2013,14,2013-12-09,DAL,CHI,1.5,-1.5,45,28,2013_14_DAL_CHI
2013,15,2013-12-12,LAC,DEN,-10.5,-10.0,20,27,2013_15_SD_DEN
2013,15,2013-12-15,WAS,ATL,-3.5,-5.5,27,26,2013_15_WAS_ATL
2013,15,2013-12-15,NYJ,CAR,-11.0,-10.0,30,20,2013_15_NYJ_CAR
2013,15,2013-12-15,CHI,CLE,0.0,1.0,31,38,2013_15_CHI_CLE
2013,15,2013-12-15,GB,DAL,-6.5,-4.5,36,37,2013_15_GB_DAL
2013,15,2013-12-15,HOU,IND,-6.0,-6.0,25,3,2013_15_HOU_IND
2013,15,2013-12-15,BUF,JAX,2.0,4.0,20,27,2013_15_BUF_JAX
2013,15,2013-12-15,NO,LA,5.5,7.0,27,16,2013_15_NO_STL
2013,15,2013-12-15,KC,LV,3.5,6.5,31,56,2013_15_KC_OAK
2013,15,2013-12-15,NE,MIA,2.5,-2.5,24,20,2013_15_NE_MIA
2013,15,2013-12-15,PHI,MIN,4.0,7.0,48,30,2013_15_PHI_MIN
2013,15,2013-12-15,SEA,NYG,7.0,9.0,0,23,2013_15_SEA_NYG
2013,15,2013-12-15,CIN,PIT,2.5,2.5,30,20,2013_15_CIN_PIT
2013,15,2013-12-15,SF,TB,5.5,4.5,14,33,2013_15_SF_TB
2013,15,2013-12-15,ARI,TEN,3.0,3.0,34,37,2013_15_ARI_TEN
2013,15,2013-12-16,BAL,DET,-6.0,-5.0,16,18,2013_15_BAL_DET
2013,16,2013-12-22,NE,BAL,-2.5,1.5,7,41,2013_16_NE_BAL
2013,16,2013-12-22,MIA,BUF,2.5,0.0,19,0,2013_16_MIA_BUF
2013,16,2013-12-22,NO,CAR,-3.0,-3.5,17,13,2013_16_NO_CAR
2013,16,2013-12-22,MIN,CIN,-7.5,-7.5,42,14,2013_16_MIN_CIN
2013,16,2013-12-22,NYG,DET,-10.0,-9.5,20,23,2013_16_NYG_DET
2013,16,2013-12-22,PIT,GB,-2.5,1.0,31,38,2013_16_PIT_GB
2013,16,2013-12-22,DEN,HOU,10.0,10.0,13,37,2013_16_DEN_HOU
2013,16,2013-12-22,TEN,JAX,5.5,4.0,16,20,2013_16_TEN_JAX
2013,16,2013-12-22,IND,KC,-6.5,-7.5,7,23,2013_16_IND_KC
2013,16,2013-12-22,TB,LA,-5.5,-3.5,23,13,2013_16_TB_STL
2013,16,2013-12-22,LV,LAC,-10.0,-10.0,26,13,2013_16_OAK_SD
2013,16,2013-12-22,CLE,NYJ,0.0,-2.5,24,13,2013_16_CLE_NYJ
2013,16,2013-12-22,CHI,PHI,-3.5,-3.0,54,11,2013_16_CHI_PHI
2013,16,2013-12-22,ARI,SEA,-10.0,-9.5,10,17,2013_16_ARI_SEA
2013,16,2013-12-22,DAL,WAS,2.5,3.0,23,24,2013_16_DAL_WAS
2013,16,2013-12-23,ATL,SF,-12.0,-14.0,34,24,2013_16_ATL_SF
2013,17,2013-12-29,SF,ARI,2.0,-3.0,20,23,2013_17_SF_ARI
2013,17,2013-12-29,CAR,ATL,7.0,6.0,20,21,2013_17_CAR_ATL
2013,17,2013-12-29,GB,CHI,3.0,3.0,28,33,2013_17_GB_CHI
2013,17,2013-12-29,BAL,CIN,-5.5,-7.0,34,17,2013_17_BAL_CIN
2013,17,2013-12-29,PHI,DAL,2.5,7.5,22,24,2013_17_PHI_DAL
2013,17,2013-12-29,JAX,IND,-11.5,-11.5,30,10,2013_17_JAX_IND
2013,17,2013-12-29,KC,LAC,-9.5,-14.5,27,24,2013_17_KC_SD
2013,17,2013-12-29,DEN,LV,13.0,10.0,14,34,2013_17_DEN_OAK
2013,17,2013-12-29,NYJ,MIA,-6.0,-7.0,7,20,2013_17_NYJ_MIA
2013,17,2013-12-29,DET,MIN,-3.0,1.5,14,13,2013_17_DET_MIN
2013,17,2013-12-29,BUF,NE,-8.5,-7.0,34,20,2013_17_BUF_NE
2013,17,2013-12-29,TB,NO,-13.0,-10.5,42,17,2013_17_TB_NO
2013,17,2013-12-29,WAS,NYG,-3.5,-3.5,20,6,2013_17_WAS_NYG
2013,17,2013-12-29,CLE,PIT,-6.5,-9.5,20,7,2013_17_CLE_PIT
2013,17,2013-12-29,LA,SEA,-10.0,-13.0,27,9,2013_17_STL_SEA
2013,17,2013-12-29,HOU,TEN,-6.0,-6.5,16,10,2013_17_HOU_TEN
2014,1,2014-09-04,GB,SEA,-5.5,-4.5,36,16,2014_01_GB_SEA
2014,1,2014-09-07,NO,ATL,-1.5,3.0,37,34,2014_01_NO_ATL
2014,1,2014-09-07,CIN,BAL,-2.5,-1.0,16,23,2014_01_CIN_BAL
2014,1,2014-09-07,BUF,CHI,-6.0,-7.0,20,23,2014_01_BUF_CHI
2014,1,2014-09-07,SF,DAL,3.5,3.5,17,28,2014_01_SF_DAL
2014,1,2014-09-07,IND,DEN,-7.0,-8.0,31,24,2014_01_IND_DEN
2014,1,2014-09-07,WAS,HOU,-2.5,-3.0,17,6,2014_01_WAS_HOU
2014,1,2014-09-07,TEN,KC,-5.5,-3.0,10,26,2014_01_TEN_KC
2014,1,2014-09-07,MIN,LA,-5.5,-3.0,6,34,2014_01_MIN_STL
2014,1,2014-09-07,NE,MIA,3.5,4.0,33,20,2014_01_NE_MIA
2014,1,2014-09-07,LV,NYJ,-4.5,-6.5,19,14,2014_01_OAK_NYJ
2014,1,2014-09-07,JAX,PHI,-11.0,-10.0,34,17,2014_01_JAX_PHI
2014,1,2014-09-07,CLE,PIT,-5.0,-6.0,30,27,2014_01_CLE_PIT
2014,1,2014-09-07,CAR,TB,2.0,-4.5,14,20,2014_01_CAR_TB
2014,1,2014-09-08,LAC,ARI,-3.0,-3.0,18,17,2014_01_SD_ARI
2014,1,2014-09-08,NYG,DET,-4.0,-6.5,35,14,2014_01_NYG_DET
2014,2,2014-09-11,PIT,BAL,-3.0,-2.5,26,6,2014_02_PIT_BAL
2014,2,2014-09-14,MIA,BUF,-1.0,-1.0,29,10,2014_02_MIA_BUF
2014,2,2014-09-14,DET,CAR,-3.0,-1.0,24,7,2014_02_DET_CAR
2014,2,2014-09-14,ATL,CIN,-5.5,-5.5,24,10,2014_02_ATL_CIN
2014,2,2014-09-14,NO,CLE,6.0,5.0,26,24,2014_02_NO_CLE
2014,2,2014-09-14,KC,DEN,-12.0,-13.0,24,17,2014_02_KC_DEN
2014,2,2014-09-14,NYJ,GB,-7.5,-7.0,31,24,2014_02_NYJ_GB
2014,2,2014-09-14,SEA,LAC,4.0,5.0,30,21,2014_02_SEA_SD
2014,2,2014-09-14,HOU,LV,2.5,3.0,14,30,2014_02_HOU_OAK
2014,2,2014-09-14,NE,MIN,3.0,3.0,7,30,2014_02_NE_MIN
2014,2,2014-09-14,ARI,NYG,-1.5,-2.0,14,25,2014_02_ARI_NYG
2014,2,2014-09-14,CHI,SF,-6.5,-7.0,20,28,2014_02_CHI_SF
2014,2,2014-09-14,LA,TB,-3.5,-4.5,17,19,2014_02_STL_TB
2014,2,2014-09-14,DAL,TEN,-3.5,-3.5,10,26,2014_02_DAL_TEN
2014,2,2014-09-14,JAX,WAS,-6.5,-5.0,41,10,2014_02_JAX_WAS
2014,2,2014-09-15,PHI,IND,-3.0,-3.0,27,30,2014_02_PHI_IND
2014,3,2014-09-18,TB,ATL,-5.5,-6.5,56,14,2014_03_TB_ATL
2014,3,2014-09-21,SF,ARI,2.5,3.0,23,14,2014_03_SF_ARI
2014,3,2014-09-21,LAC,BUF,0.0,-2.5,10,22,2014_03_SD_BUF
2014,3,2014-09-21,PIT,CAR,-3.5,-3.5,19,37,2014_03_PIT_CAR
2014,3,2014-09-21,TEN,CIN,-7.0,-6.5,33,7,2014_03_TEN_CIN
2014,3,2014-09-21,BAL,CLE,1.0,2.0,21,23,2014_03_BAL_CLE
2014,3,2014-09-21,GB,DET,-2.5,-1.0,19,7,2014_03_GB_DET
2014,3,2014-09-21,IND,JAX,7.0,6.5,17,44,2014_03_IND_JAX
2014,3,2014-09-21,DAL,LA,1.0,2.0,31,34,2014_03_DAL_STL
2014,3,2014-09-21,KC,MIA,-4.5,-5.5,15,34,2014_03_KC_MIA
2014,3,2014-09-21,LV,NE,-14.0,-14.0,16,9,2014_03_OAK_NE
2014,3,2014-09-21,MIN,NO,-10.0,-10.0,20,9,2014_03_MIN_NO
2014,3,2014-09-21,HOU,NYG,3.0,-1.0,30,17,2014_03_HOU_NYG
2014,3,2014-09-21,WAS,PHI,-7.0,-4.0,37,34,2014_03_WAS_PHI
2014,3,2014-09-21,DEN,SEA,-4.5,-4.0,26,20,2014_03_DEN_SEA
2014,3,2014-09-22,CHI,NYJ,-1.0,-1.5,19,27,2014_03_CHI_NYJ
2014,4,2014-09-25,NYG,WAS,-5.0,-3.0,14,45,2014_04_NYG_WAS
2014,4,2014-09-28,CAR,BAL,-3.0,-3.0,38,10,2014_04_CAR_BAL
2014,4,2014-09-28,GB,CHI,-1.0,2.0,17,38,2014_04_GB_CHI
2014,4,2014-09-28,NO,DAL,2.5,3.0,38,17,2014_04_NO_DAL
2014,4,2014-09-28,BUF,HOU,-3.5,-3.0,23,17,2014_04_BUF_HOU
2014,4,2014-09-28,TEN,IND,-7.0,-7.5,41,17,2014_04_TEN_IND
2014,4,2014-09-28,JAX,LAC,-13.5,-12.5,33,14,2014_04_JAX_SD
2014,4,2014-09-28,MIA,LV,4.0,4.0,14,38,2014_04_MIA_OAK
2014,4,2014-09-28,ATL,MIN,3.0,6.0,41,28,2014_04_ATL_MIN
2014,4,2014-09-28,DET,NYJ,0.0,-1.5,17,24,2014_04_DET_NYJ
2014,4,2014-09-28,TB,PIT,-8.0,-7.0,24,27,2014_04_TB_PIT
2014,4,2014-09-28,PHI,SF,-4.0,-4.0,26,21,2014_04_PHI_SF
2014,4,2014-09-29,NE,KC,3.5,3.0,41,14,2014_04_NE_KC
2014,5,2014-10-02,MIN,GB,-10.0,-9.5,42,10,2014_05_MIN_GB
2014,5,2014-10-05,CHI,CAR,-2.5,-1.5,31,24,2014_05_CHI_CAR
2014,5,2014-10-05,HOU,DAL,-4.0,-5.0,20,17,2014_05_HOU_DAL
2014,5,2014-10-05,ARI,DEN,-7.5,-8.0,41,20,2014_05_ARI_DEN
2014,5,2014-10-05,BUF,DET,-7.0,-4.5,14,17,2014_05_BUF_DET
2014,5,2014-10-05,BAL,IND,-3.0,-3.0,20,13,2014_05_BAL_IND
2014,5,2014-10-05,PIT,JAX,6.0,6.0,9,17,2014_05_PIT_JAX
2014,5,2014-10-05,NYJ,LAC,-7.0,-7.0,31,0,2014_05_NYJ_SD
2014,5,2014-10-05,CIN,NE,0.0,2.5,43,17,2014_05_CIN_NE
2014,5,2014-10-05,TB,NO,-11.0,-11.0,37,31,2014_05_TB_NO
2014,5,2014-10-05,ATL,NYG,-3.5,-4.0,30,20,2014_05_ATL_NYG
2014,5,2014-10-05,LA,PHI,-7.0,-4.0,34,28,2014_05_STL_PHI
2014,5,2014-10-05,KC,SF,-5.0,-4.5,22,17,2014_05_KC_SF
2014,5,2014-10-05,CLE,TEN,-1.5,1.0,28,29,2014_05_CLE_TEN
2014,5,2014-10-06,SEA,WAS,7.0,7.0,17,27,2014_05_SEA_WAS
2014,6,2014-10-09,IND,HOU,2.5,2.5,28,33,2014_06_IND_HOU
2014,6,2014-10-12,WAS,ARI,-3.5,-5.5,30,20,2014_06_WAS_ARI
2014,6,2014-10-12,CHI,ATL,-3.0,-3.5,13,27,2014_06_CHI_ATL
2014,6,2014-10-12,NE,BUF,3.5,-1.0,22,37,2014_06_NE_BUF
2014,6,2014-10-12,CAR,CIN,-6.0,-7.0,37,37,2014_06_CAR_CIN
2014,6,2014-10-12,PIT,CLE,-1.0,-1.5,31,10,2014_06_PIT_CLE
2014,6,2014-10-12,LAC,LV,7.5,7.5,28,31,2014_06_SD_OAK
2014,6,2014-10-12,GB,MIA,3.5,1.5,24,27,2014_06_GB_MIA
2014,6,2014-10-12,DET,MIN,1.0,-1.5,3,17,2014_06_DET_MIN
2014,6,2014-10-12,DEN,NYJ,7.5,9.5,17,31,2014_06_DEN_NYJ
2014,6,2014-10-12,NYG,PHI,-3.0,-1.5,27,0,2014_06_NYG_PHI
2014,6,2014-10-12,DAL,SEA,-8.0,-9.5,23,30,2014_06_DAL_SEA
2014,6,2014-10-12,BAL,TB,3.0,3.0,17,48,2014_06_BAL_TB
2014,6,2014-10-12,JAX,TEN,-5.0,-4.0,16,14,2014_06_JAX_TEN
2014,6,2014-10-13,SF,LA,3.5,3.5,17,31,2014_06_SF_STL
2014,7,2014-10-16,NYJ,NE,-8.5,-9.5,27,25,2014_07_NYJ_NE
2014,7,2014-10-19,ATL,BAL,-6.5,-6.5,29,7,2014_07_ATL_BAL
2014,7,2014-10-19,MIN,BUF,-4.0,-6.5,17,16,2014_07_MIN_BUF
2014,7,2014-10-19,MIA,CHI,-3.0,-3.0,14,27,2014_07_MIA_CHI
2014,7,2014-10-19,NYG,DAL,-5.0,-5.5,31,21,2014_07_NYG_DAL
2014,7,2014-10-19,SF,DEN,-7.0,-6.5,42,17,2014_07_SF_DEN
2014,7,2014-10-19,NO,DET,-2.5,-1.5,24,23,2014_07_NO_DET
2014,7,2014-10-19,CAR,GB,-7.0,-6.5,38,17,2014_07_CAR_GB
2014,7,2014-10-19,CIN,IND,-3.0,-3.5,27,0,2014_07_CIN_IND
2014,7,2014-10-19,CLE,JAX,4.0,4.0,24,6,2014_07_CLE_JAX
2014,7,2014-10-19,SEA,LA,6.5,7.0,28,26,2014_07_SEA_STL
2014,7,2014-10-19,KC,LAC,-5.5,-3.0,20,23,2014_07_KC_SD
2014,7,2014-10-19,ARI,LV,3.5,3.5,13,24,2014_07_ARI_OAK
2014,7,2014-10-19,TEN,WAS,-4.0,-6.0,19,17,2014_07_TEN_WAS
2014,7,2014-10-20,HOU,PIT,-4.0,-3.0,30,23,2014_07_HOU_PIT
2014,8,2014-10-23,LAC,DEN,-7.5,-9.0,35,21,2014_08_SD_DEN
2014,8,2014-10-26,PHI,ARI,-2.5,1.0,24,20,2014_08_PHI_ARI
2014,8,2014-10-26,DET,ATL,3.5,3.5,21,22,2014_08_DET_ATL
2014,8,2014-10-26,SEA,CAR,3.5,6.0,9,13,2014_08_SEA_CAR
2014,8,2014-10-26,BAL,CIN,-3.0,3.0,27,24,2014_08_BAL_CIN
2014,8,2014-10-26,LV,CLE,-7.0,-6.5,23,13,2014_08_OAK_CLE
2014,8,2014-10-26,MIA,JAX,4.5,7.0,13,27,2014_08_MIA_JAX
2014,8,2014-10-26,LA,KC,-6.0,-7.0,34,7,2014_08_STL_KC
2014,8,2014-10-26,CHI,NE,-7.0,-6.0,51,23,2014_08_CHI_NE
2014,8,2014-10-26,GB,NO,0.0,-2.0,44,23,2014_08_GB_NO
2014,8,2014-10-26,BUF,NYJ,-2.5,-3.0,23,43,2014_08_BUF_NYJ
2014,8,2014-10-26,IND,PIT,2.5,4.5,51,34,2014_08_IND_PIT
2014,8,2014-10-26,MIN,TB,-2.5,-1.5,13,19,2014_08_MIN_TB
2014,8,2014-10-26,HOU,TEN,1.0,3.5,16,30,2014_08_HOU_TEN
2014,8,2014-10-27,WAS,DAL,-7.5,-9.5,17,20,2014_08_WAS_DAL
2014,9,2014-10-30,NO,CAR,0.0,3.0,10,28,2014_09_NO_CAR
2014,9,2014-11-02,JAX,CIN,-13.0,-10.0,33,23,2014_09_JAX_CIN
2014,9,2014-11-02,TB,CLE,-6.0,-7.0,22,17,2014_09_TB_CLE
2014,9,2014-11-02,ARI,DAL,-4.0,-1.5,17,28,2014_09_ARI_DAL
2014,9,2014-11-02,PHI,HOU,2.5,2.0,21,31,2014_09_PHI_HOU
2014,9,2014-11-02,NYJ,KC,-10.0,-8.5,24,10,2014_09_NYJ_KC
2014,9,2014-11-02,LAC,MIA,-2.5,-3.0,37,0,2014_09_SD_MIA
2014,9,2014-11-02,WAS,MIN,-2.5,0.0,29,26,2014_09_WAS_MIN
2014,9,2014-11-02,DEN,NE,3.5,3.0,43,21,2014_09_DEN_NE
2014,9,2014-11-02,BAL,PIT,-1.5,-2.5,43,23,2014_09_BAL_PIT
2014,9,2014-11-02,LV,SEA,-15.0,-13.5,30,24,2014_09_OAK_SEA
2014,9,2014-11-02,LA,SF,-9.5,-10.5,10,13,2014_09_STL_SF
2014,9,2014-11-03,IND,NYG,3.0,3.0,24,40,2014_09_IND_NYG
2014,10,2014-11-06,CLE,CIN,-6.0,-6.5,3,24,2014_10_CLE_CIN
2014,10,2014-11-09,LA,ARI,-7.0,-7.0,31,14,2014_10_STL_ARI
2014,10,2014-11-09,TEN,BAL,-10.0,-10.5,21,7,2014_10_TEN_BAL
2014,10,2014-11-09,KC,BUF,2.0,-1.5,13,17,2014_10_KC_BUF
2014,10,2014-11-09,MIA,DET,-3.0,-3.0,20,16,2014_10_MIA_DET
2014,10,2014-11-09,CHI,GB,-7.5,-9.5,55,14,2014_10_CHI_GB
2014,10,2014-11-09,DAL,JAX,7.5,7.5,17,31,2014_10_DAL_JAX
2014,10,2014-11-09,DEN,LV,11.0,12.5,17,41,2014_10_DEN_OAK
2014,10,2014-11-09,SF,NO,-4.0,-5.5,24,27,2014_10_SF_NO
2014,10,2014-11-09,PIT,NYJ,4.5,4.5,20,13,2014_10_PIT_NYJ
2014,10,2014-11-09,NYG,SEA,-10.0,-9.5,38,17,2014_10_NYG_SEA
2014,10,2014-11-09,ATL,TB,-1.0,3.0,17,27,2014_10_ATL_TB
2014,10,2014-11-10,CAR,PHI,-6.5,-7.0,45,21,2014_10_CAR_PHI
2014,11,2014-11-13,BUF,MIA,-5.0,-4.0,22,9,2014_11_BUF_MIA
2014,11,2014-11-16,DET,ARI,-2.5,1.0,14,6,2014_11_DET_ARI
2014,11,2014-11-16,ATL,CAR,0.0,2.5,17,19,2014_11_ATL_CAR
2014,11,2014-11-16,MIN,CHI,-3.0,-2.5,21,13,2014_11_MIN_CHI
2014,11,2014-11-16,HOU,CLE,-3.0,-4.0,7,23,2014_11_HOU_CLE
2014,11,2014-11-16,PHI,GB,-4.0,-6.0,53,20,2014_11_PHI_GB
2014,11,2014-11-16,NE,IND,-2.5,-3.0,20,42,2014_11_NE_IND
2014,11,2014-11-16,SEA,KC,0.0,0.0,24,20,2014_11_SEA_KC
2014,11,2014-11-16,DEN,LA,9.0,9.0,22,7,2014_11_DEN_STL
2014,11,2014-11-16,LV,LAC,-9.5,-10.0,13,6,2014_11_OAK_SD
2014,11,2014-11-16,CIN,NO,-6.0,-8.5,10,27,2014_11_CIN_NO
2014,11,2014-11-16,SF,NYG,3.0,4.0,10,16,2014_11_SF_NYG
2014,11,2014-11-16,TB,WAS,-7.0,-7.0,7,27,2014_11_TB_WAS
2014,11,2014-11-17,PIT,TEN,5.0,7.0,24,27,2014_11_PIT_TEN
2014,12,2014-11-20,KC,LV,6.0,7.0,24,20,2014_12_KC_OAK
2014,12,2014-11-23,CLE,ATL,-3.0,-2.5,24,26,2014_12_CLE_ATL
2014,12,2014-11-23,TB,CHI,-5.5,-4.5,21,13,2014_12_TB_CHI
2014,12,2014-11-23,MIA,DEN,-7.5,-7.0,39,36,2014_12_MIA_DEN
2014,12,2014-11-23,CIN,HOU,-2.0,-2.5,13,22,2014_12_CIN_HOU
2014,12,2014-11-23,JAX,IND,-13.5,-13.5,23,3,2014_12_JAX_IND
2014,12,2014-11-23,LA,LAC,-6.5,-5.0,27,24,2014_12_STL_SD
2014,12,2014-11-23,GB,MIN,10.0,7.5,21,24,2014_12_GB_MIN
2014,12,2014-11-23,DET,NE,-7.0,-7.0,34,9,2014_12_DET_NE
2014,12,2014-11-23,DAL,NYG,3.0,5.0,28,31,2014_12_DAL_NYG
2014,12,2014-11-23,TEN,PHI,-11.0,-11.0,43,24,2014_12_TEN_PHI
2014,12,2014-11-23,ARI,SEA,-7.0,-7.0,19,3,2014_12_ARI_SEA
2014,12,2014-11-23,WAS,SF,-8.0,-9.5,17,13,2014_12_WAS_SF
2014,12,2014-11-24,NYJ,BUF,-4.0,-4.5,38,3,2014_12_NYJ_BUF
2014,12,2014-11-24,BAL,NO,-3.5,-3.0,27,34,2014_12_BAL_NO
2014,13,2014-11-27,PHI,DAL,-3.0,-3.5,10,33,2014_13_PHI_DAL
2014,13,2014-11-27,CHI,DET,-6.0,-7.0,34,17,2014_13_CHI_DET
2014,13,2014-11-27,SEA,SF,0.0,-1.5,3,19,2014_13_SEA_SF
2014,13,2014-11-30,ARI,ATL,-1.0,1.5,29,18,2014_13_ARI_ATL
2014,13,2014-11-30,LAC,BAL,-5.5,-6.5,33,34,2014_13_SD_BAL
2014,13,2014-11-30,CLE,BUF,-5.5,-3.0,26,10,2014_13_CLE_BUF
2014,13,2014-11-30,NE,GB,3.5,-3.0,26,21,2014_13_NE_GB
2014,13,2014-11-30,TEN,HOU,-6.5,-7.0,45,21,2014_13_TEN_HOU
2014,13,2014-11-30,WAS,IND,-10.0,-8.5,49,27,2014_13_WAS_IND
2014,13,2014-11-30,NYG,JAX,2.5,3.0,25,24,2014_13_NYG_JAX
2014,13,2014-11-30,DEN,KC,2.5,0.0,16,29,2014_13_DEN_KC
2014,13,2014-11-30,LV,LA,-7.0,-6.0,52,0,2014_13_OAK_STL
2014,13,2014-11-30,CAR,MIN,-2.5,-2.5,31,13,2014_13_CAR_MIN
2014,13,2014-11-30,NO,PIT,-4.0,-3.5,32,35,2014_13_NO_PIT
2014,13,2014-11-30,CIN,TB,3.0,6.0,13,14,2014_13_CIN_TB
2014,13,2014-12-01,MIA,NYJ,6.0,7.0,13,16,2014_13_MIA_NYJ
2014,14,2014-12-04,DAL,CHI,3.5,4.0,28,41,2014_14_DAL_CHI
2014,14,2014-12-07,KC,ARI,0.0,2.5,17,14,2014_14_KC_ARI
2014,14,2014-12-07,PIT,CIN,-3.5,-3.0,21,42,2014_14_PIT_CIN
2014,14,2014-12-07,IND,CLE,3.5,3.0,24,25,2014_14_IND_CLE
2014,14,2014-12-07,BUF,DEN,-10.0,-9.5,24,17,2014_14_BUF_DEN
2014,14,2014-12-07,TB,DET,-10.0,-10.5,34,17,2014_14_TB_DET
2014,14,2014-12-07,HOU,JAX,4.0,6.5,13,27,2014_14_HOU_JAX
2014,14,2014-12-07,NE,LAC,3.0,4.0,14,23,2014_14_NE_SD
2014,14,2014-12-07,SF,LV,7.0,9.0,24,13,2014_14_SF_OAK
2014,14,2014-12-07,BAL,MIA,-3.0,-3.0,13,28,2014_14_BAL_MIA
2014,14,2014-12-07,NYJ,MIN,-6.0,-4.5,30,24,2014_14_NYJ_MIN
2014,14,2014-12-07,CAR,NO,-10.0,-9.0,10,41,2014_14_CAR_NO
2014,14,2014-12-07,SEA,PHI,0.0,2.0,14,24,2014_14_SEA_PHI
2014,14,2014-12-07,NYG,TEN,0.0,3.0,7,36,2014_14_NYG_TEN
2014,14,2014-12-07,LA,WAS,1.5,3.0,0,24,2014_14_STL_WAS
2014,14,2014-12-08,ATL,GB,-11.5,-13.5,43,37,2014_14_ATL_GB
2014,15,2014-12-11,ARI,LA,-2.5,-6.0,6,12,2014_15_ARI_STL
2014,15,2014-12-14,PIT,ATL,-1.0,3.0,20,27,2014_15_PIT_ATL
2014,15,2014-12-14,JAX,BAL,-13.5,-14.0,20,12,2014_15_JAX_BAL
2014,15,2014-12-14,GB,BUF,5.5,3.5,21,13,2014_15_GB_BUF
2014,15,2014-12-14,TB,CAR,-5.5,-3.5,19,17,2014_15_TB_CAR
2014,15,2014-12-14,CIN,CLE,1.0,-2.0,0,30,2014_15_CIN_CLE
2014,15,2014-12-14,MIN,DET,-7.5,-8.0,16,14,2014_15_MIN_DET
2014,15,2014-12-14,HOU,IND,-6.5,-7.0,17,10,2014_15_HOU_IND
2014,15,2014-12-14,LV,KC,-10.5,-11.0,31,13,2014_15_OAK_KC
2014,15,2014-12-14,DEN,LAC,3.5,4.5,10,22,2014_15_DEN_SD
2014,15,2014-12-14,MIA,NE,-8.0,-9.0,41,13,2014_15_MIA_NE
2014,15,2014-12-14,WAS,NYG,-6.0,-7.0,24,13,2014_15_WAS_NYG
2014,15,2014-12-14,DAL,PHI,-3.5,-3.5,27,38,2014_15_DAL_PHI
2014,15,2014-12-14,SF,SEA,-10.0,-9.5,17,7,2014_15_SF_SEA
2014,15,2014-12-14,NYJ,TEN,1.0,3.5,11,16,2014_15_NYJ_TEN
2014,15,2014-12-15,NO,CHI,3.0,3.5,15,31,2014_15_NO_CHI
2014,16,2014-12-18,TEN,JAX,-3.0,-4.5,21,13,2014_16_TEN_JAX
2014,16,2014-12-20,LAC,SF,-2.5,-1.5,35,38,2014_16_SD_SF
2014,16,2014-12-20,PHI,WAS,8.0,7.0,27,24,2014_16_PHI_WAS
2014,16,2014-12-21,SEA,ARI,7.5,9.0,6,35,2014_16_SEA_ARI
2014,16,2014-12-21,CLE,CAR,-3.0,-6.0,17,13,2014_16_CLE_CAR
2014,16,2014-12-21,DET,CHI,7.0,10.0,14,20,2014_16_DET_CHI
2014,16,2014-12-21,IND,DAL,-3.0,-3.0,42,7,2014_16_IND_DAL
2014,16,2014-12-21,BAL,HOU,3.5,6.5,25,13,2014_16_BAL_HOU
2014,16,2014-12-21,NYG,LA,-4.5,-6.5,27,37,2014_16_NYG_STL
2014,16,2014-12-21,BUF,LV,5.5,6.5,26,24,2014_16_BUF_OAK
2014,16,2014-12-21,MIN,MIA,-7.0,-4.5,37,35,2014_16_MIN_MIA
2014,16,2014-12-21,ATL,NO,-5.5,-6.0,14,30,2014_16_ATL_NO
2014,16,2014-12-21,NE,NYJ,10.0,10.0,16,17,2014_16_NE_NYJ
2014,16,2014-12-21,KC,PIT,-3.5,-2.5,20,12,2014_16_KC_PIT
2014,16,2014-12-21,GB,TB,10.5,12.0,3,20,2014_16_GB_TB
2014,16,2014-12-22,DEN,CIN,3.5,3.5,37,28,2014_16_DEN_CIN
2014,17,2014-12-28,CAR,ATL,-3.0,-3.0,3,34,2014_17_CAR_ATL
2014,17,2014-12-28,CLE,BAL,-8.5,-14.0,20,10,2014_17_CLE_BAL
2014,17,2014-12-28,LV,DEN,-14.5,-16.0,47,14,2014_17_OAK_DEN
2014,17,2014-12-28,DET,GB,-7.5,-8.5,30,20,2014_17_DET_GB
2014,17,2014-12-28,JAX,HOU,-10.0,-8.5,23,17,2014_17_JAX_HOU
2014,17,2014-12-28,LAC,KC,-3.0,-3.0,19,7,2014_17_SD_KC
2014,17,2014-12-28,NYJ,MIA,-5.0,-7.0,24,37,2014_17_NYJ_MIA
2014,17,2014-12-28,CHI,MIN,-7.5,-7.0,13,9,2014_17_CHI_MIN
2014,17,2014-12-28,BUF,NE,-10.5,-4.5,9,17,2014_17_BUF_NE
2014,17,2014-12-28,PHI,NYG,-2.5,-1.0,26,34,2014_17_PHI_NYG
2014,17,2014-12-28,CIN,PIT,-3.5,-3.0,27,17,2014_17_CIN_PIT
2014,17,2014-12-28,LA,SEA,-13.0,-11.5,20,6,2014_17_STL_SEA
2014,17,2014-12-28,ARI,SF,-4.5,-6.5,20,17,2014_17_ARI_SF
2014,17,2014-12-28,NO,TB,4.0,6.0,20,23,2014_17_NO_TB
2014,17,2014-12-28,IND,TEN,7.5,7.5,10,27,2014_17_IND_TEN
2014,17,2014-12-28,DAL,WAS,6.5,6.0,17,44,2014_17_DAL_WAS
2015,1,2015-09-10,PIT,NE,-2.5,-7.0,28,21,2015_01_PIT_NE
2015,1,2015-09-13,NO,ARI,-2.5,-2.5,31,19,2015_01_NO_ARI
2015,1,2015-09-13,IND,BUF,1.5,1.0,27,14,2015_01_IND_BUF
2015,1,2015-09-13,GB,CHI,4.5,6.5,23,31,2015_01_GB_CHI
2015,1,2015-09-13,NYG,DAL,-5.0,-7.0,27,26,2015_01_NYG_DAL
2015,1,2015-09-13,BAL,DEN,-4.5,-4.5,19,13,2015_01_BAL_DEN
2015,1,2015-09-13,KC,HOU,-1.5,1.0,20,27,2015_01_KC_HOU
2015,1,2015-09-13,CAR,JAX,4.0,3.0,9,20,2015_01_CAR_JAX
2015,1,2015-09-13,SEA,LA,3.0,3.5,34,31,2015_01_SEA_STL
2015,1,2015-09-13,DET,LAC,-1.5,-3.5,33,28,2015_01_DET_SD
2015,1,2015-09-13,CIN,LV,3.5,3.0,13,33,2015_01_CIN_OAK
2015,1,2015-09-13,CLE,NYJ,-2.5,-3.5,31,10,2015_01_CLE_NYJ
2015,1,2015-09-13,TEN,TB,-3.0,-3.0,14,42,2015_01_TEN_TB
2015,1,2015-09-13,MIA,WAS,1.5,4.0,10,17,2015_01_MIA_WAS
2015,1,2015-09-14,PHI,ATL,1.0,3.0,26,24,2015_01_PHI_ATL
2015,1,2015-09-14,MIN,SF,-4.0,2.5,20,3,2015_01_MIN_SF
2015,2,2015-09-17,DEN,KC,-2.5,-3.0,24,31,2015_02_DEN_KC
2015,2,2015-09-20,NE,BUF,0.0,-1.5,32,40,2015_02_NE_BUF
2015,2,2015-09-20,HOU,CAR,-4.0,-3.0,24,17,2015_02_HOU_CAR
2015,2,2015-09-20,ARI,CHI,1.5,2.0,23,48,2015_02_ARI_CHI
2015,2,2015-09-20,LAC,CIN,-3.5,-3.5,24,19,2015_02_SD_CIN
2015,2,2015-09-20,TEN,CLE,-2.5,1.0,28,14,2015_02_TEN_CLE
2015,2,2015-09-20,SEA,GB,-3.0,-3.0,27,17,2015_02_SEA_GB
2015,2,2015-09-20,MIA,JAX,6.0,6.0,23,20,2015_02_MIA_JAX
2015,2,2015-09-20,BAL,LV,6.0,6.0,37,33,2015_02_BAL_OAK
2015,2,2015-09-20,DET,MIN,-3.0,-2.5,26,16,2015_02_DET_MIN
2015,2,2015-09-20,TB,NO,-10.5,-9.0,19,26,2015_02_TB_NO
2015,2,2015-09-20,ATL,NYG,-2.0,-2.0,20,24,2015_02_ATL_NYG
2015,2,2015-09-20,DAL,PHI,-5.0,-6.5,10,20,2015_02_DAL_PHI
2015,2,2015-09-20,SF,PIT,-6.5,-6.0,43,18,2015_02_SF_PIT
2015,2,2015-09-20,LA,WAS,3.0,3.0,24,10,2015_02_STL_WAS
2015,2,2015-09-21,NYJ,IND,-7.0,-6.0,7,20,2015_02_NYJ_IND
2015,3,2015-09-24,WAS,NYG,-4.0,-3.0,32,21,2015_03_WAS_NYG
2015,3,2015-09-27,SF,ARI,-6.5,-7.0,47,7,2015_03_SF_ARI
2015,3,2015-09-27,CIN,BAL,-2.5,-1.5,24,28,2015_03_CIN_BAL
2015,3,2015-09-27,NO,CAR,-3.0,-9.5,27,22,2015_03_NO_CAR
2015,3,2015-09-27,LV,CLE,-4.0,-3.5,20,27,2015_03_OAK_CLE
2015,3,2015-09-27,ATL,DAL,0.0,0.0,28,39,2015_03_ATL_DAL
2015,3,2015-09-27,DEN,DET,3.0,3.0,12,24,2015_03_DEN_DET
2015,3,2015-09-27,TB,HOU,-7.0,-6.0,19,9,2015_03_TB_HOU
2015,3,2015-09-27,PIT,LA,-1.0,-1.0,6,12,2015_03_PIT_STL
2015,3,2015-09-27,BUF,MIA,-3.0,-1.0,14,41,2015_03_BUF_MIA
2015,3,2015-09-27,LAC,MIN,-3.0,-2.0,31,14,2015_03_SD_MIN
2015,3,2015-09-27,JAX,NE,-13.0,-14.0,51,17,2015_03_JAX_NE
2015,3,2015-09-27,PHI,NYJ,0.0,-3.0,17,24,2015_03_PHI_NYJ
2015,3,2015-09-27,CHI,SEA,-14.5,-16.5,26,0,2015_03_CHI_SEA
2015,3,2015-09-27,IND,TEN,4.0,3.5,33,35,2015_03_IND_TEN
2015,3,2015-09-28,KC,GB,-6.5,-5.5,38,28,2015_03_KC_GB
2015,4,2015-10-01,BAL,PIT,0.0,3.0,20,23,2015_04_BAL_PIT
2015,4,2015-10-04,LA,ARI,-6.5,-7.0,22,24,2015_04_STL_ARI
2015,4,2015-10-04,HOU,ATL,-4.0,-4.5,48,21,2015_04_HOU_ATL
2015,4,2015-10-04,NYG,BUF,-5.5,-6.5,10,24,2015_04_NYG_BUF
2015,4,2015-10-04,LV,CHI,2.5,3.0,22,20,2015_04_OAK_CHI
2015,4,2015-10-04,KC,CIN,-4.0,-3.5,36,21,2015_04_KC_CIN
2015,4,2015-10-04,MIN,DEN,-6.5,-7.0,23,20,2015_04_MIN_DEN
2015,4,2015-10-04,JAX,IND,-8.5,-4.0,16,13,2015_04_JAX_IND
2015,4,2015-10-04,CLE,LAC,-7.0,-5.0,30,27,2015_04_CLE_SD
2015,4,2015-10-04,NYJ,MIA,-1.0,2.5,14,27,2015_04_NYJ_MIA
2015,4,2015-10-04,DAL,NO,-3.5,-3.0,26,20,2015_04_DAL_NO
2015,4,2015-10-04,GB,SF,8.5,7.5,3,17,2015_04_GB_SF
2015,4,2015-10-04,CAR,TB,3.0,3.0,23,37,2015_04_CAR_TB
2015,4,2015-10-04,PHI,WAS,2.5,3.0,23,20,2015_04_PHI_WAS
2015,4,2015-10-05,DET,SEA,-10.0,-10.0,13,10,2015_04_DET_SEA
2015,5,2015-10-08,IND,HOU,0.0,-5.0,20,27,2015_05_IND_HOU
2015,5,2015-10-11,WAS,ATL,-8.0,-7.0,25,19,2015_05_WAS_ATL
2015,5,2015-10-11,CLE,BAL,-6.5,-6.0,30,33,2015_05_CLE_BAL
2015,5,2015-10-11,SEA,CIN,-2.5,-3.0,27,24,2015_05_SEA_CIN
2015,5,2015-10-11,NE,DAL,7.5,9.0,6,30,2015_05_NE_DAL
2015,5,2015-10-11,ARI,DET,2.5,4.5,17,42,2015_05_ARI_DET
2015,5,2015-10-11,LA,GB,-10.0,-9.0,24,10,2015_05_STL_GB
2015,5,2015-10-11,CHI,KC,-10.0,-9.5,17,18,2015_05_CHI_KC
2015,5,2015-10-11,DEN,LV,5.5,5.5,10,16,2015_05_DEN_OAK
2015,5,2015-10-11,SF,NYG,-7.0,-7.5,30,27,2015_05_SF_NYG
2015,5,2015-10-11,NO,PHI,-5.0,-6.5,39,17,2015_05_NO_PHI
2015,5,2015-10-11,JAX,TB,3.0,-1.0,38,31,2015_05_JAX_TB
2015,5,2015-10-11,BUF,TEN,3.0,0.0,13,14,2015_05_BUF_TEN
2015,5,2015-10-12,PIT,LAC,-3.0,-4.0,20,24,2015_05_PIT_SD
2015,6,2015-10-15,ATL,NO,3.0,3.0,31,21,2015_06_ATL_NO
2015,6,2015-10-18,CIN,BUF,-1.0,3.0,21,34,2015_06_CIN_BUF
2015,6,2015-10-18,DEN,CLE,4.5,3.0,23,26,2015_06_DEN_CLE
2015,6,2015-10-18,CHI,DET,-3.5,-3.5,37,34,2015_06_CHI_DET
2015,6,2015-10-18,LAC,GB,-9.5,-10.5,27,20,2015_06_SD_GB
2015,6,2015-10-18,NE,IND,7.0,8.5,27,34,2015_06_NE_IND
2015,6,2015-10-18,HOU,JAX,-1.0,-3.0,20,31,2015_06_HOU_JAX
2015,6,2015-10-18,KC,MIN,-3.5,-3.5,16,10,2015_06_KC_MIN
2015,6,2015-10-18,WAS,NYJ,-5.5,-7.5,34,20,2015_06_WAS_NYJ
2015,6,2015-10-18,ARI,PIT,3.0,6.0,25,13,2015_06_ARI_PIT
2015,6,2015-10-18,CAR,SEA,-5.5,-7.0,23,27,2015_06_CAR_SEA
2015,6,2015-10-18,BAL,SF,3.0,2.5,25,20,2015_06_BAL_SF
2015,6,2015-10-18,MIA,TEN,-2.5,-2.5,10,38,2015_06_MIA_TEN
2015,6,2015-10-19,NYG,PHI,-3.5,-3.5,27,7,2015_06_NYG_PHI
2015,7,2015-10-22,SEA,SF,4.5,6.5,3,20,2015_07_SEA_SF
2015,7,2015-10-25,PHI,CAR,-3.5,-3.0,27,16,2015_07_PHI_CAR
2015,7,2015-10-25,MIN,DET,1.5,-1.0,19,28,2015_07_MIN_DET
2015,7,2015-10-25,NO,IND,-6.0,-5.5,21,27,2015_07_NO_IND
2015,7,2015-10-25,BUF,JAX,4.5,3.5,34,31,2015_07_BUF_JAX
2015,7,2015-10-25,PIT,KC,-2.0,-3.0,23,13,2015_07_PIT_KC
2015,7,2015-10-25,CLE,LA,-5.5,-6.0,24,6,2015_07_CLE_STL
2015,7,2015-10-25,LV,LAC,-5.0,-3.5,29,37,2015_07_OAK_SD
2015,7,2015-10-25,HOU,MIA,-5.0,-4.5,44,26,2015_07_HOU_MIA
2015,7,2015-10-25,NYJ,NE,-10.0,-7.0,30,23,2015_07_NYJ_NE
2015,7,2015-10-25,DAL,NYG,-5.0,-3.0,27,20,2015_07_DAL_NYG
2015,7,2015-10-25,ATL,TEN,3.5,6.0,7,10,2015_07_ATL_TEN
2015,7,2015-10-25,TB,WAS,-3.5,-3.0,31,30,2015_07_TB_WAS
2015,7,2015-10-26,BAL,ARI,-7.5,-10.0,26,18,2015_07_BAL_ARI
2015,8,2015-10-29,MIA,NE,-8.5,-8.0,36,7,2015_08_MIA_NE
2015,8,2015-11-01,TB,ATL,-7.5,-8.0,20,23,2015_08_TB_ATL
2015,8,2015-11-01,LAC,BAL,-3.0,-4.5,29,26,2015_08_SD_BAL
2015,8,2015-11-01,MIN,CHI,2.5,1.5,20,23,2015_08_MIN_CHI
2015,8,2015-11-01,ARI,CLE,5.0,7.0,20,34,2015_08_ARI_CLE
2015,8,2015-11-01,SEA,DAL,5.5,5.5,12,13,2015_08_SEA_DAL
2015,8,2015-11-01,GB,DEN,2.5,2.5,29,10,2015_08_GB_DEN
2015,8,2015-11-01,TEN,HOU,-4.5,-3.5,20,6,2015_08_TEN_HOU
2015,8,2015-11-01,DET,KC,-6.0,-3.0,45,10,2015_08_DET_KC
2015,8,2015-11-01,SF,LA,-8.0,-8.0,27,6,2015_08_SF_STL
2015,8,2015-11-01,NYJ,LV,2.5,3.0,34,20,2015_08_NYJ_OAK
2015,8,2015-11-01,NYG,NO,-3.5,-3.0,52,49,2015_08_NYG_NO
2015,8,2015-11-01,CIN,PIT,1.5,0.0,10,16,2015_08_CIN_PIT
2015,8,2015-11-02,IND,CAR,-6.5,-5.0,29,26,2015_08_IND_CAR
2015,9,2015-11-05,CLE,CIN,-10.5,-13.0,31,10,2015_09_CLE_CIN
2015,9,2015-11-08,MIA,BUF,-3.0,-4.0,33,17,2015_09_MIA_BUF
2015,9,2015-11-08,GB,CAR,2.5,2.5,37,29,2015_09_GB_CAR
2015,9,2015-11-08,PHI,DAL,2.5,3.0,27,33,2015_09_PHI_DAL
2015,9,2015-11-08,DEN,IND,3.0,3.5,27,24,2015_09_DEN_IND
2015,9,2015-11-08,LA,MIN,-2.5,-1.5,21,18,2015_09_STL_MIN
2015,9,2015-11-08,WAS,NE,-14.0,-14.0,27,10,2015_09_WAS_NE
2015,9,2015-11-08,TEN,NO,-7.5,-7.0,28,34,2015_09_TEN_NO
2015,9,2015-11-08,JAX,NYJ,-7.5,-7.5,28,23,2015_09_JAX_NYJ
2015,9,2015-11-08,LV,PIT,-6.0,-6.0,38,35,2015_09_OAK_PIT
2015,9,2015-11-08,ATL,SF,4.0,9.0,17,16,2015_09_ATL_SF
2015,9,2015-11-08,NYG,TB,2.5,1.5,18,32,2015_09_NYG_TB
2015,9,2015-11-09,CHI,LAC,-4.0,-3.5,19,22,2015_09_CHI_SD
2015,10,2015-11-12,BUF,NYJ,-3.0,-2.5,17,22,2015_10_BUF_NYJ
2015,10,2015-11-15,JAX,BAL,-6.5,-4.5,20,22,2015_10_JAX_BAL
2015,10,2015-11-15,KC,DEN,-7.0,-4.0,13,29,2015_10_KC_DEN
2015,10,2015-11-15,DET,GB,-13.0,-10.5,16,18,2015_10_DET_GB
2015,10,2015-11-15,CHI,LA,-8.0,-7.0,13,37,2015_10_CHI_STL
2015,10,2015-11-15,MIN,LV,-2.5,-3.0,14,30,2015_10_MIN_OAK
2015,10,2015-11-15,NE,NYG,7.5,7.0,26,27,2015_10_NE_NYG
2015,10,2015-11-15,MIA,PHI,-6.5,-6.0,19,20,2015_10_MIA_PHI
2015,10,2015-11-15,CLE,PIT,-4.5,-6.5,30,9,2015_10_CLE_PIT
2015,10,2015-11-15,ARI,SEA,-3.0,-3.0,32,39,2015_10_ARI_SEA
2015,10,2015-11-15,DAL,TB,-1.0,1.0,10,6,2015_10_DAL_TB
2015,10,2015-11-15,CAR,TEN,4.0,3.5,10,27,2015_10_CAR_TEN
2015,10,2015-11-15,NO,WAS,0.0,1.0,47,14,2015_10_NO_WAS
2015,10,2015-11-16,HOU,CIN,-11.0,-10.0,6,10,2015_10_HOU_CIN
2015,11,2015-11-19,TEN,JAX,-3.0,-3.0,19,13,2015_11_TEN_JAX
2015,11,2015-11-22,CIN,ARI,-3.5,-4.0,34,31,2015_11_CIN_ARI
2015,11,2015-11-22,IND,ATL,-6.0,-3.5,21,24,2015_11_IND_ATL
2015,11,2015-11-22,LA,BAL,1.0,-3.0,16,13,2015_11_STL_BAL
2015,11,2015-11-22,WAS,CAR,-7.5,-7.0,44,16,2015_11_WAS_CAR
2015,11,2015-11-22,DEN,CHI,2.0,2.0,15,17,2015_11_DEN_CHI
2015,11,2015-11-22,LV,DET,1.0,1.5,18,13,2015_11_OAK_DET
2015,11,2015-11-22,NYJ,HOU,3.0,4.0,24,17,2015_11_NYJ_HOU
2015,11,2015-11-22,KC,LAC,3.5,3.0,3,33,2015_11_KC_SD
2015,11,2015-11-22,DAL,MIA,1.5,2.5,14,24,2015_11_DAL_MIA
2015,11,2015-11-22,GB,MIN,1.0,0.0,13,30,2015_11_GB_MIN
2015,11,2015-11-22,TB,PHI,-6.0,-6.5,17,45,2015_11_TB_PHI
2015,11,2015-11-22,SF,SEA,-12.0,-14.0,29,13,2015_11_SF_SEA
2015,11,2015-11-23,BUF,NE,-7.5,-7.0,20,13,2015_11_BUF_NE
2015,12,2015-11-26,CAR,DAL,-1.5,1.0,14,33,2015_12_CAR_DAL
2015,12,2015-11-26,PHI,DET,1.0,-3.0,45,14,2015_12_PHI_DET
2015,12,2015-11-26,CHI,GB,-8.0,-8.0,13,17,2015_12_CHI_GB
2015,12,2015-11-29,MIN,ATL,-2.5,-2.0,10,20,2015_12_MIN_ATL
2015,12,2015-11-29,LA,CIN,-9.0,-9.5,31,7,2015_12_STL_CIN
2015,12,2015-11-29,NE,DEN,5.0,2.5,30,24,2015_12_NE_DEN
2015,12,2015-11-29,NO,HOU,-3.0,-3.5,24,6,2015_12_NO_HOU
2015,12,2015-11-29,TB,IND,-3.0,-3.0,25,12,2015_12_TB_IND
2015,12,2015-11-29,LAC,JAX,-5.0,-5.0,25,31,2015_12_SD_JAX
2015,12,2015-11-29,BUF,KC,-6.0,-4.5,30,22,2015_12_BUF_KC
2015,12,2015-11-29,MIA,NYJ,-3.5,-4.5,38,20,2015_12_MIA_NYJ
2015,12,2015-11-29,PIT,SEA,-4.0,-3.0,39,30,2015_12_PIT_SEA
2015,12,2015-11-29,ARI,SF,10.5,8.5,13,19,2015_12_ARI_SF
2015,12,2015-11-29,LV,TEN,2.0,1.0,21,24,2015_12_OAK_TEN
2015,12,2015-11-29,NYG,WAS,1.0,1.5,20,14,2015_12_NYG_WAS
2015,12,2015-11-30,BAL,CLE,-1.0,-6.0,27,33,2015_12_BAL_CLE
2015,13,2015-12-03,GB,DET,5.5,2.5,23,27,2015_13_GB_DET
2015,13,2015-12-06,HOU,BUF,-3.5,-3.0,30,21,2015_13_HOU_BUF
2015,13,2015-12-06,SF,CHI,-7.0,-6.5,20,26,2015_13_SF_CHI
2015,13,2015-12-06,CIN,CLE,10.0,7.5,3,37,2015_13_CIN_CLE
2015,13,2015-12-06,ARI,LA,5.5,3.5,3,27,2015_13_ARI_STL
2015,13,2015-12-06,DEN,LAC,4.0,6.0,3,17,2015_13_DEN_SD
2015,13,2015-12-06,KC,LV,3.0,3.0,20,34,2015_13_KC_OAK
2015,13,2015-12-06,BAL,MIA,-4.5,-3.5,15,13,2015_13_BAL_MIA
2015,13,2015-12-06,SEA,MIN,1.0,3.0,7,38,2015_13_SEA_MIN
2015,13,2015-12-06,PHI,NE,-10.0,-9.5,28,35,2015_13_PHI_NE
2015,13,2015-12-06,CAR,NO,6.5,6.0,38,41,2015_13_CAR_NO
2015,13,2015-12-06,NYJ,NYG,1.0,2.5,20,23,2015_13_NYJ_NYG
2015,13,2015-12-06,IND,PIT,-7.0,-9.5,45,10,2015_13_IND_PIT
2015,13,2015-12-06,ATL,TB,-2.5,0.0,23,19,2015_13_ATL_TB
2015,13,2015-12-06,JAX,TEN,-2.5,-3.0,42,39,2015_13_JAX_TEN
2015,13,2015-12-07,DAL,WAS,-4.0,-2.0,16,19,2015_13_DAL_WAS
2015,14,2015-12-10,MIN,ARI,-7.5,-10.0,23,20,2015_14_MIN_ARI
2015,14,2015-12-13,SEA,BAL,10.5,10.5,6,35,2015_14_SEA_BAL
2015,14,2015-12-13,ATL,CAR,-7.5,-8.5,38,0,2015_14_ATL_CAR
2015,14,2015-12-13,WAS,CHI,-3.5,-4.0,21,24,2015_14_WAS_CHI
2015,14,2015-12-13,PIT,CIN,-3.0,-1.0,20,33,2015_14_PIT_CIN
2015,14,2015-12-13,SF,CLE,-1.5,-2.5,24,10,2015_14_SF_CLE
2015,14,2015-12-13,LV,DEN,-7.5,-6.0,12,15,2015_14_OAK_DEN
2015,14,2015-12-13,DAL,GB,-7.5,-6.5,28,7,2015_14_DAL_GB
2015,14,2015-12-13,NE,HOU,3.5,4.5,6,27,2015_14_NE_HOU
2015,14,2015-12-13,IND,JAX,1.5,-1.0,51,16,2015_14_IND_JAX
2015,14,2015-12-13,LAC,KC,-10.5,-12.0,10,3,2015_14_SD_KC
2015,14,2015-12-13,DET,LA,-1.0,3.0,21,14,2015_14_DET_STL
2015,14,2015-12-13,TEN,NYJ,-7.5,-8.0,30,8,2015_14_TEN_NYJ
2015,14,2015-12-13,BUF,PHI,-2.0,-1.0,23,20,2015_14_BUF_PHI
2015,14,2015-12-13,NO,TB,-3.5,-6.0,17,24,2015_14_NO_TB
2015,14,2015-12-14,NYG,MIA,0.0,2.0,24,31,2015_14_NYG_MIA
2015,15,2015-12-17,TB,LA,1.0,-1.0,31,23,2015_15_TB_STL
2015,15,2015-12-19,NYJ,DAL,3.0,3.5,16,19,2015_15_NYJ_DAL
2015,15,2015-12-20,KC,BAL,7.0,6.5,14,34,2015_15_KC_BAL
2015,15,2015-12-20,HOU,IND,0.0,-2.0,10,16,2015_15_HOU_IND
2015,15,2015-12-20,ATL,JAX,-3.5,-2.0,17,23,2015_15_ATL_JAX
2015,15,2015-12-20,MIA,LAC,0.0,-1.0,30,14,2015_15_MIA_SD
2015,15,2015-12-20,GB,LV,2.5,4.0,20,30,2015_15_GB_OAK
2015,15,2015-12-20,CHI,MIN,-5.0,-4.0,38,17,2015_15_CHI_MIN
2015,15,2015-12-20,TEN,NE,-14.0,-14.5,33,16,2015_15_TEN_NE
2015,15,2015-12-20,CAR,NYG,3.5,5.0,35,38,2015_15_CAR_NYG
2015,15,2015-12-20,ARI,PHI,3.5,3.5,17,40,2015_15_ARI_PHI
2015,15,2015-12-20,DEN,PIT,-6.5,-7.5,34,27,2015_15_DEN_PIT
2015,15,2015-12-20,CLE,SEA,-14.0,-14.5,30,13,2015_15_CLE_SEA
2015,15,2015-12-20,CIN,SF,4.5,6.5,14,24,2015_15_CIN_SF
2015,15,2015-12-20,BUF,WAS,-1.0,2.0,35,25,2015_15_BUF_WAS
2015,15,2015-12-21,DET,NO,-3.0,-2.5,27,35,2015_15_DET_NO
2015,16,2015-12-24,LAC,LV,-4.5,-4.0,23,20,2015_16_SD_OAK
2015,16,2015-12-26,WAS,PHI,-3.5,-3.5,24,38,2015_16_WAS_PHI
2015,16,2015-12-27,GB,ARI,-4.5,-6.0,38,8,2015_16_GB_ARI
2015,16,2015-12-27,CAR,ATL,7.0,7.0,20,13,2015_16_CAR_ATL
2015,16,2015-12-27,PIT,BAL,10.0,11.5,20,17,2015_16_PIT_BAL
2015,16,2015-12-27,DAL,BUF,-6.0,-6.5,16,6,2015_16_DAL_BUF
2015,16,2015-12-27,SF,DET,-8.0,-9.0,32,17,2015_16_SF_DET
2015,16,2015-12-27,CLE,KC,-12.5,-11.5,17,13,2015_16_CLE_KC
2015,16,2015-12-27,IND,MIA,-1.0,-2.5,12,18,2015_16_IND_MIA
2015,16,2015-12-27,NYG,MIN,-6.5,-7.0,49,17,2015_16_NYG_MIN
2015,16,2015-12-27,JAX,NO,-3.5,-2.5,38,27,2015_16_JAX_NO
2015,16,2015-12-27,NE,NYJ,3.0,2.5,26,20,2015_16_NE_NYJ
2015,16,2015-12-27,LA,SEA,-13.5,-11.0,17,23,2015_16_STL_SEA
2015,16,2015-12-27,CHI,TB,-2.5,-3.0,21,26,2015_16_CHI_TB
2015,16,2015-12-27,HOU,TEN,5.0,3.5,6,34,2015_16_HOU_TEN
2015,16,2015-12-28,CIN,DEN,-3.5,-4.0,20,17,2015_16_CIN_DEN
2015,17,2016-01-03,SEA,ARI,-3.5,-6.0,6,36,2015_17_SEA_ARI
2015,17,2016-01-03,NO,ATL,-4.0,-6.0,17,20,2015_17_NO_ATL
2015,17,2016-01-03,NYJ,BUF,1.5,3.0,22,17,2015_17_NYJ_BUF
2015,17,2016-01-03,TB,CAR,-11.0,-10.0,38,10,2015_17_TB_CAR
2015,17,2016-01-03,DET,CHI,-1.5,2.5,20,24,2015_17_DET_CHI
2015,17,2016-01-03,BAL,CIN,-7.5,-9.5,24,16,2015_17_BAL_CIN
2015,17,2016-01-03,PIT,CLE,10.0,13.0,12,28,2015_17_PIT_CLE
2015,17,2016-01-03,WAS,DAL,-3.5,-3.0,23,34,2015_17_WAS_DAL
2015,17,2016-01-03,LAC,DEN,-7.5,-10.0,27,20,2015_17_SD_DEN
2015,17,2016-01-03,MIN,GB,-3.0,-3.0,13,20,2015_17_MIN_GB
2015,17,2016-01-03,JAX,HOU,-6.0,-6.0,30,6,2015_17_JAX_HOU
2015,17,2016-01-03,TEN,IND,-2.5,-4.5,30,24,2015_17_TEN_IND
2015,17,2016-01-03,LV,KC,-7.0,-6.5,23,17,2015_17_OAK_KC
2015,17,2016-01-03,NE,MIA,10.5,10.0,20,10,2015_17_NE_MIA
2015,17,2016-01-03,PHI,NYG,-3.5,-3.5,30,35,2015_17_PHI_NYG
2015,17,2016-01-03,LA,SF,3.5,3.0,19,16,2015_17_STL_SF
2016,1,2016-09-08,CAR,DEN,-1.0,3.0,21,20,2016_01_CAR_DEN
2016,1,2016-09-11,NE,ARI,-5.5,-9.0,21,23,2016_01_NE_ARI
2016,1,2016-09-11,TB,ATL,-3.0,-2.5,24,31,2016_01_TB_ATL
2016,1,2016-09-11,BUF,BAL,-2.5,-3.0,13,7,2016_01_BUF_BAL
2016,1,2016-09-11,NYG,DAL,-3.5,0.0,19,20,2016_01_NYG_DAL
2016,1,2016-09-11,CHI,HOU,-5.5,-6.0,23,14,2016_01_CHI_HOU
2016,1,2016-09-11,DET,IND,-5.5,-2.5,35,39,2016_01_DET_IND
2016,1,2016-09-11,GB,JAX,4.0,3.5,23,27,2016_01_GB_JAX
2016,1,2016-09-11,LAC,KC,-7.0,-6.5,33,27,2016_01_SD_KC
2016,1,2016-09-11,LV,NO,-1.0,-2.5,34,35,2016_01_OAK_NO
2016,1,2016-09-11,CIN,NYJ,0.0,1.0,22,23,2016_01_CIN_NYJ
2016,1,2016-09-11,CLE,PHI,-7.0,-4.0,29,10,2016_01_CLE_PHI
2016,1,2016-09-11,MIA,SEA,-7.5,-10.5,12,10,2016_01_MIA_SEA
2016,1,2016-09-11,MIN,TEN,3.0,2.5,16,25,2016_01_MIN_TEN
2016,1,2016-09-12,LA,SF,2.0,2.5,28,0,2016_01_LA_SF
2016,1,2016-09-12,PIT,WAS,3.0,2.5,16,38,2016_01_PIT_WAS
2016,2,2016-09-15,NYJ,BUF,-3.0,0.0,31,37,2016_02_NYJ_BUF
2016,2,2016-09-18,TB,ARI,-7.0,-7.0,40,7,2016_02_TB_ARI
2016,2,2016-09-18,SF,CAR,-7.0,-12.5,46,27,2016_02_SF_CAR
2016,2,2016-09-18,BAL,CLE,4.5,4.5,20,25,2016_02_BAL_CLE
2016,2,2016-09-18,IND,DEN,-4.0,-6.0,34,20,2016_02_IND_DEN
2016,2,2016-09-18,TEN,DET,-5.0,-6.0,15,16,2016_02_TEN_DET
2016,2,2016-09-18,KC,HOU,-2.0,0.0,19,12,2016_02_KC_HOU
2016,2,2016-09-18,SEA,LA,7.0,5.5,9,3,2016_02_SEA_LA
2016,2,2016-09-18,JAX,LAC,-2.5,-3.0,38,14,2016_02_JAX_SD
2016,2,2016-09-18,ATL,LV,-7.0,-4.0,28,35,2016_02_ATL_OAK
2016,2,2016-09-18,GB,MIN,2.5,2.0,17,14,2016_02_GB_MIN
2016,2,2016-09-18,MIA,NE,-5.5,-6.0,31,24,2016_02_MIA_NE
2016,2,2016-09-18,NO,NYG,-5.5,-4.0,16,13,2016_02_NO_NYG
2016,2,2016-09-18,CIN,PIT,-3.0,-3.0,24,16,2016_02_CIN_PIT
2016,2,2016-09-18,DAL,WAS,-3.0,-3.5,23,27,2016_02_DAL_WAS
2016,2,2016-09-19,PHI,CHI,-2.5,-3.0,14,29,2016_02_PHI_CHI
2016,3,2016-09-22,HOU,NE,2.5,-1.0,27,0,2016_03_HOU_NE
2016,3,2016-09-25,ARI,BUF,5.5,5.5,33,18,2016_03_ARI_BUF
2016,3,2016-09-25,MIN,CAR,-7.5,-6.5,10,22,2016_03_MIN_CAR
2016,3,2016-09-25,DEN,CIN,-3.0,-3.5,17,29,2016_03_DEN_CIN
2016,3,2016-09-25,CHI,DAL,-5.5,-6.5,31,17,2016_03_CHI_DAL
2016,3,2016-09-25,DET,GB,-8.5,-6.5,34,27,2016_03_DET_GB
2016,3,2016-09-25,LAC,IND,-2.5,-1.5,26,22,2016_03_SD_IND
2016,3,2016-09-25,BAL,JAX,0.0,2.0,17,19,2016_03_BAL_JAX
2016,3,2016-09-25,NYJ,KC,-3.5,-3.0,24,3,2016_03_NYJ_KC
2016,3,2016-09-25,CLE,MIA,-7.0,-10.0,30,24,2016_03_CLE_MIA
2016,3,2016-09-25,WAS,NYG,-3.5,-3.5,27,29,2016_03_WAS_NYG
2016,3,2016-09-25,PIT,PHI,3.5,4.0,34,3,2016_03_PIT_PHI
2016,3,2016-09-25,SF,SEA,-10.5,-10.5,37,18,2016_03_SF_SEA
2016,3,2016-09-25,LA,TB,-4.0,-3.5,32,37,2016_03_LA_TB
2016,3,2016-09-25,LV,TEN,0.0,1.5,10,17,2016_03_OAK_TEN
2016,3,2016-09-26,ATL,NO,-3.0,-3.0,32,45,2016_03_ATL_NO
2016,4,2016-09-29,MIA,CIN,-7.0,-7.5,22,7,2016_04_MIA_CIN
2016,4,2016-10-02,LA,ARI,-10.0,-9.5,13,17,2016_04_LA_ARI
2016,4,2016-10-02,CAR,ATL,3.5,3.0,48,33,2016_04_CAR_ATL
2016,4,2016-10-02,LV,BAL,-4.0,-3.5,27,28,2016_04_OAK_BAL
2016,4,2016-10-02,DET,CHI,3.0,3.5,17,14,2016_04_DET_CHI
2016,4,2016-10-02,TEN,HOU,-7.0,-4.0,27,20,2016_04_TEN_HOU
2016,4,2016-10-02,IND,JAX,1.0,1.0,30,27,2016_04_IND_JAX
2016,4,2016-10-02,NO,LAC,-4.5,-4.0,34,35,2016_04_NO_SD
2016,4,2016-10-02,BUF,NE,-7.5,-3.5,0,16,2016_04_BUF_NE
2016,4,2016-10-02,SEA,NYJ,2.5,0.0,17,27,2016_04_SEA_NYJ
2016,4,2016-10-02,KC,PIT,-5.0,-3.5,43,14,2016_04_KC_PIT
2016,4,2016-10-02,DAL,SF,3.0,1.5,17,24,2016_04_DAL_SF
2016,4,2016-10-02,DEN,TB,3.0,3.5,7,27,2016_04_DEN_TB
2016,4,2016-10-02,CLE,WAS,-10.0,-7.5,31,20,2016_04_CLE_WAS
2016,4,2016-10-03,NYG,MIN,-3.5,-4.0,24,10,2016_04_NYG_MIN
2016,5,2016-10-06,ARI,SF,2.5,3.5,21,33,2016_05_ARI_SF
2016,5,2016-10-09,WAS,BAL,-3.5,-4.0,10,16,2016_05_WAS_BAL
2016,5,2016-10-09,NE,CLE,10.5,10.0,13,33,2016_05_NE_CLE
2016,5,2016-10-09,CIN,DAL,0.0,2.5,28,14,2016_05_CIN_DAL
2016,5,2016-10-09,ATL,DEN,-6.0,-4.0,16,23,2016_05_ATL_DEN
2016,5,2016-10-09,PHI,DET,2.0,3.5,24,23,2016_05_PHI_DET
2016,5,2016-10-09,NYG,GB,-7.5,-7.0,23,16,2016_05_NYG_GB
2016,5,2016-10-09,CHI,IND,-4.0,-4.0,29,23,2016_05_CHI_IND
2016,5,2016-10-09,BUF,LA,-2.0,2.5,19,30,2016_05_BUF_LA
2016,5,2016-10-09,LAC,LV,-4.0,-3.5,34,31,2016_05_SD_OAK
2016,5,2016-10-09,TEN,MIA,-3.5,-2.5,17,30,2016_05_TEN_MIA
2016,5,2016-10-09,HOU,MIN,-6.5,-6.0,31,13,2016_05_HOU_MIN
2016,5,2016-10-09,NYJ,PIT,-7.5,-9.5,31,13,2016_05_NYJ_PIT
2016,5,2016-10-10,TB,CAR,-4.5,-6.0,14,17,2016_05_TB_CAR
2016,6,2016-10-13,DEN,LAC,2.5,3.0,21,13,2016_06_DEN_SD
2016,6,2016-10-16,SF,BUF,-7.5,-7.5,45,16,2016_06_SF_BUF
2016,6,2016-10-16,JAX,CHI,-2.0,-2.5,16,17,2016_06_JAX_CHI
2016,6,2016-10-16,LA,DET,-3.0,-3.0,31,28,2016_06_LA_DET
2016,6,2016-10-16,DAL,GB,-4.0,-5.0,16,30,2016_06_DAL_GB
2016,6,2016-10-16,IND,HOU,-3.5,-3.0,26,23,2016_06_IND_HOU
2016,6,2016-10-16,KC,LV,-2.0,2.0,10,26,2016_06_KC_OAK
2016,6,2016-10-16,PIT,MIA,7.5,7.5,30,15,2016_06_PIT_MIA
2016,6,2016-10-16,CIN,NE,-8.0,-7.5,35,17,2016_06_CIN_NE
2016,6,2016-10-16,CAR,NO,3.0,2.5,41,38,2016_06_CAR_NO
2016,6,2016-10-16,BAL,NYG,-3.0,-3.5,27,23,2016_06_BAL_NYG
2016,6,2016-10-16,ATL,SEA,-6.0,-7.0,26,24,2016_06_ATL_SEA
2016,6,2016-10-16,CLE,TEN,-7.0,-7.5,28,26,2016_06_CLE_TEN
2016,6,2016-10-16,PHI,WAS,0.0,3.0,27,20,2016_06_PHI_WAS
2016,6,2016-10-17,NYJ,ARI,-7.5,-7.0,28,3,2016_06_NYJ_ARI
2016,7,2016-10-20,CHI,GB,-9.0,-7.5,26,10,2016_07_CHI_GB
2016,7,2016-10-23,SEA,ARI,-2.0,-1.5,6,6,2016_07_SEA_ARI
2016,7,2016-10-23,LAC,ATL,-6.5,-5.0,30,33,2016_07_SD_ATL
2016,7,2016-10-23,CLE,CIN,-10.0,-11.5,31,17,2016_07_CLE_CIN
2016,7,2016-10-23,WAS,DET,-1.5,1.0,20,17,2016_07_WAS_DET
2016,7,2016-10-23,LV,JAX,-1.0,-2.0,16,33,2016_07_OAK_JAX
2016,7,2016-10-23,NO,KC,-7.0,-6.5,27,21,2016_07_NO_KC
2016,7,2016-10-23,NYG,LA,2.5,3.0,10,17,2016_07_NYG_LA
2016,7,2016-10-23,BUF,MIA,3.0,2.5,28,25,2016_07_BUF_MIA
2016,7,2016-10-23,BAL,NYJ,-1.0,-2.0,24,16,2016_07_BAL_NYJ
2016,7,2016-10-23,MIN,PHI,1.0,3.0,21,10,2016_07_MIN_PHI
2016,7,2016-10-23,NE,PIT,7.5,7.5,16,27,2016_07_NE_PIT
2016,7,2016-10-23,TB,SF,2.0,-1.0,17,34,2016_07_TB_SF
2016,7,2016-10-23,IND,TEN,-2.5,-4.0,26,34,2016_07_IND_TEN
2016,7,2016-10-24,HOU,DEN,-7.5,-8.5,27,9,2016_07_HOU_DEN
2016,8,2016-10-27,JAX,TEN,-3.5,-3.0,36,22,2016_08_JAX_TEN
2016,8,2016-10-30,GB,ATL,-2.5,-3.0,33,32,2016_08_GB_ATL
2016,8,2016-10-30,NE,BUF,5.0,6.5,25,41,2016_08_NE_BUF
2016,8,2016-10-30,ARI,CAR,-2.5,-2.5,30,20,2016_08_ARI_CAR
2016,8,2016-10-30,WAS,CIN,-2.5,-3.0,27,27,2016_08_WAS_CIN
2016,8,2016-10-30,NYJ,CLE,3.0,2.5,28,31,2016_08_NYJ_CLE
2016,8,2016-10-30,PHI,DAL,-4.5,-5.0,29,23,2016_08_PHI_DAL
2016,8,2016-10-30,LAC,DEN,-6.0,-3.5,27,19,2016_08_SD_DEN
2016,8,2016-10-30,DET,HOU,-2.5,-1.0,20,13,2016_08_DET_HOU
2016,8,2016-10-30,KC,IND,2.5,3.0,14,30,2016_08_KC_IND
2016,8,2016-10-30,SEA,NO,3.5,1.0,25,20,2016_08_SEA_NO
2016,8,2016-10-30,LV,TB,0.0,0.0,24,30,2016_08_OAK_TB
2016,8,2016-10-31,MIN,CHI,5.0,5.5,20,10,2016_08_MIN_CHI
2016,9,2016-11-03,ATL,TB,3.0,4.5,28,43,2016_09_ATL_TB
2016,9,2016-11-06,PIT,BAL,3.0,3.0,21,14,2016_09_PIT_BAL
2016,9,2016-11-06,DAL,CLE,7.5,7.0,10,35,2016_09_DAL_CLE
2016,9,2016-11-06,IND,GB,-7.0,-7.5,26,31,2016_09_IND_GB
2016,9,2016-11-06,JAX,KC,-7.5,-7.0,19,14,2016_09_JAX_KC
2016,9,2016-11-06,CAR,LA,3.0,3.0,10,13,2016_09_CAR_LA
2016,9,2016-11-06,TEN,LAC,-4.5,-4.0,43,35,2016_09_TEN_SD
2016,9,2016-11-06,DEN,LV,0.0,0.0,30,20,2016_09_DEN_OAK
2016,9,2016-11-06,NYJ,MIA,-3.0,-4.0,27,23,2016_09_NYJ_MIA
2016,9,2016-11-06,DET,MIN,-6.0,-5.5,16,22,2016_09_DET_MIN
2016,9,2016-11-06,PHI,NYG,-3.0,-3.0,28,23,2016_09_PHI_NYG
2016,9,2016-11-06,NO,SF,3.0,5.5,23,41,2016_09_NO_SF
2016,9,2016-11-07,BUF,SEA,-7.0,-6.0,31,25,2016_09_BUF_SEA
2016,10,2016-11-10,CLE,BAL,-10.5,-7.5,28,7,2016_10_CLE_BAL
2016,10,2016-11-13,SF,ARI,-13.0,-14.0,23,20,2016_10_SF_ARI
2016,10,2016-11-13,KC,CAR,-3.0,-3.0,17,20,2016_10_KC_CAR
2016,10,2016-11-13,HOU,JAX,0.0,-3.0,21,24,2016_10_HOU_JAX
2016,10,2016-11-13,MIA,LAC,-3.5,-4.5,24,31,2016_10_MIA_SD
2016,10,2016-11-13,SEA,NE,-7.5,-7.5,24,31,2016_10_SEA_NE
2016,10,2016-11-13,DEN,NO,-1.5,-3.0,23,25,2016_10_DEN_NO
2016,10,2016-11-13,LA,NYJ,-2.5,1.0,6,9,2016_10_LA_NYJ
2016,10,2016-11-13,ATL,PHI,-2.5,-1.5,24,15,2016_10_ATL_PHI
2016,10,2016-11-13,DAL,PIT,-3.0,-3.0,30,35,2016_10_DAL_PIT
2016,10,2016-11-13,CHI,TB,0.0,2.5,36,10,2016_10_CHI_TB
2016,10,2016-11-13,GB,TEN,2.5,3.0,47,25,2016_10_GB_TEN
2016,10,2016-11-13,MIN,WAS,-2.5,-2.5,26,20,2016_10_MIN_WAS
2016,10,2016-11-14,CIN,NYG,-2.5,0.0,21,20,2016_10_CIN_NYG
2016,11,2016-11-17,NO,CAR,-4.0,-3.5,23,20,2016_11_NO_CAR
2016,11,2016-11-20,BUF,CIN,-3.0,-2.5,12,16,2016_11_BUF_CIN
2016,11,2016-11-20,PIT,CLE,9.0,9.0,9,24,2016_11_PIT_CLE
2016,11,2016-11-20,BAL,DAL,-7.5,-7.0,27,17,2016_11_BAL_DAL
2016,11,2016-11-20,JAX,DET,-6.5,-5.5,26,19,2016_11_JAX_DET
2016,11,2016-11-20,TEN,IND,-3.0,-3.0,24,17,2016_11_TEN_IND
2016,11,2016-11-20,TB,KC,-7.5,-7.0,17,19,2016_11_TB_KC
2016,11,2016-11-20,MIA,LA,0.0,1.0,10,14,2016_11_MIA_LA
2016,11,2016-11-20,ARI,MIN,0.0,-2.0,30,24,2016_11_ARI_MIN
2016,11,2016-11-20,CHI,NYG,-7.5,-7.0,22,16,2016_11_CHI_NYG
2016,11,2016-11-20,PHI,SEA,-6.0,-6.5,26,15,2016_11_PHI_SEA
2016,11,2016-11-20,NE,SF,13.5,12.0,17,30,2016_11_NE_SF
2016,11,2016-11-20,GB,WAS,-2.5,-3.0,42,24,2016_11_GB_WAS
2016,11,2016-11-21,HOU,LV,-5.0,-6.5,27,20,2016_11_HOU_OAK
2016,12,2016-11-24,WAS,DAL,-7.0,-5.5,31,26,2016_12_WAS_DAL
2016,12,2016-11-24,MIN,DET,-2.5,-1.5,16,13,2016_12_MIN_DET
2016,12,2016-11-24,PIT,IND,2.5,8.5,7,28,2016_12_PIT_IND
2016,12,2016-11-27,ARI,ATL,-4.0,-4.0,38,19,2016_12_ARI_ATL
2016,12,2016-11-27,CIN,BAL,-3.5,-3.5,19,14,2016_12_CIN_BAL
2016,12,2016-11-27,JAX,BUF,-7.0,-8.5,28,21,2016_12_JAX_BUF
2016,12,2016-11-27,TEN,CHI,1.0,6.5,21,27,2016_12_TEN_CHI
2016,12,2016-11-27,NYG,CLE,7.0,6.5,13,27,2016_12_NYG_CLE
2016,12,2016-11-27,KC,DEN,-3.5,-3.5,27,30,2016_12_KC_DEN
2016,12,2016-11-27,LAC,HOU,-1.0,2.5,13,21,2016_12_SD_HOU
2016,12,2016-11-27,CAR,LV,-3.5,-3.5,35,32,2016_12_CAR_OAK
2016,12,2016-11-27,SF,MIA,-7.5,-7.0,31,24,2016_12_SF_MIA
2016,12,2016-11-27,LA,NO,-6.5,-8.0,49,21,2016_12_LA_NO
2016,12,2016-11-27,NE,NYJ,8.5,9.5,17,22,2016_12_NE_NYJ
2016,12,2016-11-27,SEA,TB,5.5,5.5,14,5,2016_12_SEA_TB
2016,12,2016-11-28,GB,PHI,-3.5,-4.0,13,27,2016_12_GB_PHI
2016,13,2016-12-01,DAL,MIN,2.5,3.0,15,17,2016_13_DAL_MIN
2016,13,2016-12-04,WAS,ARI,-2.5,-2.5,31,23,2016_13_WAS_ARI
2016,13,2016-12-04,KC,ATL,-3.5,-5.0,28,29,2016_13_KC_ATL
2016,13,2016-12-04,MIA,BAL,-3.5,-3.5,38,6,2016_13_MIA_BAL
2016,13,2016-12-04,SF,CHI,-2.5,1.0,26,6,2016_13_SF_CHI
2016,13,2016-12-04,PHI,CIN,1.0,-1.5,32,14,2016_13_PHI_CIN
2016,13,2016-12-04,HOU,GB,-6.0,-7.0,21,13,2016_13_HOU_GB
2016,13,2016-12-04,DEN,JAX,4.5,3.5,10,20,2016_13_DEN_JAX
2016,13,2016-12-04,TB,LAC,-4.0,-3.5,21,28,2016_13_TB_SD
2016,13,2016-12-04,BUF,LV,-3.5,-3.0,38,24,2016_13_BUF_OAK
2016,13,2016-12-04,LA,NE,-13.5,-13.5,26,10,2016_13_LA_NE
2016,13,2016-12-04,DET,NO,-4.0,-6.5,13,28,2016_13_DET_NO
2016,13,2016-12-04,NYG,PIT,-5.5,-6.5,24,14,2016_13_NYG_PIT
2016,13,2016-12-04,CAR,SEA,-6.5,-8.5,40,7,2016_13_CAR_SEA
2016,13,2016-12-05,IND,NYJ,1.5,-1.0,10,41,2016_13_IND_NYJ
2016,14,2016-12-08,LV,KC,-3.0,-3.5,21,13,2016_14_OAK_KC
2016,14,2016-12-11,PIT,BUF,1.5,2.0,20,27,2016_14_PIT_BUF
2016,14,2016-12-11,LAC,CAR,-1.0,-1.0,28,16,2016_14_SD_CAR
2016,14,2016-12-11,CIN,CLE,4.0,5.0,10,23,2016_14_CIN_CLE
2016,14,2016-12-11,CHI,DET,-9.5,-7.5,20,17,2016_14_CHI_DET
2016,14,2016-12-11,SEA,GB,2.5,3.0,38,10,2016_14_SEA_GB
2016,14,2016-12-11,HOU,IND,-6.0,-6.5,17,22,2016_14_HOU_IND
2016,14,2016-12-11,MIN,JAX,3.0,3.5,16,25,2016_14_MIN_JAX
2016,14,2016-12-11,ATL,LA,4.5,5.0,14,42,2016_14_ATL_LA
2016,14,2016-12-11,ARI,MIA,-2.5,2.0,26,23,2016_14_ARI_MIA
2016,14,2016-12-11,DAL,NYG,3.0,3.5,10,7,2016_14_DAL_NYG
2016,14,2016-12-11,WAS,PHI,1.0,2.5,22,27,2016_14_WAS_PHI
2016,14,2016-12-11,NYJ,SF,-1.0,-3.0,17,23,2016_14_NYJ_SF
2016,14,2016-12-11,NO,TB,-2.5,-2.0,16,11,2016_14_NO_TB
2016,14,2016-12-11,DEN,TEN,-1.5,-2.0,13,10,2016_14_DEN_TEN
2016,14,2016-12-12,BAL,NE,-7.5,-6.0,30,23,2016_14_BAL_NE
2016,15,2016-12-15,LA,SEA,-14.0,-15.5,24,3,2016_15_LA_SEA
2016,15,2016-12-17,MIA,NYJ,3.0,2.5,13,34,2016_15_MIA_NYJ
2016,15,2016-12-18,NO,ARI,-2.5,-3.0,41,48,2016_15_NO_ARI
2016,15,2016-12-18,SF,ATL,-13.0,-14.0,41,13,2016_15_SF_ATL
2016,15,2016-12-18,PHI,BAL,-5.5,-5.0,27,26,2016_15_PHI_BAL
2016,15,2016-12-18,CLE,BUF,-10.5,-10.5,33,13,2016_15_CLE_BUF
2016,15,2016-12-18,GB,CHI,6.5,4.5,27,30,2016_15_GB_CHI
2016,15,2016-12-18,PIT,CIN,3.0,3.0,20,24,2016_15_PIT_CIN
2016,15,2016-12-18,TB,DAL,-7.0,-7.0,26,20,2016_15_TB_DAL
2016,15,2016-12-18,NE,DEN,3.0,3.0,3,16,2016_15_NE_DEN
2016,15,2016-12-18,JAX,HOU,-5.0,-3.5,21,20,2016_15_JAX_HOU
2016,15,2016-12-18,TEN,KC,-5.0,-6.0,17,19,2016_15_TEN_KC
2016,15,2016-12-18,LV,LAC,3.0,2.5,16,19,2016_15_OAK_SD
2016,15,2016-12-18,IND,MIN,-3.5,-5.0,6,34,2016_15_IND_MIN
2016,15,2016-12-18,DET,NYG,-4.0,-4.0,17,6,2016_15_DET_NYG
2016,15,2016-12-19,CAR,WAS,-4.5,-7.0,15,26,2016_15_CAR_WAS
2016,16,2016-12-22,NYG,PHI,3.0,-1.0,24,19,2016_16_NYG_PHI
2016,16,2016-12-24,MIA,BUF,-3.5,-4.5,31,34,2016_16_MIA_BUF
2016,16,2016-12-24,ATL,CAR,2.0,3.0,16,33,2016_16_ATL_CAR
2016,16,2016-12-24,WAS,CHI,3.0,3.0,21,41,2016_16_WAS_CHI
2016,16,2016-12-24,LAC,CLE,6.0,5.0,20,17,2016_16_SD_CLE
2016,16,2016-12-24,MIN,GB,-7.0,-6.5,38,25,2016_16_MIN_GB
2016,16,2016-12-24,CIN,HOU,-2.5,-3.0,12,10,2016_16_CIN_HOU
2016,16,2016-12-24,TEN,JAX,3.5,4.5,38,17,2016_16_TEN_JAX
2016,16,2016-12-24,SF,LA,-3.0,-6.0,21,22,2016_16_SF_LA
2016,16,2016-12-24,IND,LV,-4.0,-3.5,33,25,2016_16_IND_OAK
2016,16,2016-12-24,NYJ,NE,-16.5,-17.0,41,3,2016_16_NYJ_NE
2016,16,2016-12-24,TB,NO,-3.0,-3.0,31,24,2016_16_TB_NO
2016,16,2016-12-24,ARI,SEA,-7.5,-9.0,31,34,2016_16_ARI_SEA
2016,16,2016-12-25,DEN,KC,-4.5,-3.5,33,10,2016_16_DEN_KC
2016,16,2016-12-25,BAL,PIT,-5.0,-5.5,31,27,2016_16_BAL_PIT
2016,16,2016-12-26,DET,DAL,-7.5,-6.5,42,21,2016_16_DET_DAL
2016,17,2017-01-01,NO,ATL,-6.5,-7.5,38,32,2016_17_NO_ATL
2016,17,2017-01-01,BAL,CIN,-2.5,2.5,27,10,2016_17_BAL_CIN
2016,17,2017-01-01,LV,DEN,-3.5,-1.0,24,6,2016_17_OAK_DEN
2016,17,2017-01-01,GB,DET,3.5,3.5,24,31,2016_17_GB_DET
2016,17,2017-01-01,JAX,IND,-6.0,-5.5,24,20,2016_17_JAX_IND
2016,17,2017-01-01,ARI,LA,7.0,7.0,6,44,2016_17_ARI_LA
2016,17,2017-01-01,KC,LAC,4.0,6.0,27,37,2016_17_KC_SD
2016,17,2017-01-01,NE,MIA,7.5,8.0,14,35,2016_17_NE_MIA
2016,17,2017-01-01,CHI,MIN,-6.5,-6.5,38,10,2016_17_CHI_MIN
2016,17,2017-01-01,BUF,NYJ,6.0,4.0,30,10,2016_17_BUF_NYJ
2016,17,2017-01-01,DAL,PHI,-3.5,-6.5,27,13,2016_17_DAL_PHI
2016,17,2017-01-01,CLE,PIT,-10.5,-3.5,27,24,2016_17_CLE_PIT
2016,17,2017-01-01,SEA,SF,9.5,11.5,23,25,2016_17_SEA_SF
2016,17,2017-01-01,CAR,TB,-4.0,-3.5,17,16,2016_17_CAR_TB
2016,17,2017-01-01,HOU,TEN,-3.0,-3.0,24,17,2016_17_HOU_TEN
2016,17,2017-01-01,NYG,WAS,-7.5,-9.0,10,19,2016_17_NYG_WAS
2017,1,2017-09-07,KC,NE,-7.5,-8.0,27,42,2017_01_KC_NE
2017,1,2017-09-10,NYJ,BUF,-6.0,-7.5,21,12,2017_01_NYJ_BUF
2017,1,2017-09-10,ATL,CHI,7.0,7.0,17,23,2017_01_ATL_CHI
2017,1,2017-09-10,BAL,CIN,-2.5,-3.0,0,20,2017_01_BAL_CIN
2017,1,2017-09-10,PIT,CLE,9.0,10.0,18,21,2017_01_PIT_CLE
2017,1,2017-09-10,NYG,DAL,-5.5,-6.0,19,3,2017_01_NYG_DAL
2017,1,2017-09-10,ARI,DET,-2.5,2.0,35,23,2017_01_ARI_DET
2017,1,2017-09-10,SEA,GB,-3.0,-3.0,17,9,2017_01_SEA_GB
2017,1,2017-09-10,JAX,HOU,-4.5,-6.0,7,29,2017_01_JAX_HOU
2017,1,2017-09-10,IND,LA,3.0,-3.5,46,9,2017_01_IND_LA
2017,1,2017-09-10,CAR,SF,4.5,5.0,3,23,2017_01_CAR_SF
2017,1,2017-09-10,LV,TEN,1.0,-2.5,16,26,2017_01_OAK_TEN
2017,1,2017-09-10,PHI,WAS,-2.5,1.0,17,30,2017_01_PHI_WAS
2017,1,2017-09-11,LAC,DEN,-3.5,-3.0,24,21,2017_01_LAC_DEN
2017,1,2017-09-11,NO,MIN,-3.5,-3.0,29,19,2017_01_NO_MIN
2017,2,2017-09-14,HOU,CIN,-3.0,-5.5,9,13,2017_02_HOU_CIN
2017,2,2017-09-17,GB,ATL,-2.0,-3.0,34,23,2017_02_GB_ATL
2017,2,2017-09-17,CLE,BAL,-7.5,-7.5,24,10,2017_02_CLE_BAL
2017,2,2017-09-17,BUF,CAR,-7.0,-6.5,9,3,2017_02_BUF_CAR
2017,2,2017-09-17,DAL,DEN,2.0,2.5,42,17,2017_02_DAL_DEN
2017,2,2017-09-17,ARI,IND,7.0,7.0,13,16,2017_02_ARI_IND
2017,2,2017-09-17,TEN,JAX,0.0,1.5,16,37,2017_02_TEN_JAX
2017,2,2017-09-17,PHI,KC,-4.5,-4.5,27,20,2017_02_PHI_KC
2017,2,2017-09-17,WAS,LA,-3.0,-3.0,20,27,2017_02_WAS_LA
2017,2,2017-09-17,MIA,LAC,-5.0,-3.5,17,19,2017_02_MIA_LAC
2017,2,2017-09-17,NYJ,LV,-14.0,-14.0,45,20,2017_02_NYJ_OAK
2017,2,2017-09-17,NE,NO,4.5,6.0,20,36,2017_02_NE_NO
2017,2,2017-09-17,MIN,PIT,-7.0,-8.5,26,9,2017_02_MIN_PIT
2017,2,2017-09-17,SF,SEA,-12.0,-13.5,12,9,2017_02_SF_SEA
2017,2,2017-09-17,CHI,TB,-6.5,-7.0,29,7,2017_02_CHI_TB
2017,2,2017-09-18,DET,NYG,-4.5,-3.0,10,24,2017_02_DET_NYG
2017,3,2017-09-21,LA,SF,3.0,3.0,39,41,2017_03_LA_SF
2017,3,2017-09-24,DEN,BUF,2.0,3.5,26,16,2017_03_DEN_BUF
2017,3,2017-09-24,NO,CAR,-6.0,-5.5,13,34,2017_03_NO_CAR
2017,3,2017-09-24,PIT,CHI,7.5,7.0,23,17,2017_03_PIT_CHI
2017,3,2017-09-24,ATL,DET,3.0,3.0,26,30,2017_03_ATL_DET
2017,3,2017-09-24,CIN,GB,-10.0,-7.0,27,24,2017_03_CIN_GB
2017,3,2017-09-24,CLE,IND,1.0,1.0,31,28,2017_03_CLE_IND
2017,3,2017-09-24,BAL,JAX,4.0,3.0,44,7,2017_03_BAL_JAX
2017,3,2017-09-24,KC,LAC,2.5,3.0,10,24,2017_03_KC_LAC
2017,3,2017-09-24,TB,MIN,2.5,1.0,34,17,2017_03_TB_MIN
2017,3,2017-09-24,HOU,NE,-13.0,-13.5,36,33,2017_03_HOU_NE
2017,3,2017-09-24,MIA,NYJ,6.0,5.5,20,6,2017_03_MIA_NYJ
2017,3,2017-09-24,NYG,PHI,-5.0,-5.5,27,24,2017_03_NYG_PHI
2017,3,2017-09-24,SEA,TEN,-2.5,-2.5,33,27,2017_03_SEA_TEN
2017,3,2017-09-24,LV,WAS,3.5,3.5,27,10,2017_03_OAK_WAS
2017,3,2017-09-25,DAL,ARI,3.5,3.0,17,28,2017_03_DAL_ARI
2017,4,2017-09-28,CHI,GB,-7.5,-7.0,35,14,2017_04_CHI_GB
2017,4,2017-10-01,SF,ARI,-7.0,-6.5,18,15,2017_04_SF_ARI
2017,4,2017-10-01,BUF,ATL,-8.5,-8.0,17,23,2017_04_BUF_ATL
2017,4,2017-10-01,PIT,BAL,2.5,3.5,9,26,2017_04_PIT_BAL
2017,4,2017-10-01,CIN,CLE,3.0,3.5,7,31,2017_04_CIN_CLE
2017,4,2017-10-01,LA,DAL,-7.5,-5.5,30,35,2017_04_LA_DAL
2017,4,2017-10-01,LV,DEN,-2.5,-3.5,16,10,2017_04_OAK_DEN
2017,4,2017-10-01,TEN,HOU,2.0,2.5,57,14,2017_04_TEN_HOU
2017,4,2017-10-01,PHI,LAC,-1.0,-2.0,24,26,2017_04_PHI_LAC
2017,4,2017-10-01,NO,MIA,2.0,4.0,0,20,2017_04_NO_MIA
2017,4,2017-10-01,DET,MIN,-2.5,-2.5,7,14,2017_04_DET_MIN
2017,4,2017-10-01,CAR,NE,-8.5,-9.5,30,33,2017_04_CAR_NE
2017,4,2017-10-01,JAX,NYJ,3.5,4.0,23,20,2017_04_JAX_NYJ
2017,4,2017-10-01,IND,SEA,-13.5,-12.5,46,18,2017_04_IND_SEA
2017,4,2017-10-01,NYG,TB,-4.5,-2.5,25,23,2017_04_NYG_TB
2017,4,2017-10-02,WAS,KC,-7.0,-6.5,29,20,2017_04_WAS_KC
2017,5,2017-10-05,NE,TB,4.5,4.0,14,19,2017_05_NE_TB
2017,5,2017-10-08,BUF,CIN,-3.0,-3.0,20,16,2017_05_BUF_CIN
2017,5,2017-10-08,NYJ,CLE,-1.5,1.5,14,17,2017_05_NYJ_CLE
2017,5,2017-10-08,GB,DAL,-2.5,-2.5,31,35,2017_05_GB_DAL
2017,5,2017-10-08,CAR,DET,-3.0,-2.0,24,27,2017_05_CAR_DET
2017,5,2017-10-08,KC,HOU,0.0,2.0,34,42,2017_05_KC_HOU
2017,5,2017-10-08,SF,IND,-1.5,-1.5,26,23,2017_05_SF_IND
2017,5,2017-10-08,SEA,LA,-2.0,-2.0,10,16,2017_05_SEA_LA
2017,5,2017-10-08,BAL,LV,-2.5,-3.0,17,30,2017_05_BAL_OAK
2017,5,2017-10-08,TEN,MIA,3.0,-1.0,16,10,2017_05_TEN_MIA
2017,5,2017-10-08,LAC,NYG,-4.0,-3.0,22,27,2017_05_LAC_NYG
2017,5,2017-10-08,ARI,PHI,-6.5,-6.5,34,7,2017_05_ARI_PHI
2017,5,2017-10-08,JAX,PIT,-8.5,-7.5,9,30,2017_05_JAX_PIT
2017,5,2017-10-09,MIN,CHI,0.0,3.5,17,20,2017_05_MIN_CHI
2017,6,2017-10-12,PHI,CAR,-3.0,-3.0,23,28,2017_06_PHI_CAR
2017,6,2017-10-15,TB,ARI,0.0,2.5,38,33,2017_06_TB_ARI
2017,6,2017-10-15,MIA,ATL,-10.0,-13.5,17,20,2017_06_MIA_ATL
2017,6,2017-10-15,CHI,BAL,-6.5,-5.5,24,27,2017_06_CHI_BAL
2017,6,2017-10-15,NYG,DEN,-10.0,-13.5,10,23,2017_06_NYG_DEN
2017,6,2017-10-15,CLE,HOU,-9.5,-7.5,33,17,2017_06_CLE_HOU
2017,6,2017-10-15,LA,JAX,-2.5,-1.0,17,27,2017_06_LA_JAX
2017,6,2017-10-15,PIT,KC,-4.0,-3.5,13,19,2017_06_PIT_KC
2017,6,2017-10-15,LAC,LV,-3.5,-3.0,16,17,2017_06_LAC_OAK
2017,6,2017-10-15,GB,MIN,3.0,3.0,23,10,2017_06_GB_MIN
2017,6,2017-10-15,DET,NO,-3.5,-5.5,52,38,2017_06_DET_NO
2017,6,2017-10-15,NE,NYJ,9.5,9.5,17,24,2017_06_NE_NYJ
2017,6,2017-10-15,SF,WAS,-10.0,-11.0,26,24,2017_06_SF_WAS
2017,6,2017-10-16,IND,TEN,-8.0,-7.0,36,22,2017_06_IND_TEN
2017,7,2017-10-19,KC,LV,-3.0,3.0,31,30,2017_07_KC_OAK
2017,7,2017-10-22,TB,BUF,-1.5,-3.0,30,27,2017_07_TB_BUF
2017,7,2017-10-22,CAR,CHI,4.0,3.0,17,3,2017_07_CAR_CHI
2017,7,2017-10-22,TEN,CLE,5.5,6.0,9,12,2017_07_TEN_CLE
2017,7,2017-10-22,NO,GB,4.0,4.0,17,26,2017_07_NO_GB
2017,7,2017-10-22,JAX,IND,3.0,3.0,0,27,2017_07_JAX_IND
2017,7,2017-10-22,ARI,LA,-3.5,-3.0,33,0,2017_07_ARI_LA
2017,7,2017-10-22,DEN,LAC,-1.0,1.0,21,0,2017_07_DEN_LAC
2017,7,2017-10-22,NYJ,MIA,-4.0,-3.0,31,28,2017_07_NYJ_MIA
2017,7,2017-10-22,BAL,MIN,-4.5,-5.0,24,16,2017_07_BAL_MIN
2017,7,2017-10-22,ATL,NE,-4.5,-3.0,23,7,2017_07_ATL_NE
2017,7,2017-10-22,SEA,NYG,8.0,4.0,7,24,2017_07_SEA_NYG
2017,7,2017-10-22,CIN,PIT,-6.0,-4.0,29,14,2017_07_CIN_PIT
2017,7,2017-10-22,DAL,SF,6.0,6.5,10,40,2017_07_DAL_SF
2017,7,2017-10-23,WAS,PHI,-5.5,-5.5,34,24,2017_07_WAS_PHI
2017,8,2017-10-26,MIA,BAL,-3.0,-3.0,40,0,2017_08_MIA_BAL
2017,8,2017-10-29,LV,BUF,-3.0,-2.0,34,14,2017_08_OAK_BUF
2017,8,2017-10-29,IND,CIN,-9.0,-10.5,24,23,2017_08_IND_CIN
2017,8,2017-10-29,MIN,CLE,8.5,11.0,16,33,2017_08_MIN_CLE
2017,8,2017-10-29,PIT,DET,3.0,3.0,15,20,2017_08_PIT_DET
2017,8,2017-10-29,LAC,NE,-7.5,-7.0,21,13,2017_08_LAC_NE
2017,8,2017-10-29,CHI,NO,-9.0,-8.5,20,12,2017_08_CHI_NO
2017,8,2017-10-29,ATL,NYJ,4.5,6.5,20,25,2017_08_ATL_NYJ
2017,8,2017-10-29,SF,PHI,-13.0,-13.0,33,10,2017_08_SF_PHI
2017,8,2017-10-29,HOU,SEA,-5.5,-6.5,41,38,2017_08_HOU_SEA
2017,8,2017-10-29,CAR,TB,-2.5,-1.0,3,17,2017_08_CAR_TB
2017,8,2017-10-29,DAL,WAS,0.0,3.0,19,33,2017_08_DAL_WAS
2017,8,2017-10-30,DEN,KC,-7.5,-7.0,29,19,2017_08_DEN_KC
2017,9,2017-11-02,BUF,NYJ,3.5,3.5,34,21,2017_09_BUF_NYJ
2017,9,2017-11-05,ATL,CAR,-2.0,3.0,20,17,2017_09_ATL_CAR
2017,9,2017-11-05,KC,DAL,0.0,-2.5,28,17,2017_09_KC_DAL
2017,9,2017-11-05,IND,HOU,-13.0,-6.0,14,20,2017_09_IND_HOU
2017,9,2017-11-05,CIN,JAX,-3.5,-5.5,23,7,2017_09_CIN_JAX
2017,9,2017-11-05,LV,MIA,2.5,3.0,24,27,2017_09_OAK_MIA
2017,9,2017-11-05,TB,NO,-7.0,-7.0,30,10,2017_09_TB_NO
2017,9,2017-11-05,LA,NYG,3.5,6.0,17,51,2017_09_LA_NYG
2017,9,2017-11-05,DEN,PHI,-7.5,-7.0,51,23,2017_09_DEN_PHI
2017,9,2017-11-05,WAS,SEA,-7.0,-8.5,14,17,2017_09_WAS_SEA
2017,9,2017-11-05,ARI,SF,2.5,2.5,10,20,2017_09_ARI_SF
2017,9,2017-11-05,BAL,TEN,-3.5,-3.0,23,20,2017_09_BAL_TEN
2017,9,2017-11-06,DET,GB,2.5,2.5,17,30,2017_09_DET_GB
2017,10,2017-11-09,SEA,ARI,6.0,6.0,16,22,2017_10_SEA_ARI
2017,10,2017-11-12,DAL,ATL,-3.0,-3.5,27,7,2017_10_DAL_ATL
2017,10,2017-11-12,NO,BUF,2.0,2.0,10,47,2017_10_NO_BUF
2017,10,2017-11-12,GB,CHI,-4.5,-5.0,16,23,2017_10_GB_CHI
2017,10,2017-11-12,NE,DEN,7.5,7.0,16,41,2017_10_NE_DEN
2017,10,2017-11-12,CLE,DET,-13.0,-10.0,38,24,2017_10_CLE_DET
2017,10,2017-11-12,PIT,IND,10.5,11.0,17,20,2017_10_PIT_IND
2017,10,2017-11-12,LAC,JAX,-4.0,-5.0,20,17,2017_10_LAC_JAX
2017,10,2017-11-12,HOU,LA,-11.5,-13.0,33,7,2017_10_HOU_LA
2017,10,2017-11-12,NYG,SF,-1.0,3.0,31,21,2017_10_NYG_SF
2017,10,2017-11-12,NYJ,TB,2.5,-1.0,15,10,2017_10_NYJ_TB
2017,10,2017-11-12,CIN,TEN,-5.5,-4.5,24,20,2017_10_CIN_TEN
2017,10,2017-11-12,MIN,WAS,2.0,1.0,30,38,2017_10_MIN_WAS
2017,10,2017-11-13,MIA,CAR,-10.0,-8.0,45,21,2017_10_MIA_CAR
2017,11,2017-11-16,TEN,PIT,-6.5,-7.0,40,17,2017_11_TEN_PIT
2017,11,2017-11-19,DET,CHI,3.0,3.0,24,27,2017_11_DET_CHI
2017,11,2017-11-19,JAX,CLE,7.5,7.0,7,19,2017_11_JAX_CLE
2017,11,2017-11-19,PHI,DAL,3.5,6.5,9,37,2017_11_PHI_DAL
2017,11,2017-11-19,CIN,DEN,-2.5,-2.5,17,20,2017_11_CIN_DEN
2017,11,2017-11-19,BAL,GB,1.0,2.5,0,23,2017_11_BAL_GB
2017,11,2017-11-19,ARI,HOU,1.5,-2.5,31,21,2017_11_ARI_HOU
2017,11,2017-11-19,BUF,LAC,-4.5,-7.0,54,24,2017_11_BUF_LAC
2017,11,2017-11-19,NE,LV,5.5,7.0,8,33,2017_11_NE_OAK
2017,11,2017-11-19,TB,MIA,-3.0,1.5,20,30,2017_11_TB_MIA
2017,11,2017-11-19,LA,MIN,-2.0,-1.5,24,7,2017_11_LA_MIN
2017,11,2017-11-19,WAS,NO,-7.5,-9.5,34,31,2017_11_WAS_NO
2017,11,2017-11-19,KC,NYG,12.5,10.0,12,9,2017_11_KC_NYG
2017,11,2017-11-20,ATL,SEA,-3.0,1.0,31,34,2017_11_ATL_SEA
2017,12,2017-11-23,LAC,DAL,-3.5,1.0,6,28,2017_12_LAC_DAL
2017,12,2017-11-23,MIN,DET,-1.0,2.5,23,30,2017_12_MIN_DET
2017,12,2017-11-23,NYG,WAS,-7.5,-7.0,20,10,2017_12_NYG_WAS
2017,12,2017-11-26,JAX,ARI,4.0,6.0,27,24,2017_12_JAX_ARI
2017,12,2017-11-26,TB,ATL,-10.0,-10.0,34,20,2017_12_TB_ATL
2017,12,2017-11-26,CLE,CIN,-8.0,-7.5,30,16,2017_12_CLE_CIN
2017,12,2017-11-26,TEN,IND,4.5,3.0,16,20,2017_12_TEN_IND
2017,12,2017-11-26,BUF,KC,-9.5,-9.0,10,16,2017_12_BUF_KC
2017,12,2017-11-26,NO,LA,-2.5,-2.5,26,20,2017_12_NO_LA
2017,12,2017-11-26,DEN,LV,-5.0,-4.0,21,14,2017_12_DEN_OAK
2017,12,2017-11-26,MIA,NE,-17.0,-16.5,35,17,2017_12_MIA_NE
2017,12,2017-11-26,CAR,NYJ,4.5,6.0,27,35,2017_12_CAR_NYJ
2017,12,2017-11-26,CHI,PHI,-13.5,-13.5,31,3,2017_12_CHI_PHI
2017,12,2017-11-26,GB,PIT,-13.5,-14.0,31,28,2017_12_GB_PIT
2017,12,2017-11-26,SEA,SF,7.0,7.0,13,24,2017_12_SEA_SF
2017,12,2017-11-27,HOU,BAL,-7.5,-7.5,23,16,2017_12_HOU_BAL
2017,13,2017-11-30,WAS,DAL,-1.5,1.5,38,14,2017_13_WAS_DAL
2017,13,2017-12-03,LA,ARI,6.5,7.0,16,32,2017_13_LA_ARI
2017,13,2017-12-03,MIN,ATL,-3.0,-2.0,9,14,2017_13_MIN_ATL
2017,13,2017-12-03,DET,BAL,-3.0,-2.5,44,20,2017_13_DET_BAL
2017,13,2017-12-03,NE,BUF,8.0,7.5,3,23,2017_13_NE_BUF
2017,13,2017-12-03,SF,CHI,-4.5,-2.5,14,15,2017_13_SF_CHI
2017,13,2017-12-03,TB,GB,1.5,-3.0,26,20,2017_13_TB_GB
2017,13,2017-12-03,IND,JAX,-8.5,-10.0,30,10,2017_13_IND_JAX
2017,13,2017-12-03,CLE,LAC,-13.0,-13.5,19,10,2017_13_CLE_LAC
2017,13,2017-12-03,NYG,LV,-7.5,-9.5,24,17,2017_13_NYG_OAK
2017,13,2017-12-03,DEN,MIA,1.0,1.5,35,9,2017_13_DEN_MIA
2017,13,2017-12-03,CAR,NO,-4.0,-6.0,31,21,2017_13_CAR_NO
2017,13,2017-12-03,KC,NYJ,4.5,4.0,38,31,2017_13_KC_NYJ
2017,13,2017-12-03,PHI,SEA,3.5,4.0,24,10,2017_13_PHI_SEA
2017,13,2017-12-03,HOU,TEN,-7.0,-7.0,24,13,2017_13_HOU_TEN
2017,13,2017-12-04,PIT,CIN,6.0,4.5,20,23,2017_13_PIT_CIN
2017,14,2017-12-07,NO,ATL,-1.5,-2.5,20,17,2017_14_NO_ATL
2017,14,2017-12-10,TEN,ARI,3.0,3.0,12,7,2017_14_TEN_ARI
2017,14,2017-12-10,IND,BUF,-4.0,-3.0,13,7,2017_14_IND_BUF
2017,14,2017-12-10,MIN,CAR,1.0,2.5,31,24,2017_14_MIN_CAR
2017,14,2017-12-10,CHI,CIN,-6.5,-6.0,7,33,2017_14_CHI_CIN
2017,14,2017-12-10,GB,CLE,4.0,2.5,21,27,2017_14_GB_CLE
2017,14,2017-12-10,NYJ,DEN,-1.0,1.0,23,0,2017_14_NYJ_DEN
2017,14,2017-12-10,SF,HOU,-2.0,-1.5,16,26,2017_14_SF_HOU
2017,14,2017-12-10,SEA,JAX,-3.0,-2.5,30,24,2017_14_SEA_JAX
2017,14,2017-12-10,LV,KC,-4.5,-4.5,26,15,2017_14_OAK_KC
2017,14,2017-12-10,PHI,LA,-1.0,1.0,35,43,2017_14_PHI_LA
2017,14,2017-12-10,WAS,LAC,-6.5,-6.0,30,13,2017_14_WAS_LAC
2017,14,2017-12-10,DAL,NYG,6.0,4.0,10,30,2017_14_DAL_NYG
2017,14,2017-12-10,BAL,PIT,-6.0,-6.0,39,38,2017_14_BAL_PIT
2017,14,2017-12-10,DET,TB,2.0,0.0,21,24,2017_14_DET_TB
2017,14,2017-12-11,NE,MIA,12.0,10.5,27,20,2017_14_NE_MIA
2017,15,2017-12-14,DEN,IND,1.5,3.0,13,25,2017_15_DEN_IND
2017,15,2017-12-16,CHI,DET,-6.5,-5.0,20,10,2017_15_CHI_DET
2017,15,2017-12-16,LAC,KC,0.0,0.0,30,13,2017_15_LAC_KC
2017,15,2017-12-17,MIA,BUF,-3.5,-3.5,24,16,2017_15_MIA_BUF
2017,15,2017-12-17,GB,CAR,-2.5,-3.0,31,24,2017_15_GB_CAR
2017,15,2017-12-17,BAL,CLE,7.5,7.0,10,27,2017_15_BAL_CLE
2017,15,2017-12-17,HOU,JAX,-11.0,-10.5,45,7,2017_15_HOU_JAX
2017,15,2017-12-17,DAL,LV,2.5,3.0,17,20,2017_15_DAL_OAK
2017,15,2017-12-17,CIN,MIN,-11.5,-13.0,34,7,2017_15_CIN_MIN
2017,15,2017-12-17,NYJ,NO,-14.5,-16.0,31,19,2017_15_NYJ_NO
2017,15,2017-12-17,PHI,NYG,7.5,7.5,29,34,2017_15_PHI_NYG
2017,15,2017-12-17,NE,PIT,1.0,2.5,24,27,2017_15_NE_PIT
2017,15,2017-12-17,LA,SEA,0.0,0.0,7,42,2017_15_LA_SEA
2017,15,2017-12-17,TEN,SF,-2.0,-2.5,25,23,2017_15_TEN_SF
2017,15,2017-12-17,ARI,WAS,-4.0,-4.0,20,15,2017_15_ARI_WAS
2017,15,2017-12-18,ATL,TB,6.0,7.0,21,24,2017_15_ATL_TB
2017,16,2017-12-23,IND,BAL,-13.5,-13.5,23,16,2017_16_IND_BAL
2017,16,2017-12-23,MIN,GB,9.0,9.0,0,16,2017_16_MIN_GB
2017,16,2017-12-24,NYG,ARI,-4.5,-3.0,23,0,2017_16_NYG_ARI
2017,16,2017-12-24,TB,CAR,-10.0,-10.0,22,19,2017_16_TB_CAR
2017,16,2017-12-24,CLE,CHI,-7.0,-5.5,20,3,2017_16_CLE_CHI
2017,16,2017-12-24,DET,CIN,4.0,3.0,26,17,2017_16_DET_CIN
2017,16,2017-12-24,SEA,DAL,-4.5,-4.5,12,21,2017_16_SEA_DAL
2017,16,2017-12-24,MIA,KC,-10.0,-11.0,29,13,2017_16_MIA_KC
2017,16,2017-12-24,BUF,NE,-12.5,-11.0,37,16,2017_16_BUF_NE
2017,16,2017-12-24,ATL,NO,-5.5,-5.5,23,13,2017_16_ATL_NO
2017,16,2017-12-24,LAC,NYJ,7.5,7.0,7,14,2017_16_LAC_NYJ
2017,16,2017-12-24,JAX,SF,5.0,4.0,44,33,2017_16_JAX_SF
2017,16,2017-12-24,LA,TEN,7.0,6.0,23,27,2017_16_LA_TEN
2017,16,2017-12-24,DEN,WAS,-4.0,-3.0,27,11,2017_16_DEN_WAS
2017,16,2017-12-25,PIT,HOU,10.0,9.0,6,34,2017_16_PIT_HOU
2017,16,2017-12-25,LV,PHI,-9.0,-10.0,19,10,2017_16_OAK_PHI
2017,17,2017-12-31,CAR,ATL,-3.0,-5.0,22,10,2017_17_CAR_ATL
2017,17,2017-12-31,CIN,BAL,-10.0,-8.0,27,31,2017_17_CIN_BAL
2017,17,2017-12-31,KC,DEN,-2.5,-3.0,24,27,2017_17_KC_DEN
2017,17,2017-12-31,GB,DET,-7.5,-7.0,35,11,2017_17_GB_DET
2017,17,2017-12-31,HOU,IND,0.0,-5.5,22,13,2017_17_HOU_IND
2017,17,2017-12-31,SF,LA,-6.5,6.5,13,34,2017_17_SF_LA
2017,17,2017-12-31,LV,LAC,-9.0,-7.0,30,10,2017_17_OAK_LAC
2017,17,2017-12-31,BUF,MIA,2.5,2.5,16,22,2017_17_BUF_MIA
2017,17,2017-12-31,CHI,MIN,-12.5,-13.0,23,10,2017_17_CHI_MIN
2017,17,2017-12-31,NYJ,NE,-16.0,-16.0,26,6,2017_17_NYJ_NE
2017,17,2017-12-31,WAS,NYG,3.5,5.0,18,10,2017_17_WAS_NYG
2017,17,2017-12-31,DAL,PHI,-1.0,4.0,0,6,2017_17_DAL_PHI
2017,17,2017-12-31,CLE,PIT,-14.5,-5.0,28,24,2017_17_CLE_PIT
2017,17,2017-12-31,ARI,SEA,-7.5,-8.0,24,26,2017_17_ARI_SEA
2017,17,2017-12-31,NO,TB,7.5,6.0,31,24,2017_17_NO_TB
2017,17,2017-12-31,JAX,TEN,-5.5,-2.5,15,10,2017_17_JAX_TEN
2018,1,2018-09-06,ATL,PHI,-4.0,0.0,18,12,2018_01_ATL_PHI
2018,1,2018-09-09,WAS,ARI,0.0,-2.5,6,24,2018_01_WAS_ARI
2018,1,2018-09-09,BUF,BAL,-3.5,-8.0,47,3,2018_01_BUF_BAL
2018,1,2018-09-09,DAL,CAR,-2.5,-3.0,16,8,2018_01_DAL_CAR
2018,1,2018-09-09,PIT,CLE,6.5,3.5,21,21,2018_01_PIT_CLE
2018,1,2018-09-09,SEA,DEN,-1.5,-3.0,27,24,2018_01_SEA_DEN
2018,1,2018-09-09,CHI,GB,-8.5,-7.0,24,23,2018_01_CHI_GB
2018,1,2018-09-09,CIN,IND,-2.0,1.0,23,34,2018_01_CIN_IND
2018,1,2018-09-09,KC,LAC,-3.0,-3.5,28,38,2018_01_KC_LAC
2018,1,2018-09-09,TEN,MIA,2.5,0.0,27,20,2018_01_TEN_MIA
2018,1,2018-09-09,SF,MIN,-4.5,-6.5,24,16,2018_01_SF_MIN
2018,1,2018-09-09,HOU,NE,-6.5,-6.0,27,20,2018_01_HOU_NE
2018,1,2018-09-09,TB,NO,-7.0,-10.0,40,48,2018_01_TB_NO
2018,1,2018-09-09,JAX,NYG,3.5,3.0,15,20,2018_01_JAX_NYG
2018,1,2018-09-10,NYJ,DET,-6.5,-7.0,17,48,2018_01_NYJ_DET
2018,1,2018-09-10,LA,LV,2.5,6.5,13,33,2018_01_LA_OAK
2018,2,2018-09-13,BAL,CIN,0.0,1.0,34,23,2018_02_BAL_CIN
2018,2,2018-09-16,CAR,ATL,-5.5,-5.5,31,24,2018_02_CAR_ATL
2018,2,2018-09-16,LAC,BUF,8.0,7.5,20,31,2018_02_LAC_BUF
2018,2,2018-09-16,NYG,DAL,-3.5,-3.0,20,13,2018_02_NYG_DAL
2018,2,2018-09-16,LV,DEN,-4.5,-6.0,20,19,2018_02_OAK_DEN
2018,2,2018-09-16,MIN,GB,-2.0,1.5,29,29,2018_02_MIN_GB
2018,2,2018-09-16,NE,JAX,1.5,1.5,31,20,2018_02_NE_JAX
2018,2,2018-09-16,ARI,LA,-10.5,-13.0,34,0,2018_02_ARI_LA
2018,2,2018-09-16,CLE,NO,-7.5,-9.5,21,18,2018_02_CLE_NO
2018,2,2018-09-16,MIA,NYJ,0.0,-3.0,12,20,2018_02_MIA_NYJ
2018,2,2018-09-16,KC,PIT,-5.0,-4.5,37,42,2018_02_KC_PIT
2018,2,2018-09-16,DET,SF,-3.0,-6.0,30,27,2018_02_DET_SF
2018,2,2018-09-16,PHI,TB,3.0,3.0,27,21,2018_02_PHI_TB
2018,2,2018-09-16,HOU,TEN,1.5,3.5,20,17,2018_02_HOU_TEN
2018,2,2018-09-16,IND,WAS,-5.0,-6.0,9,21,2018_02_IND_WAS
2018,2,2018-09-17,SEA,CHI,-3.0,-4.5,24,17,2018_02_SEA_CHI
2018,3,2018-09-20,NYJ,CLE,-3.0,-3.0,21,17,2018_03_NYJ_CLE
2018,3,2018-09-23,CHI,ARI,6.0,4.5,14,16,2018_03_CHI_ARI
2018,3,2018-09-23,NO,ATL,-3.5,-1.5,37,43,2018_03_NO_ATL
2018,3,2018-09-23,DEN,BAL,-5.5,-5.5,27,14,2018_03_DEN_BAL
2018,3,2018-09-23,CIN,CAR,-3.0,-2.5,31,21,2018_03_CIN_CAR
2018,3,2018-09-23,NE,DET,7.0,7.0,26,10,2018_03_NE_DET
2018,3,2018-09-23,NYG,HOU,-6.0,-6.0,22,27,2018_03_NYG_HOU
2018,3,2018-09-23,TEN,JAX,-10.0,-10.0,6,9,2018_03_TEN_JAX
2018,3,2018-09-23,SF,KC,-5.5,-6.0,38,27,2018_03_SF_KC
2018,3,2018-09-23,LAC,LA,-7.0,-7.0,35,23,2018_03_LAC_LA
2018,3,2018-09-23,LV,MIA,-3.5,-3.0,28,20,2018_03_OAK_MIA
2018,3,2018-09-23,BUF,MIN,-16.5,-16.5,6,27,2018_03_BUF_MIN
2018,3,2018-09-23,IND,PHI,-6.5,-6.5,20,16,2018_03_IND_PHI
2018,3,2018-09-23,DAL,SEA,1.0,-1.5,24,13,2018_03_DAL_SEA
2018,3,2018-09-23,GB,WAS,2.5,2.0,31,17,2018_03_GB_WAS
2018,3,2018-09-24,PIT,TB,3.0,-1.0,27,30,2018_03_PIT_TB
2018,4,2018-09-27,MIN,LA,-6.5,-7.0,38,31,2018_04_MIN_LA
2018,4,2018-09-30,SEA,ARI,3.5,3.5,17,20,2018_04_SEA_ARI
2018,4,2018-09-30,CIN,ATL,-5.5,-3.5,36,37,2018_04_CIN_ATL
2018,4,2018-09-30,TB,CHI,-3.0,-3.0,48,10,2018_04_TB_CHI
2018,4,2018-09-30,DET,DAL,-3.5,-2.5,26,24,2018_04_DET_DAL
2018,4,2018-09-30,BUF,GB,-10.5,-9.0,22,0,2018_04_BUF_GB
2018,4,2018-09-30,HOU,IND,-1.5,1.0,34,37,2018_04_HOU_IND
2018,4,2018-09-30,NYJ,JAX,-8.5,-7.5,31,12,2018_04_NYJ_JAX
2018,4,2018-09-30,SF,LAC,-10.0,-10.0,29,27,2018_04_SF_LAC
2018,4,2018-09-30,CLE,LV,-2.5,-2.5,45,42,2018_04_CLE_OAK
2018,4,2018-09-30,MIA,NE,-7.0,-6.5,38,7,2018_04_MIA_NE
2018,4,2018-09-30,NO,NYG,3.5,3.0,18,33,2018_04_NO_NYG
2018,4,2018-09-30,BAL,PIT,-3.5,-3.0,14,26,2018_04_BAL_PIT
2018,4,2018-09-30,PHI,TEN,3.0,3.0,26,23,2018_04_PHI_TEN
2018,4,2018-10-01,KC,DEN,4.5,3.5,23,27,2018_04_KC_DEN
2018,5,2018-10-04,IND,NE,-10.5,-11.0,38,24,2018_05_IND_NE
2018,5,2018-10-07,TEN,BUF,3.5,6.0,13,12,2018_05_TEN_BUF
2018,5,2018-10-07,NYG,CAR,-3.0,-6.5,33,31,2018_05_NYG_CAR
2018,5,2018-10-07,MIA,CIN,-6.0,-6.0,27,17,2018_05_MIA_CIN
2018,5,2018-10-07,BAL,CLE,2.5,3.5,12,9,2018_05_BAL_CLE
2018,5,2018-10-07,GB,DET,0.0,-1.0,31,23,2018_05_GB_DET
2018,5,2018-10-07,DAL,HOU,-3.0,-3.5,19,16,2018_05_DAL_HOU
2018,5,2018-10-07,JAX,KC,-3.5,-3.0,30,14,2018_05_JAX_KC
2018,5,2018-10-07,LV,LAC,-7.0,-5.5,26,10,2018_05_OAK_LAC
2018,5,2018-10-07,DEN,NYJ,-2.5,1.0,34,16,2018_05_DEN_NYJ
2018,5,2018-10-07,MIN,PHI,-3.0,-3.5,21,23,2018_05_MIN_PHI
2018,5,2018-10-07,ATL,PIT,-3.5,-3.5,41,17,2018_05_ATL_PIT
2018,5,2018-10-07,LA,SEA,7.0,7.5,31,33,2018_05_LA_SEA
2018,5,2018-10-07,ARI,SF,-5.0,-3.0,18,28,2018_05_ARI_SF
2018,5,2018-10-08,WAS,NO,-7.0,-6.0,43,19,2018_05_WAS_NO
2018,6,2018-10-11,PHI,NYG,2.5,2.0,13,34,2018_06_PHI_NYG
2018,6,2018-10-14,TB,ATL,-3.5,-3.0,34,29,2018_06_TB_ATL
2018,6,2018-10-14,PIT,CIN,-2.5,-1.5,21,28,2018_06_PIT_CIN
2018,6,2018-10-14,LAC,CLE,1.0,-1.0,14,38,2018_06_LAC_CLE
2018,6,2018-10-14,JAX,DAL,2.0,3.0,40,7,2018_06_JAX_DAL
2018,6,2018-10-14,LA,DEN,7.0,7.0,20,23,2018_06_LA_DEN
2018,6,2018-10-14,BUF,HOU,-9.5,-10.0,20,13,2018_06_BUF_HOU
2018,6,2018-10-14,SEA,LV,2.5,3.0,3,27,2018_06_SEA_OAK
2018,6,2018-10-14,CHI,MIA,2.5,7.0,31,28,2018_06_CHI_MIA
2018,6,2018-10-14,ARI,MIN,-10.5,-9.5,27,17,2018_06_ARI_MIN
2018,6,2018-10-14,KC,NE,-3.5,-4.0,43,40,2018_06_KC_NE
2018,6,2018-10-14,IND,NYJ,-3.0,-2.5,42,34,2018_06_IND_NYJ
2018,6,2018-10-14,BAL,TEN,1.0,2.5,0,21,2018_06_BAL_TEN
2018,6,2018-10-14,CAR,WAS,0.0,1.5,23,17,2018_06_CAR_WAS
2018,6,2018-10-15,SF,GB,-10.0,-9.5,33,30,2018_06_SF_GB
2018,7,2018-10-18,DEN,ARI,2.5,1.0,10,45,2018_07_DEN_ARI
2018,7,2018-10-21,NO,BAL,-2.5,-2.5,23,24,2018_07_NO_BAL
2018,7,2018-10-21,NE,CHI,2.5,2.0,31,38,2018_07_NE_CHI
2018,7,2018-10-21,BUF,IND,-8.0,-7.0,37,5,2018_07_BUF_IND
2018,7,2018-10-21,HOU,JAX,-4.5,-3.5,7,20,2018_07_HOU_JAX
2018,7,2018-10-21,CIN,KC,-6.0,-6.5,45,10,2018_07_CIN_KC
2018,7,2018-10-21,TEN,LAC,-7.0,-6.5,20,19,2018_07_TEN_LAC
2018,7,2018-10-21,DET,MIA,-4.0,3.0,21,32,2018_07_DET_MIA
2018,7,2018-10-21,MIN,NYJ,3.0,3.5,17,37,2018_07_MIN_NYJ
2018,7,2018-10-21,CAR,PHI,-4.0,-5.0,17,21,2018_07_CAR_PHI
2018,7,2018-10-21,LA,SF,11.0,9.0,10,39,2018_07_LA_SF
2018,7,2018-10-21,CLE,TB,-3.0,-3.5,26,23,2018_07_CLE_TB
2018,7,2018-10-21,DAL,WAS,-1.0,1.5,20,17,2018_07_DAL_WAS
2018,7,2018-10-22,NYG,ATL,-3.5,-4.5,23,20,2018_07_NYG_ATL
2018,8,2018-10-25,MIA,HOU,-7.5,-7.5,42,23,2018_08_MIA_HOU
2018,8,2018-10-28,SF,ARI,0.0,2.5,18,15,2018_08_SF_ARI
2018,8,2018-10-28,BAL,CAR,0.0,2.5,36,21,2018_08_BAL_CAR
2018,8,2018-10-28,NYJ,CHI,-6.5,-8.5,24,10,2018_08_NYJ_CHI
2018,8,2018-10-28,TB,CIN,-6.0,-3.5,37,34,2018_08_TB_CIN
2018,8,2018-10-28,SEA,DET,-2.5,-3.0,14,28,2018_08_SEA_DET
2018,8,2018-10-28,PHI,JAX,3.5,4.0,18,24,2018_08_PHI_JAX
2018,8,2018-10-28,DEN,KC,-10.0,-9.0,30,23,2018_08_DEN_KC
2018,8,2018-10-28,GB,LA,-10.0,-7.5,29,27,2018_08_GB_LA
2018,8,2018-10-28,IND,LV,0.0,3.5,28,42,2018_08_IND_OAK
2018,8,2018-10-28,NO,MIN,-2.5,2.5,20,30,2018_08_NO_MIN
2018,8,2018-10-28,WAS,NYG,1.0,1.0,13,20,2018_08_WAS_NYG
2018,8,2018-10-28,CLE,PIT,-7.5,-8.5,33,18,2018_08_CLE_PIT
2018,8,2018-10-29,NE,BUF,13.0,14.0,6,25,2018_08_NE_BUF
2018,9,2018-11-01,LV,SF,-3.5,1.5,34,3,2018_09_OAK_SF
2018,9,2018-11-04,PIT,BAL,-3.0,-1.5,16,23,2018_09_PIT_BAL
2018,9,2018-11-04,CHI,BUF,8.5,10.0,9,41,2018_09_CHI_BUF
2018,9,2018-11-04,TB,CAR,-7.0,-6.0,42,28,2018_09_TB_CAR
2018,9,2018-11-04,KC,CLE,8.5,8.5,21,37,2018_09_KC_CLE
2018,9,2018-11-04,HOU,DEN,-1.5,-1.0,17,19,2018_09_HOU_DEN
2018,9,2018-11-04,NYJ,MIA,-3.0,-3.0,13,6,2018_09_NYJ_MIA
2018,9,2018-11-04,DET,MIN,-5.5,-5.0,24,9,2018_09_DET_MIN
2018,9,2018-11-04,GB,NE,-6.5,-5.0,31,17,2018_09_GB_NE
2018,9,2018-11-04,LA,NO,0.0,2.0,45,35,2018_09_LA_NO
2018,9,2018-11-04,LAC,SEA,-2.0,-1.0,17,25,2018_09_LAC_SEA
2018,9,2018-11-04,ATL,WAS,-2.5,-1.5,14,38,2018_09_ATL_WAS
2018,9,2018-11-05,TEN,DAL,-4.0,-5.0,14,28,2018_09_TEN_DAL
2018,10,2018-11-08,CAR,PIT,-5.0,-3.5,52,21,2018_10_CAR_PIT
2018,10,2018-11-11,DET,CHI,-7.0,-7.0,34,22,2018_10_DET_CHI
2018,10,2018-11-11,NO,CIN,3.5,6.0,14,51,2018_10_NO_CIN
2018,10,2018-11-11,ATL,CLE,3.5,5.5,28,16,2018_10_ATL_CLE
2018,10,2018-11-11,MIA,GB,-10.0,-12.5,31,12,2018_10_MIA_GB
2018,10,2018-11-11,JAX,IND,-3.0,-3.0,29,26,2018_10_JAX_IND
2018,10,2018-11-11,ARI,KC,-17.0,-16.0,26,14,2018_10_ARI_KC
2018,10,2018-11-11,SEA,LA,-10.0,-9.5,36,31,2018_10_SEA_LA
2018,10,2018-11-11,LAC,LV,10.0,10.5,6,20,2018_10_LAC_OAK
2018,10,2018-11-11,BUF,NYJ,-8.0,-7.0,10,41,2018_10_BUF_NYJ
2018,10,2018-11-11,DAL,PHI,-6.5,-7.5,20,27,2018_10_DAL_PHI
2018,10,2018-11-11,WAS,TB,-1.0,-3.5,3,16,2018_10_WAS_TB
2018,10,2018-11-11,NE,TEN,7.0,6.5,34,10,2018_10_NE_TEN
2018,10,2018-11-12,NYG,SF,-2.5,-3.0,23,27,2018_10_NYG_SF
2018,11,2018-11-15,GB,SEA,-2.5,-3.0,27,24,2018_11_GB_SEA
2018,11,2018-11-18,LV,ARI,-4.0,-4.5,21,23,2018_11_OAK_ARI
2018,11,2018-11-18,DAL,ATL,-3.5,-3.5,19,22,2018_11_DAL_ATL
2018,11,2018-11-18,CIN,BAL,-4.5,-6.5,24,21,2018_11_CIN_BAL
2018,11,2018-11-18,MIN,CHI,-3.0,-2.5,25,20,2018_11_MIN_CHI
2018,11,2018-11-18,CAR,DET,3.5,4.0,20,19,2018_11_CAR_DET
2018,11,2018-11-18,TEN,IND,-3.0,-1.5,38,10,2018_11_TEN_IND
2018,11,2018-11-18,PIT,JAX,5.0,4.0,16,20,2018_11_PIT_JAX
2018,11,2018-11-18,DEN,LAC,-7.0,-7.0,22,23,2018_11_DEN_LAC
2018,11,2018-11-18,PHI,NO,-7.5,-7.0,48,7,2018_11_PHI_NO
2018,11,2018-11-18,TB,NYG,-1.0,-3.0,38,35,2018_11_TB_NYG
2018,11,2018-11-18,HOU,WAS,2.5,3.0,21,23,2018_11_HOU_WAS
2018,11,2018-11-19,KC,LA,-3.5,-3.0,54,51,2018_11_KC_LA
2018,12,2018-11-22,WAS,DAL,-7.5,-7.0,31,23,2018_12_WAS_DAL
2018,12,2018-11-22,CHI,DET,3.5,3.0,16,23,2018_12_CHI_DET
2018,12,2018-11-22,ATL,NO,-13.0,-12.5,31,17,2018_12_ATL_NO
2018,12,2018-11-25,LV,BAL,-11.5,-13.0,34,17,2018_12_OAK_BAL
2018,12,2018-11-25,JAX,BUF,3.0,3.0,24,21,2018_12_JAX_BUF
2018,12,2018-11-25,SEA,CAR,-3.0,-3.0,27,30,2018_12_SEA_CAR
2018,12,2018-11-25,CLE,CIN,-3.0,0.0,20,35,2018_12_CLE_CIN
2018,12,2018-11-25,PIT,DEN,3.5,3.0,24,17,2018_12_PIT_DEN
2018,12,2018-11-25,MIA,IND,-10.0,-9.0,27,24,2018_12_MIA_IND
2018,12,2018-11-25,ARI,LAC,-11.5,-14.0,45,10,2018_12_ARI_LAC
2018,12,2018-11-25,GB,MIN,-4.0,-3.5,24,17,2018_12_GB_MIN
2018,12,2018-11-25,NE,NYJ,8.0,12.5,13,27,2018_12_NE_NYJ
2018,12,2018-11-25,NYG,PHI,-5.5,-5.0,25,22,2018_12_NYG_PHI
2018,12,2018-11-25,SF,TB,-3.5,-2.0,27,9,2018_12_SF_TB
2018,12,2018-11-26,TEN,HOU,-6.5,-3.5,34,17,2018_12_TEN_HOU
2018,13,2018-11-29,NO,DAL,7.0,7.5,13,10,2018_13_NO_DAL
2018,13,2018-12-02,BAL,ATL,1.0,-2.5,16,26,2018_13_BAL_ATL
2018,13,2018-12-02,DEN,CIN,3.5,4.0,10,24,2018_13_DEN_CIN
2018,13,2018-12-02,LA,DET,10.0,10.0,16,30,2018_13_LA_DET
2018,13,2018-12-02,ARI,GB,-14.5,-13.5,17,20,2018_13_ARI_GB
2018,13,2018-12-02,CLE,HOU,-6.0,-5.0,29,13,2018_13_CLE_HOU
2018,13,2018-12-02,IND,JAX,3.5,4.5,6,0,2018_13_IND_JAX
2018,13,2018-12-02,KC,LV,15.5,14.0,33,40,2018_13_KC_OAK
2018,13,2018-12-02,BUF,MIA,-6.0,-3.5,21,17,2018_13_BUF_MIA
2018,13,2018-12-02,MIN,NE,-5.5,-6.0,24,10,2018_13_MIN_NE
2018,13,2018-12-02,CHI,NYG,4.5,3.5,30,27,2018_13_CHI_NYG
2018,13,2018-12-02,LAC,PIT,3.5,-3.0,30,33,2018_13_LAC_PIT
2018,13,2018-12-02,SF,SEA,-10.0,-9.5,43,16,2018_13_SF_SEA
2018,13,2018-12-02,CAR,TB,3.5,3.5,24,17,2018_13_CAR_TB
2018,13,2018-12-02,NYJ,TEN,-8.5,-9.5,26,22,2018_13_NYJ_TEN
2018,13,2018-12-03,WAS,PHI,-6.5,-5.5,28,13,2018_13_WAS_PHI
2018,14,2018-12-06,JAX,TEN,-4.5,-5.5,30,9,2018_14_JAX_TEN
2018,14,2018-12-09,DET,ARI,2.0,2.5,3,17,2018_14_DET_ARI
2018,14,2018-12-09,NYJ,BUF,-3.5,-4.5,23,27,2018_14_NYJ_BUF
2018,14,2018-12-09,LA,CHI,4.0,3.0,15,6,2018_14_LA_CHI
2018,14,2018-12-09,CAR,CLE,0.0,1.0,26,20,2018_14_CAR_CLE
2018,14,2018-12-09,PHI,DAL,-4.0,-3.5,29,23,2018_14_PHI_DAL
2018,14,2018-12-09,ATL,GB,-6.0,-4.0,34,20,2018_14_ATL_GB
2018,14,2018-12-09,IND,HOU,-4.0,-4.0,21,24,2018_14_IND_HOU
2018,14,2018-12-09,BAL,KC,-7.5,-6.5,27,24,2018_14_BAL_KC
2018,14,2018-12-09,CIN,LAC,-14.0,-16.5,26,21,2018_14_CIN_LAC
2018,14,2018-12-09,PIT,LV,11.5,10.0,24,21,2018_14_PIT_OAK
2018,14,2018-12-09,NE,MIA,8.0,9.0,34,33,2018_14_NE_MIA
2018,14,2018-12-09,DEN,SF,5.5,3.0,20,14,2018_14_DEN_SF
2018,14,2018-12-09,NO,TB,8.0,9.5,14,28,2018_14_NO_TB
2018,14,2018-12-09,NYG,WAS,3.5,3.0,16,40,2018_14_NYG_WAS
2018,14,2018-12-10,MIN,SEA,-3.0,-3.0,21,7,2018_14_MIN_SEA
2018,15,2018-12-13,LAC,KC,-3.0,-3.5,28,29,2018_15_LAC_KC
2018,15,2018-12-15,CLE,DEN,-3.5,-1.5,16,17,2018_15_CLE_DEN
2018,15,2018-12-15,HOU,NYJ,6.5,7.0,22,29,2018_15_HOU_NYJ
2018,15,2018-12-16,ARI,ATL,-8.5,-9.0,40,14,2018_15_ARI_ATL
2018,15,2018-12-16,TB,BAL,-8.0,-8.5,20,12,2018_15_TB_BAL
2018,15,2018-12-16,DET,BUF,-1.0,-2.5,14,13,2018_15_DET_BUF
2018,15,2018-12-16,GB,CHI,-6.0,-5.5,24,17,2018_15_GB_CHI
2018,15,2018-12-16,LV,CIN,-3.0,-3.0,30,16,2018_15_OAK_CIN
2018,15,2018-12-16,DAL,IND,-3.0,-3.0,23,0,2018_15_DAL_IND
2018,15,2018-12-16,WAS,JAX,-6.5,-7.0,13,16,2018_15_WAS_JAX
2018,15,2018-12-16,PHI,LA,-9.0,-13.5,23,30,2018_15_PHI_LA
2018,15,2018-12-16,MIA,MIN,-7.0,-7.5,41,17,2018_15_MIA_MIN
2018,15,2018-12-16,TEN,NYG,-2.5,2.5,0,17,2018_15_TEN_NYG
2018,15,2018-12-16,NE,PIT,1.0,2.5,17,10,2018_15_NE_PIT
2018,15,2018-12-16,SEA,SF,6.0,4.0,26,23,2018_15_SEA_SF
2018,15,2018-12-17,NO,CAR,6.5,6.0,9,12,2018_15_NO_CAR
2018,16,2018-12-22,BAL,LAC,-4.5,-4.0,10,22,2018_16_BAL_LAC
2018,16,2018-12-22,WAS,TEN,-10.5,-11.0,25,16,2018_16_WAS_TEN
2018,16,2018-12-23,LA,ARI,14.0,14.0,9,31,2018_16_LA_ARI
2018,16,2018-12-23,ATL,CAR,-2.5,3.0,10,24,2018_16_ATL_CAR
2018,16,2018-12-23,CIN,CLE,-7.5,-9.5,26,18,2018_16_CIN_CLE
2018,16,2018-12-23,TB,DAL,-7.0,-7.0,27,20,2018_16_TB_DAL
2018,16,2018-12-23,MIN,DET,4.5,6.5,9,27,2018_16_MIN_DET
2018,16,2018-12-23,NYG,IND,-10.0,-9.5,28,27,2018_16_NYG_IND
2018,16,2018-12-23,JAX,MIA,-4.5,-3.0,7,17,2018_16_JAX_MIA
2018,16,2018-12-23,BUF,NE,-13.0,-13.5,24,12,2018_16_BUF_NE
2018,16,2018-12-23,PIT,NO,-6.0,-6.5,31,28,2018_16_PIT_NO
2018,16,2018-12-23,GB,NYJ,3.5,3.0,38,44,2018_16_GB_NYJ
2018,16,2018-12-23,HOU,PHI,0.0,-2.0,32,30,2018_16_HOU_PHI
2018,16,2018-12-23,KC,SEA,2.5,1.0,38,31,2018_16_KC_SEA
2018,16,2018-12-23,CHI,SF,4.5,3.5,9,14,2018_16_CHI_SF
2018,16,2018-12-24,DEN,LV,2.5,2.5,27,14,2018_16_DEN_OAK
2018,17,2018-12-30,CLE,BAL,-6.5,-7.0,26,24,2018_17_CLE_BAL
2018,17,2018-12-30,MIA,BUF,-3.5,-5.5,42,17,2018_17_MIA_BUF
2018,17,2018-12-30,LAC,DEN,6.5,7.0,9,23,2018_17_LAC_DEN
2018,17,2018-12-30,DET,GB,-8.0,-7.5,0,31,2018_17_DET_GB
2018,17,2018-12-30,JAX,HOU,-8.5,-7.0,20,3,2018_17_JAX_HOU
2018,17,2018-12-30,LV,KC,-13.5,-14.0,35,3,2018_17_OAK_KC
2018,17,2018-12-30,SF,LA,-6.0,-10.5,48,32,2018_17_SF_LA
2018,17,2018-12-30,CHI,MIN,-3.0,-6.0,10,24,2018_17_CHI_MIN
2018,17,2018-12-30,NYJ,NE,-14.0,-14.0,38,3,2018_17_NYJ_NE
2018,17,2018-12-30,CAR,NO,-8.5,-7.5,14,33,2018_17_CAR_NO
2018,17,2018-12-30,DAL,NYG,-6.0,-7.0,35,36,2018_17_DAL_NYG
2018,17,2018-12-30,CIN,PIT,-16.5,-13.5,16,13,2018_17_CIN_PIT
2018,17,2018-12-30,ARI,SEA,-13.5,-15.0,27,24,2018_17_ARI_SEA
2018,17,2018-12-30,ATL,TB,0.0,2.5,32,34,2018_17_ATL_TB
2018,17,2018-12-30,IND,TEN,2.5,5.0,17,33,2018_17_IND_TEN
2018,17,2018-12-30,PHI,WAS,7.0,6.0,0,24,2018_17_PHI_WAS
2019,1,2019-09-05,GB,CHI,-3.5,-3.0,3,10,2019_01_GB_CHI
2019,1,2019-09-08,DET,ARI,2.5,2.5,27,27,2019_01_DET_ARI
2019,1,2019-09-08,LA,CAR,2.5,1.5,27,30,2019_01_LA_CAR
2019,1,2019-09-08,TEN,CLE,-5.5,-5.5,13,43,2019_01_TEN_CLE
2019,1,2019-09-08,NYG,DAL,-7.5,-7.0,35,17,2019_01_NYG_DAL
2019,1,2019-09-08,KC,JAX,3.0,3.5,26,40,2019_01_KC_JAX
2019,1,2019-09-08,IND,LAC,-6.5,-6.0,30,24,2019_01_IND_LAC
2019,1,2019-09-08,BAL,MIA,6.5,7.0,10,59,2019_01_BAL_MIA
2019,1,2019-09-08,ATL,MIN,-4.0,-4.0,28,12,2019_01_ATL_MIN
2019,1,2019-09-08,PIT,NE,-5.5,-6.0,33,3,2019_01_PIT_NE
2019,1,2019-09-08,BUF,NYJ,-3.0,-3.0,16,17,2019_01_BUF_NYJ
2019,1,2019-09-08,WAS,PHI,-10.0,-10.0,32,27,2019_01_WAS_PHI
2019,1,2019-09-08,CIN,SEA,-10.0,-9.5,21,20,2019_01_CIN_SEA
2019,1,2019-09-08,SF,TB,0.0,-1.0,17,31,2019_01_SF_TB
2019,1,2019-09-09,HOU,NO,-7.0,-7.0,30,28,2019_01_HOU_NO
2019,2,2019-09-12,TB,CAR,-6.5,-6.5,14,20,2019_02_TB_CAR
2019,2,2019-09-15,PHI,ATL,1.0,1.0,24,20,2019_02_PHI_ATL
2019,2,2019-09-15,ARI,BAL,-14.0,-13.0,23,17,2019_02_ARI_BAL
2019,2,2019-09-15,SF,CIN,1.5,-1.0,17,41,2019_02_SF_CIN
2019,2,2019-09-15,CHI,DEN,-1.0,2.5,14,16,2019_02_CHI_DEN
2019,2,2019-09-15,LAC,DET,3.0,1.0,13,10,2019_02_LAC_DET
2019,2,2019-09-15,MIN,GB,-2.5,-3.0,21,16,2019_02_MIN_GB
2019,2,2019-09-15,JAX,HOU,-8.5,-7.0,13,12,2019_02_JAX_HOU
2019,2,2019-09-15,NO,LA,-3.0,-1.5,27,9,2019_02_NO_LA
2019,2,2019-09-15,KC,LV,7.5,7.0,10,28,2019_02_KC_OAK
2019,2,2019-09-15,NE,MIA,15.0,18.0,0,43,2019_02_NE_MIA
2019,2,2019-09-15,BUF,NYG,2.5,1.0,14,28,2019_02_BUF_NYG
2019,2,2019-09-15,SEA,PIT,-3.5,-4.0,26,28,2019_02_SEA_PIT
2019,2,2019-09-15,IND,TEN,-3.0,-3.0,17,19,2019_02_IND_TEN
2019,2,2019-09-15,DAL,WAS,6.5,6.0,21,31,2019_02_DAL_WAS
2019,2,2019-09-16,CLE,NYJ,1.0,6.5,3,23,2019_02_CLE_NYJ
2019,3,2019-09-19,TEN,JAX,1.5,1.5,20,7,2019_03_TEN_JAX
2019,3,2019-09-22,CAR,ARI,2.5,-2.0,20,38,2019_03_CAR_ARI
2019,3,2019-09-22,CIN,BUF,-5.0,-6.0,21,17,2019_03_CIN_BUF
2019,3,2019-09-22,LA,CLE,1.0,4.5,13,20,2019_03_LA_CLE
2019,3,2019-09-22,MIA,DAL,-21.0,-22.5,31,6,2019_03_MIA_DAL
2019,3,2019-09-22,DEN,GB,-8.0,-7.0,27,16,2019_03_DEN_GB
2019,3,2019-09-22,ATL,IND,-2.5,-1.0,27,24,2019_03_ATL_IND
2019,3,2019-09-22,BAL,KC,-6.5,-4.5,33,28,2019_03_BAL_KC
2019,3,2019-09-22,HOU,LAC,-3.0,-3.0,20,27,2019_03_HOU_LAC
2019,3,2019-09-22,LV,MIN,-7.5,-9.0,34,14,2019_03_OAK_MIN
2019,3,2019-09-22,NYJ,NE,-20.0,-21.0,30,14,2019_03_NYJ_NE
2019,3,2019-09-22,DET,PHI,-8.0,-4.0,24,27,2019_03_DET_PHI
2019,3,2019-09-22,NO,SEA,-5.5,-5.0,27,33,2019_03_NO_SEA
2019,3,2019-09-22,PIT,SF,-7.5,-6.0,24,20,2019_03_PIT_SF
2019,3,2019-09-22,NYG,TB,-6.5,-5.5,31,32,2019_03_NYG_TB
2019,3,2019-09-23,CHI,WAS,4.5,5.0,15,31,2019_03_CHI_WAS
2019,4,2019-09-26,PHI,GB,-3.5,-3.5,27,34,2019_04_PHI_GB
2019,4,2019-09-29,SEA,ARI,4.0,5.5,10,27,2019_04_SEA_ARI
2019,4,2019-09-29,TEN,ATL,-5.0,-3.5,10,24,2019_04_TEN_ATL
2019,4,2019-09-29,CLE,BAL,-6.0,-7.0,25,40,2019_04_CLE_BAL
2019,4,2019-09-29,NE,BUF,7.5,7.0,10,16,2019_04_NE_BUF
2019,4,2019-09-29,MIN,CHI,-3.0,0.0,16,6,2019_04_MIN_CHI
2019,4,2019-09-29,JAX,DEN,-3.0,-2.5,24,26,2019_04_JAX_DEN
2019,4,2019-09-29,KC,DET,6.5,7.0,30,34,2019_04_KC_DET
2019,4,2019-09-29,CAR,HOU,-5.0,-5.5,10,16,2019_04_CAR_HOU
2019,4,2019-09-29,LV,IND,-7.0,-5.5,24,31,2019_04_OAK_IND
2019,4,2019-09-29,TB,LA,-10.5,-9.5,40,55,2019_04_TB_LA
2019,4,2019-09-29,LAC,MIA,16.5,14.5,10,30,2019_04_LAC_MIA
2019,4,2019-09-29,DAL,NO,3.5,2.5,12,10,2019_04_DAL_NO
2019,4,2019-09-29,WAS,NYG,-2.5,-3.0,24,3,2019_04_WAS_NYG
2019,4,2019-09-30,CIN,PIT,-4.5,-3.5,27,3,2019_04_CIN_PIT
2019,5,2019-10-03,LA,SEA,1.5,-1.5,30,29,2019_05_LA_SEA
2019,5,2019-10-06,JAX,CAR,-3.0,-3.0,34,27,2019_05_JAX_CAR
2019,5,2019-10-06,ARI,CIN,-4.0,-3.0,23,26,2019_05_ARI_CIN
2019,5,2019-10-06,GB,DAL,-3.5,-3.5,24,34,2019_05_GB_DAL
2019,5,2019-10-06,ATL,HOU,-5.0,-4.0,53,32,2019_05_ATL_HOU
2019,5,2019-10-06,IND,KC,-9.5,-11.0,13,19,2019_05_IND_KC
2019,5,2019-10-06,DEN,LAC,-6.5,-4.5,13,20,2019_05_DEN_LAC
2019,5,2019-10-06,CHI,LV,4.5,6.5,24,21,2019_05_CHI_OAK
2019,5,2019-10-06,TB,NO,-4.5,-3.0,31,24,2019_05_TB_NO
2019,5,2019-10-06,MIN,NYG,5.0,6.0,10,28,2019_05_MIN_NYG
2019,5,2019-10-06,NYJ,PHI,-14.0,-14.0,31,6,2019_05_NYJ_PHI
2019,5,2019-10-06,BAL,PIT,4.0,3.0,23,26,2019_05_BAL_PIT
2019,5,2019-10-06,BUF,TEN,-2.5,-3.0,7,14,2019_05_BUF_TEN
2019,5,2019-10-06,NE,WAS,14.0,16.5,7,33,2019_05_NE_WAS
2019,5,2019-10-07,CLE,SF,-3.0,-5.0,31,3,2019_05_CLE_SF
2019,6,2019-10-10,NYG,NE,-15.5,-17.0,35,14,2019_06_NYG_NE
2019,6,2019-10-13,ATL,ARI,2.5,3.0,34,33,2019_06_ATL_ARI
2019,6,2019-10-13,CIN,BAL,-10.5,-10.5,23,17,2019_06_CIN_BAL
2019,6,2019-10-13,SEA,CLE,1.0,0.0,28,32,2019_06_SEA_CLE
2019,6,2019-10-13,TEN,DEN,-2.5,-1.0,16,0,2019_06_TEN_DEN
2019,6,2019-10-13,NO,JAX,2.0,-2.5,6,13,2019_06_NO_JAX
2019,6,2019-10-13,HOU,KC,-6.5,-3.5,24,31,2019_06_HOU_KC
2019,6,2019-10-13,SF,LA,-3.0,-3.0,7,20,2019_06_SF_LA
2019,6,2019-10-13,PIT,LAC,-6.0,-6.0,17,24,2019_06_PIT_LAC
2019,6,2019-10-13,WAS,MIA,4.5,6.0,16,17,2019_06_WAS_MIA
2019,6,2019-10-13,PHI,MIN,-3.0,-3.5,38,20,2019_06_PHI_MIN
2019,6,2019-10-13,DAL,NYJ,7.5,7.0,24,22,2019_06_DAL_NYJ
2019,6,2019-10-13,CAR,TB,-1.0,2.0,26,37,2019_06_CAR_TB
2019,6,2019-10-14,DET,GB,-6.0,-3.5,23,22,2019_06_DET_GB
2019,7,2019-10-17,KC,DEN,3.5,3.0,6,30,2019_07_KC_DEN
2019,7,2019-10-20,LA,ATL,3.0,3.0,10,37,2019_07_LA_ATL
2019,7,2019-10-20,MIA,BUF,-16.0,-17.0,31,21,2019_07_MIA_BUF
2019,7,2019-10-20,NO,CHI,-4.0,-4.5,25,36,2019_07_NO_CHI
2019,7,2019-10-20,JAX,CIN,3.0,4.5,17,27,2019_07_JAX_CIN
2019,7,2019-10-20,PHI,DAL,-3.0,-3.0,37,10,2019_07_PHI_DAL
2019,7,2019-10-20,MIN,DET,-2.0,2.5,30,42,2019_07_MIN_DET
2019,7,2019-10-20,LV,GB,-6.5,-6.0,42,24,2019_07_OAK_GB
2019,7,2019-10-20,HOU,IND,-1.0,-1.5,30,23,2019_07_HOU_IND
2019,7,2019-10-20,ARI,NYG,-3.0,-3.5,21,27,2019_07_ARI_NYG
2019,7,2019-10-20,BAL,SEA,-4.0,-3.0,16,30,2019_07_BAL_SEA
2019,7,2019-10-20,LAC,TEN,-1.0,-2.5,23,20,2019_07_LAC_TEN
2019,7,2019-10-20,SF,WAS,9.5,10.0,0,9,2019_07_SF_WAS
2019,7,2019-10-21,NE,NYJ,10.0,9.5,0,33,2019_07_NE_NYJ
2019,8,2019-10-24,WAS,MIN,-16.0,-16.5,19,9,2019_08_WAS_MIN
2019,8,2019-10-27,SEA,ATL,7.5,7.5,20,27,2019_08_SEA_ATL
2019,8,2019-10-27,PHI,BUF,-1.0,-1.0,13,31,2019_08_PHI_BUF
2019,8,2019-10-27,LAC,CHI,-5.0,-3.5,16,17,2019_08_LAC_CHI
2019,8,2019-10-27,NYG,DET,-7.0,-6.5,31,26,2019_08_NYG_DET
2019,8,2019-10-27,LV,HOU,-6.5,-5.5,27,24,2019_08_OAK_HOU
2019,8,2019-10-27,DEN,IND,-6.0,-6.0,15,13,2019_08_DEN_IND
2019,8,2019-10-27,NYJ,JAX,-5.0,-7.0,29,15,2019_08_NYJ_JAX
2019,8,2019-10-27,GB,KC,3.0,5.5,24,31,2019_08_GB_KC
2019,8,2019-10-27,CIN,LA,-12.5,-11.5,24,10,2019_08_CIN_LA
2019,8,2019-10-27,CLE,NE,-10.5,-10.0,27,13,2019_08_CLE_NE
2019,8,2019-10-27,ARI,NO,-10.5,-12.5,31,9,2019_08_ARI_NO
2019,8,2019-10-27,CAR,SF,-6.0,-4.0,51,13,2019_08_CAR_SF
2019,8,2019-10-27,TB,TEN,-2.5,-1.5,27,23,2019_08_TB_TEN
2019,8,2019-10-28,MIA,PIT,-14.5,-14.0,27,14,2019_08_MIA_PIT
2019,9,2019-10-31,SF,ARI,8.0,10.0,25,28,2019_09_SF_ARI
2019,9,2019-11-03,NE,BAL,4.0,3.0,37,20,2019_09_NE_BAL
2019,9,2019-11-03,WAS,BUF,-10.5,-10.5,24,9,2019_09_WAS_BUF
2019,9,2019-11-03,TEN,CAR,-3.5,-3.5,30,20,2019_09_TEN_CAR
2019,9,2019-11-03,CLE,DEN,-1.5,4.0,24,19,2019_09_CLE_DEN
2019,9,2019-11-03,HOU,JAX,2.5,-1.0,3,26,2019_09_HOU_JAX
2019,9,2019-11-03,MIN,KC,3.5,5.5,26,23,2019_09_MIN_KC
2019,9,2019-11-03,GB,LAC,3.0,4.0,26,11,2019_09_GB_LAC
2019,9,2019-11-03,DET,LV,-2.0,-2.5,31,24,2019_09_DET_OAK
2019,9,2019-11-03,NYJ,MIA,3.0,3.5,26,18,2019_09_NYJ_MIA
2019,9,2019-11-03,CHI,PHI,-5.0,-5.0,22,14,2019_09_CHI_PHI
2019,9,2019-11-03,IND,PIT,-1.5,-1.0,26,24,2019_09_IND_PIT
2019,9,2019-11-03,TB,SEA,-6.5,-4.0,40,34,2019_09_TB_SEA
2019,9,2019-11-04,DAL,NYG,7.5,6.5,18,37,2019_09_DAL_NYG
2019,10,2019-11-07,LAC,LV,-1.5,1.5,26,24,2019_10_LAC_OAK
2019,10,2019-11-10,DET,CHI,-3.0,-6.5,20,13,2019_10_DET_CHI
2019,10,2019-11-10,BAL,CIN,10.5,10.5,13,49,2019_10_BAL_CIN
2019,10,2019-11-10,BUF,CLE,-2.5,-3.0,19,16,2019_10_BUF_CLE
2019,10,2019-11-10,MIN,DAL,-3.0,-3.0,24,28,2019_10_MIN_DAL
2019,10,2019-11-10,CAR,GB,-6.0,-5.0,24,16,2019_10_CAR_GB
2019,10,2019-11-10,MIA,IND,-11.5,-11.0,12,16,2019_10_MIA_IND
2019,10,2019-11-10,ATL,NO,-12.0,-13.5,9,26,2019_10_ATL_NO
2019,10,2019-11-10,NYG,NYJ,3.0,3.0,34,27,2019_10_NYG_NYJ
2019,10,2019-11-10,LA,PIT,4.0,4.5,17,12,2019_10_LA_PIT
2019,10,2019-11-10,ARI,TB,-6.0,-5.5,30,27,2019_10_ARI_TB
2019,10,2019-11-10,KC,TEN,6.0,5.5,35,32,2019_10_KC_TEN
2019,10,2019-11-11,SEA,SF,-6.5,-6.5,24,27,2019_10_SEA_SF
2019,11,2019-11-14,PIT,CLE,-3.0,-3.0,21,7,2019_11_PIT_CLE
2019,11,2019-11-17,HOU,BAL,-4.5,-4.5,41,7,2019_11_HOU_BAL
2019,11,2019-11-17,ATL,CAR,-6.5,-3.5,3,29,2019_11_ATL_CAR
2019,11,2019-11-17,DAL,DET,7.0,7.0,27,35,2019_11_DAL_DET
2019,11,2019-11-17,JAX,IND,-2.5,-2.5,33,13,2019_11_JAX_IND
2019,11,2019-11-17,CHI,LA,-7.5,-5.5,17,7,2019_11_CHI_LA
2019,11,2019-11-17,CIN,LV,-10.0,-13.0,17,10,2019_11_CIN_OAK
2019,11,2019-11-17,BUF,MIA,6.5,7.0,20,37,2019_11_BUF_MIA
2019,11,2019-11-17,DEN,MIN,-10.5,-10.0,27,23,2019_11_DEN_MIN
2019,11,2019-11-17,NE,PHI,3.5,4.5,10,17,2019_11_NE_PHI
2019,11,2019-11-17,ARI,SF,-11.5,-10.0,36,26,2019_11_ARI_SF
2019,11,2019-11-17,NO,TB,5.5,5.5,17,34,2019_11_NO_TB
2019,11,2019-11-17,NYJ,WAS,-1.0,-1.5,17,34,2019_11_NYJ_WAS
2019,11,2019-11-18,KC,LAC,4.5,6.0,17,24,2019_11_KC_LAC
2019,12,2019-11-21,IND,HOU,-3.5,-3.5,20,17,2019_12_IND_HOU
2019,12,2019-11-24,TB,ATL,-4.5,-3.5,22,35,2019_12_TB_ATL
2019,12,2019-11-24,DEN,BUF,-5.0,-4.0,20,3,2019_12_DEN_BUF
2019,12,2019-11-24,NYG,CHI,-6.0,-6.0,19,14,2019_12_NYG_CHI
2019,12,2019-11-24,PIT,CIN,6.0,6.0,10,16,2019_12_PIT_CIN
2019,12,2019-11-24,MIA,CLE,-11.0,-10.5,41,24,2019_12_MIA_CLE
2019,12,2019-11-24,DAL,NE,-6.5,-5.5,13,9,2019_12_DAL_NE
2019,12,2019-11-24,CAR,NO,-8.5,-10.0,34,31,2019_12_CAR_NO
2019,12,2019-11-24,LV,NYJ,3.5,3.5,34,3,2019_12_OAK_NYJ
2019,12,2019-11-24,SEA,PHI,-3.0,1.5,9,17,2019_12_SEA_PHI
2019,12,2019-11-24,GB,SF,-3.0,-3.0,37,8,2019_12_GB_SF
2019,12,2019-11-24,JAX,TEN,-3.0,-4.5,42,20,2019_12_JAX_TEN
2019,12,2019-11-24,DET,WAS,2.5,4.0,19,16,2019_12_DET_WAS
2019,12,2019-11-25,BAL,LA,3.0,3.0,6,45,2019_12_BAL_LA
2019,13,2019-11-28,NO,ATL,6.5,7.0,18,26,2019_13_NO_ATL
2019,13,2019-11-28,BUF,DAL,-7.5,-6.5,15,26,2019_13_BUF_DAL
2019,13,2019-11-28,CHI,DET,1.5,5.5,20,24,2019_13_CHI_DET
2019,13,2019-12-01,LA,ARI,3.0,2.5,7,34,2019_13_LA_ARI
2019,13,2019-12-01,SF,BAL,-5.5,-6.0,20,17,2019_13_SF_BAL
2019,13,2019-12-01,WAS,CAR,-10.0,-10.5,21,29,2019_13_WAS_CAR
2019,13,2019-12-01,NYJ,CIN,3.5,2.5,22,6,2019_13_NYJ_CIN
2019,13,2019-12-01,LAC,DEN,0.0,4.5,23,20,2019_13_LAC_DEN
2019,13,2019-12-01,NE,HOU,3.5,3.5,28,22,2019_13_NE_HOU
2019,13,2019-12-01,TEN,IND,-3.0,1.0,17,31,2019_13_TEN_IND
2019,13,2019-12-01,TB,JAX,-1.0,3.0,11,28,2019_13_TB_JAX
2019,13,2019-12-01,LV,KC,-10.0,-11.0,40,9,2019_13_OAK_KC
2019,13,2019-12-01,PHI,MIA,7.5,10.0,37,31,2019_13_PHI_MIA
2019,13,2019-12-01,GB,NYG,6.0,6.5,13,31,2019_13_GB_NYG
2019,13,2019-12-01,CLE,PIT,1.0,1.0,20,13,2019_13_CLE_PIT
2019,13,2019-12-02,MIN,SEA,-3.0,-3.0,37,30,2019_13_MIN_SEA
2019,14,2019-12-05,DAL,CHI,2.5,3.0,31,24,2019_14_DAL_CHI
2019,14,2019-12-08,PIT,ARI,2.5,2.0,17,23,2019_14_PIT_ARI
2019,14,2019-12-08,CAR,ATL,-2.0,-3.5,40,20,2019_14_CAR_ATL
2019,14,2019-12-08,BAL,BUF,5.5,6.5,17,24,2019_14_BAL_BUF
2019,14,2019-12-08,CIN,CLE,-8.0,-6.5,27,19,2019_14_CIN_CLE
2019,14,2019-12-08,WAS,GB,-14.0,-13.0,20,15,2019_14_WAS_GB
2019,14,2019-12-08,DEN,HOU,-9.5,-8.0,24,38,2019_14_DEN_HOU
2019,14,2019-12-08,LAC,JAX,3.0,3.5,10,45,2019_14_LAC_JAX
2019,14,2019-12-08,SEA,LA,2.5,0.0,28,12,2019_14_SEA_LA
2019,14,2019-12-08,TEN,LV,2.5,3.0,21,42,2019_14_TEN_OAK
2019,14,2019-12-08,DET,MIN,-13.0,-12.5,20,7,2019_14_DET_MIN
2019,14,2019-12-08,KC,NE,-3.0,-3.0,16,23,2019_14_KC_NE
2019,14,2019-12-08,SF,NO,-3.5,-1.5,46,48,2019_14_SF_NO
2019,14,2019-12-08,MIA,NYJ,-5.5,-5.0,22,21,2019_14_MIA_NYJ
2019,14,2019-12-08,IND,TB,-3.5,-3.0,38,35,2019_14_IND_TB
2019,14,2019-12-09,NYG,PHI,-8.5,-9.0,23,17,2019_14_NYG_PHI
2019,15,2019-12-12,NYJ,BAL,-15.0,-17.0,42,21,2019_15_NYJ_BAL
2019,15,2019-12-15,CLE,ARI,2.0,3.0,38,24,2019_15_CLE_ARI
2019,15,2019-12-15,SEA,CAR,6.0,6.0,24,30,2019_15_SEA_CAR
2019,15,2019-12-15,NE,CIN,8.5,10.5,13,34,2019_15_NE_CIN
2019,15,2019-12-15,LA,DAL,-3.0,1.0,44,21,2019_15_LA_DAL
2019,15,2019-12-15,TB,DET,3.0,6.0,17,38,2019_15_TB_DET
2019,15,2019-12-15,CHI,GB,-5.0,-4.5,21,13,2019_15_CHI_GB
2019,15,2019-12-15,DEN,KC,-12.0,-9.5,23,3,2019_15_DEN_KC
2019,15,2019-12-15,MIN,LAC,2.5,1.5,10,39,2019_15_MIN_LAC
2019,15,2019-12-15,JAX,LV,-5.5,-7.0,16,20,2019_15_JAX_OAK
2019,15,2019-12-15,MIA,NYG,-3.5,-3.5,36,20,2019_15_MIA_NYG
2019,15,2019-12-15,BUF,PIT,-1.5,-1.0,10,17,2019_15_BUF_PIT
2019,15,2019-12-15,ATL,SF,-11.0,-10.0,22,29,2019_15_ATL_SF
2019,15,2019-12-15,HOU,TEN,-3.0,-3.0,21,24,2019_15_HOU_TEN
2019,15,2019-12-15,PHI,WAS,4.5,6.5,27,37,2019_15_PHI_WAS
2019,15,2019-12-16,IND,NO,-8.0,-8.5,34,7,2019_15_IND_NO
2019,16,2019-12-21,BUF,NE,-6.5,-6.5,24,17,2019_16_BUF_NE
2019,16,2019-12-21,LA,SF,-6.0,-7.0,34,31,2019_16_LA_SF
2019,16,2019-12-21,HOU,TB,-1.5,3.0,20,23,2019_16_HOU_TB
2019,16,2019-12-22,JAX,ATL,-7.5,-7.5,24,12,2019_16_JAX_ATL
2019,16,2019-12-22,KC,CHI,5.0,7.0,3,26,2019_16_KC_CHI
2019,16,2019-12-22,BAL,CLE,9.5,10.0,15,31,2019_16_BAL_CLE
2019,16,2019-12-22,DET,DEN,-7.0,-8.0,27,17,2019_16_DET_DEN
2019,16,2019-12-22,CAR,IND,-6.5,-7.0,38,6,2019_16_CAR_IND
2019,16,2019-12-22,LV,LAC,-5.5,-7.5,17,24,2019_16_OAK_LAC
2019,16,2019-12-22,CIN,MIA,-1.0,1.5,38,35,2019_16_CIN_MIA
2019,16,2019-12-22,PIT,NYJ,3.0,3.0,16,10,2019_16_PIT_NYJ
2019,16,2019-12-22,DAL,PHI,2.0,2.5,17,9,2019_16_DAL_PHI
2019,16,2019-12-22,ARI,SEA,-10.0,-8.0,13,27,2019_16_ARI_SEA
2019,16,2019-12-22,NO,TEN,3.0,3.0,28,38,2019_16_NO_TEN
2019,16,2019-12-22,NYG,WAS,-2.5,1.0,35,41,2019_16_NYG_WAS
2019,16,2019-12-23,GB,MIN,-4.0,-4.5,10,23,2019_16_GB_MIN
2019,17,2019-12-29,PIT,BAL,2.0,1.5,28,10,2019_17_PIT_BAL
2019,17,2019-12-29,NYJ,BUF,-1.5,1.0,6,13,2019_17_NYJ_BUF
2019,17,2019-12-29,NO,CAR,13.0,14.0,10,42,2019_17_NO_CAR
2019,17,2019-12-29,CLE,CIN,2.5,2.5,33,23,2019_17_CLE_CIN
2019,17,2019-12-29,WAS,DAL,-10.5,-12.5,47,16,2019_17_WAS_DAL
2019,17,2019-12-29,LV,DEN,-3.0,-4.5,16,15,2019_17_OAK_DEN
2019,17,2019-12-29,GB,DET,12.5,13.0,20,23,2019_17_GB_DET
2019,17,2019-12-29,TEN,HOU,0.0,9.5,14,35,2019_17_TEN_HOU
2019,17,2019-12-29,IND,JAX,3.5,5.5,38,20,2019_17_IND_JAX
2019,17,2019-12-29,LAC,KC,-7.5,-10.0,31,21,2019_17_LAC_KC
2019,17,2019-12-29,ARI,LA,-5.5,-7.0,31,24,2019_17_ARI_LA
2019,17,2019-12-29,CHI,MIN,-1.0,4.5,19,21,2019_17_CHI_MIN
2019,17,2019-12-29,MIA,NE,-15.5,-17.0,24,27,2019_17_MIA_NE
2019,17,2019-12-29,PHI,NYG,4.5,3.5,17,34,2019_17_PHI_NYG
2019,17,2019-12-29,SF,SEA,1.0,3.5,21,26,2019_17_SF_SEA
2019,17,2019-12-29,ATL,TB,-1.0,-1.0,22,28,2019_17_ATL_TB
2020,1,2020-09-10,HOU,KC,-10.5,-9.5,34,20,2020_01_HOU_KC
2020,1,2020-09-13,SEA,ATL,-1.0,0.0,25,38,2020_01_SEA_ATL
2020,1,2020-09-13,CLE,BAL,-8.5,-7.0,38,6,2020_01_CLE_BAL
2020,1,2020-09-13,NYJ,BUF,-6.0,-6.0,27,17,2020_01_NYJ_BUF
2020,1,2020-09-13,LV,CAR,1.0,3.0,30,34,2020_01_LV_CAR
2020,1,2020-09-13,LAC,CIN,3.0,2.5,13,16,2020_01_LAC_CIN
2020,1,2020-09-13,CHI,DET,-1.5,-2.0,23,27,2020_01_CHI_DET
2020,1,2020-09-13,IND,JAX,7.0,7.0,27,20,2020_01_IND_JAX
2020,1,2020-09-13,DAL,LA,2.0,0.0,20,17,2020_01_DAL_LA
2020,1,2020-09-13,GB,MIN,-3.5,-1.5,34,43,2020_01_GB_MIN
2020,1,2020-09-13,MIA,NE,-6.0,-7.0,21,11,2020_01_MIA_NE
2020,1,2020-09-13,TB,NO,-4.0,-4.0,34,23,2020_01_TB_NO
2020,1,2020-09-13,PHI,WAS,6.0,5.5,27,17,2020_01_PHI_WAS
2020,1,2020-09-14,TEN,DEN,-1.5,3.0,14,16,2020_01_TEN_DEN
2020,1,2020-09-14,PIT,NYG,3.5,6.0,16,26,2020_01_PIT_NYG
2020,2,2020-09-17,CIN,CLE,-5.5,-6.0,35,30,2020_02_CIN_CLE
2020,2,2020-09-20,WAS,ARI,-7.0,-7.0,30,15,2020_02_WAS_ARI
2020,2,2020-09-20,NYG,CHI,-6.0,-4.5,17,13,2020_02_NYG_CHI
2020,2,2020-09-20,ATL,DAL,-6.0,-3.0,40,39,2020_02_ATL_DAL
2020,2,2020-09-20,DET,GB,-5.5,-6.5,42,21,2020_02_DET_GB
2020,2,2020-09-20,BAL,HOU,6.5,7.5,16,33,2020_02_BAL_HOU
2020,2,2020-09-20,MIN,IND,-3.0,-3.5,28,11,2020_02_MIN_IND
2020,2,2020-09-20,KC,LAC,8.5,9.0,20,23,2020_02_KC_LAC
2020,2,2020-09-20,BUF,MIA,5.0,5.5,28,31,2020_02_BUF_MIA
2020,2,2020-09-20,SF,NYJ,6.0,7.0,13,31,2020_02_SF_NYJ
2020,2,2020-09-20,LA,PHI,-2.5,-1.5,19,37,2020_02_LA_PHI
2020,2,2020-09-20,DEN,PIT,-6.5,-6.5,26,21,2020_02_DEN_PIT
2020,2,2020-09-20,NE,SEA,-4.0,-4.5,35,30,2020_02_NE_SEA
2020,2,2020-09-20,CAR,TB,-7.5,-8.5,31,17,2020_02_CAR_TB
2020,2,2020-09-20,JAX,TEN,-9.0,-7.0,33,30,2020_02_JAX_TEN
2020,2,2020-09-21,NO,LV,6.5,4.0,34,24,2020_02_NO_LV
2020,3,2020-09-24,MIA,JAX,-1.5,-2.5,13,31,2020_03_MIA_JAX
2020,3,2020-09-27,DET,ARI,-6.5,-5.0,23,26,2020_03_DET_ARI
2020,3,2020-09-27,CHI,ATL,-3.0,-2.5,26,30,2020_03_CHI_ATL
2020,3,2020-09-27,LA,BUF,-3.0,-2.0,35,32,2020_03_LA_BUF
2020,3,2020-09-27,WAS,CLE,-7.0,-7.0,34,20,2020_03_WAS_CLE
2020,3,2020-09-27,TB,DEN,6.0,6.0,10,28,2020_03_TB_DEN
2020,3,2020-09-27,NYJ,IND,-9.5,-11.5,36,7,2020_03_NYJ_IND
2020,3,2020-09-27,CAR,LAC,-7.0,-6.0,16,21,2020_03_CAR_LAC
2020,3,2020-09-27,TEN,MIN,1.5,2.5,30,31,2020_03_TEN_MIN
2020,3,2020-09-27,LV,NE,-6.0,-7.0,36,20,2020_03_LV_NE
2020,3,2020-09-27,GB,NO,-3.0,-3.0,30,37,2020_03_GB_NO
2020,3,2020-09-27,SF,NYG,4.0,3.0,9,36,2020_03_SF_NYG
2020,3,2020-09-27,CIN,PHI,-6.5,-5.5,23,23,2020_03_CIN_PHI
2020,3,2020-09-27,HOU,PIT,-5.5,-4.0,28,21,2020_03_HOU_PIT
2020,3,2020-09-27,DAL,SEA,-4.0,-5.5,38,31,2020_03_DAL_SEA
2020,3,2020-09-28,KC,BAL,-3.0,-3.5,20,34,2020_03_KC_BAL
2020,4,2020-10-01,DEN,NYJ,2.5,-1.0,28,37,2020_04_DEN_NYJ
2020,4,2020-10-04,ARI,CAR,4.0,3.0,31,21,2020_04_ARI_CAR
2020,4,2020-10-04,IND,CHI,2.5,3.5,11,19,2020_04_IND_CHI
2020,4,2020-10-04,JAX,CIN,-3.5,-1.5,33,25,2020_04_JAX_CIN
2020,4,2020-10-04,CLE,DAL,-4.5,-3.5,38,49,2020_04_CLE_DAL
2020,4,2020-10-04,NO,DET,3.5,3.0,29,35,2020_04_NO_DET
2020,4,2020-10-04,MIN,HOU,-4.0,-3.5,23,31,2020_04_MIN_HOU
2020,4,2020-10-04,NYG,LA,-13.0,-13.5,17,9,2020_04_NYG_LA
2020,4,2020-10-04,BUF,LV,3.0,3.0,23,30,2020_04_BUF_LV
2020,4,2020-10-04,SEA,MIA,6.5,4.5,23,31,2020_04_SEA_MIA
2020,4,2020-10-04,PHI,SF,-5.5,-8.0,20,25,2020_04_PHI_SF
2020,4,2020-10-04,LAC,TB,-7.5,-7.5,38,31,2020_04_LAC_TB
2020,4,2020-10-04,BAL,WAS,13.0,14.0,17,31,2020_04_BAL_WAS
2020,4,2020-10-05,ATL,GB,-7.5,-5.0,30,16,2020_04_ATL_GB
2020,5,2020-10-08,TB,CHI,6.0,3.5,20,19,2020_05_TB_CHI
2020,5,2020-10-11,CAR,ATL,-3.5,-2.5,16,23,2020_05_CAR_ATL
2020,5,2020-10-11,CIN,BAL,-14.0,-12.5,27,3,2020_05_CIN_BAL
2020,5,2020-10-11,IND,CLE,1.0,-1.0,32,23,2020_05_IND_CLE
2020,5,2020-10-11,NYG,DAL,-9.5,-7.5,37,34,2020_05_NYG_DAL
2020,5,2020-10-11,JAX,HOU,-6.5,-6.5,30,14,2020_05_JAX_HOU
2020,5,2020-10-11,LV,KC,-12.0,-10.5,32,40,2020_05_LV_KC
2020,5,2020-10-11,ARI,NYJ,7.5,7.0,10,30,2020_05_ARI_NYJ
2020,5,2020-10-11,PHI,PIT,-7.0,-7.5,38,29,2020_05_PHI_PIT
2020,5,2020-10-11,MIN,SEA,-7.5,-6.5,27,26,2020_05_MIN_SEA
2020,5,2020-10-11,MIA,SF,-9.0,-8.0,17,43,2020_05_MIA_SF
2020,5,2020-10-11,LA,WAS,9.5,7.0,10,30,2020_05_LA_WAS
2020,5,2020-10-12,LAC,NO,-7.5,-7.0,30,27,2020_05_LAC_NO
2020,5,2020-10-13,BUF,TEN,2.5,1.0,42,16,2020_05_BUF_TEN
2020,6,2020-10-18,CHI,CAR,-3.0,-1.5,16,23,2020_06_CHI_CAR
2020,6,2020-10-18,CIN,IND,-9.5,-7.5,31,27,2020_06_CIN_IND
2020,6,2020-10-18,DET,JAX,3.0,3.0,16,34,2020_06_DET_JAX
2020,6,2020-10-18,NYJ,MIA,1.5,-9.0,24,0,2020_06_NYJ_MIA
2020,6,2020-10-18,ATL,MIN,-3.5,-3.5,23,40,2020_06_ATL_MIN
2020,6,2020-10-18,DEN,NE,-9.5,-7.0,12,18,2020_06_DEN_NE
2020,6,2020-10-18,WAS,NYG,-3.5,-1.5,20,19,2020_06_WAS_NYG
2020,6,2020-10-18,BAL,PHI,7.5,10.0,28,30,2020_06_BAL_PHI
2020,6,2020-10-18,CLE,PIT,-4.0,-3.0,38,7,2020_06_CLE_PIT
2020,6,2020-10-18,LA,SF,3.0,2.5,24,16,2020_06_LA_SF
2020,6,2020-10-18,GB,TB,1.5,2.5,38,10,2020_06_GB_TB
2020,6,2020-10-18,HOU,TEN,-3.5,-4.0,42,36,2020_06_HOU_TEN
2020,6,2020-10-19,KC,BUF,4.0,5.5,17,26,2020_06_KC_BUF
2020,6,2020-10-19,ARI,DAL,2.5,-1.0,10,38,2020_06_ARI_DAL
2020,7,2020-10-22,NYG,PHI,-5.5,-5.0,22,21,2020_07_NYG_PHI
2020,7,2020-10-25,SEA,ARI,3.5,3.5,37,34,2020_07_SEA_ARI
2020,7,2020-10-25,DET,ATL,-3.0,-1.0,22,23,2020_07_DET_ATL
2020,7,2020-10-25,CLE,CIN,3.5,4.0,34,37,2020_07_CLE_CIN
2020,7,2020-10-25,KC,DEN,9.0,7.0,16,43,2020_07_KC_DEN
2020,7,2020-10-25,GB,HOU,3.0,3.0,20,35,2020_07_GB_HOU
2020,7,2020-10-25,JAX,LAC,-10.0,-7.5,39,29,2020_07_JAX_LAC
2020,7,2020-10-25,TB,LV,3.0,4.0,20,45,2020_07_TB_LV
2020,7,2020-10-25,SF,NE,-3.5,-3.0,6,33,2020_07_SF_NE
2020,7,2020-10-25,CAR,NO,-7.5,-7.0,27,24,2020_07_CAR_NO
2020,7,2020-10-25,BUF,NYJ,12.5,9.5,10,18,2020_07_BUF_NYJ
2020,7,2020-10-25,PIT,TEN,1.5,-1.0,24,27,2020_07_PIT_TEN
2020,7,2020-10-25,DAL,WAS,2.0,0.0,25,3,2020_07_DAL_WAS
2020,7,2020-10-26,CHI,LA,-5.5,-6.5,24,10,2020_07_CHI_LA
2020,8,2020-10-29,ATL,CAR,-3.0,-1.5,17,25,2020_08_ATL_CAR
2020,8,2020-11-01,PIT,BAL,-5.5,-4.0,24,28,2020_08_PIT_BAL
2020,8,2020-11-01,NE,BUF,-4.0,-4.5,24,21,2020_08_NE_BUF
2020,8,2020-11-01,NO,CHI,4.0,5.5,23,26,2020_08_NO_CHI
2020,8,2020-11-01,TEN,CIN,4.0,7.0,31,20,2020_08_TEN_CIN
2020,8,2020-11-01,LV,CLE,-3.0,-1.0,6,16,2020_08_LV_CLE
2020,8,2020-11-01,LAC,DEN,1.5,3.0,31,30,2020_08_LAC_DEN
2020,8,2020-11-01,IND,DET,2.5,3.0,21,41,2020_08_IND_DET
2020,8,2020-11-01,MIN,GB,-7.0,-6.0,22,28,2020_08_MIN_GB
2020,8,2020-11-01,NYJ,KC,-20.0,-19.5,35,9,2020_08_NYJ_KC
2020,8,2020-11-01,LA,MIA,3.5,3.5,28,17,2020_08_LA_MIA
2020,8,2020-11-01,DAL,PHI,-3.5,-10.0,23,9,2020_08_DAL_PHI
2020,8,2020-11-01,SF,SEA,-4.0,-1.0,37,27,2020_08_SF_SEA
2020,8,2020-11-02,TB,NYG,10.0,12.5,23,25,2020_08_TB_NYG
2020,9,2020-11-05,GB,SF,3.5,6.0,17,34,2020_09_GB_SF
2020,9,2020-11-08,MIA,ARI,-4.5,-6.0,31,34,2020_09_MIA_ARI
2020,9,2020-11-08,DEN,ATL,-4.0,-4.5,34,27,2020_09_DEN_ATL
2020,9,2020-11-08,SEA,BUF,2.5,3.0,44,34,2020_09_SEA_BUF
2020,9,2020-11-08,PIT,DAL,14.0,14.0,19,24,2020_09_PIT_DAL
2020,9,2020-11-08,BAL,IND,2.5,1.0,10,24,2020_09_BAL_IND
2020,9,2020-11-08,HOU,JAX,6.5,7.0,25,27,2020_09_HOU_JAX
2020,9,2020-11-08,CAR,KC,-11.5,-10.0,33,31,2020_09_CAR_KC
2020,9,2020-11-08,LV,LAC,-1.5,1.0,26,31,2020_09_LV_LAC
2020,9,2020-11-08,DET,MIN,-3.5,-3.5,34,20,2020_09_DET_MIN
2020,9,2020-11-08,NO,TB,-5.0,-3.5,3,38,2020_09_NO_TB
2020,9,2020-11-08,CHI,TEN,-6.0,-6.5,24,17,2020_09_CHI_TEN
2020,9,2020-11-08,NYG,WAS,-3.5,-3.0,20,23,2020_09_NYG_WAS
2020,9,2020-11-09,NE,NYJ,-7.5,9.5,27,30,2020_09_NE_NYJ
2020,10,2020-11-12,IND,TEN,-2.5,1.0,17,34,2020_10_IND_TEN
2020,10,2020-11-15,BUF,ARI,-3.0,-3.0,32,30,2020_10_BUF_ARI
2020,10,2020-11-15,TB,CAR,6.0,6.5,23,46,2020_10_TB_CAR
2020,10,2020-11-15,HOU,CLE,-2.5,-4.5,10,7,2020_10_HOU_CLE
2020,10,2020-11-15,WAS,DET,4.5,-3.0,30,27,2020_10_WAS_DET
2020,10,2020-11-15,JAX,GB,-14.0,-13.5,24,20,2020_10_JAX_GB
2020,10,2020-11-15,SEA,LA,-1.5,-3.0,23,16,2020_10_SEA_LA
2020,10,2020-11-15,DEN,LV,-4.5,-3.5,37,12,2020_10_DEN_LV
2020,10,2020-11-15,LAC,MIA,-2.5,-1.5,29,21,2020_10_LAC_MIA
2020,10,2020-11-15,BAL,NE,6.5,7.0,23,17,2020_10_BAL_NE
2020,10,2020-11-15,SF,NO,-9.0,-9.5,27,13,2020_10_SF_NO
2020,10,2020-11-15,PHI,NYG,3.0,4.5,27,17,2020_10_PHI_NYG
2020,10,2020-11-15,CIN,PIT,-9.5,-6.5,36,10,2020_10_CIN_PIT
2020,10,2020-11-16,MIN,CHI,2.5,3.5,13,19,2020_10_MIN_CHI
2020,11,2020-11-19,ARI,SEA,-3.5,-3.0,28,21,2020_11_ARI_SEA
2020,11,2020-11-22,TEN,BAL,-6.0,-6.0,24,30,2020_11_TEN_BAL
2020,11,2020-11-22,DET,CAR,1.0,3.0,20,0,2020_11_DET_CAR
2020,11,2020-11-22,PHI,CLE,-3.0,-2.5,22,17,2020_11_PHI_CLE
2020,11,2020-11-22,MIA,DEN,3.0,4.0,20,13,2020_11_MIA_DEN
2020,11,2020-11-22,NE,HOU,2.5,2.5,27,20,2020_11_NE_HOU
2020,11,2020-11-22,GB,IND,-2.5,-1.5,34,31,2020_11_GB_IND
2020,11,2020-11-22,PIT,JAX,10.0,10.5,3,27,2020_11_PIT_JAX
2020,11,2020-11-22,NYJ,LAC,-9.5,-9.5,34,28,2020_11_NYJ_LAC
2020,11,2020-11-22,KC,LV,6.5,8.0,31,35,2020_11_KC_LV
2020,11,2020-11-22,DAL,MIN,-8.5,-7.0,28,31,2020_11_DAL_MIN
2020,11,2020-11-22,ATL,NO,-6.5,-3.5,24,9,2020_11_ATL_NO
2020,11,2020-11-22,CIN,WAS,0.0,-1.5,20,9,2020_11_CIN_WAS
2020,11,2020-11-23,LA,TB,-4.0,-4.0,24,27,2020_11_LA_TB
2020,12,2020-11-26,WAS,DAL,-3.0,-2.5,16,41,2020_12_WAS_DAL
2020,12,2020-11-26,HOU,DET,2.0,3.0,25,41,2020_12_HOU_DET
2020,12,2020-11-29,LV,ATL,2.5,3.5,43,6,2020_12_LV_ATL
2020,12,2020-11-29,LAC,BUF,-5.0,-4.5,27,17,2020_12_LAC_BUF
2020,12,2020-11-29,NYG,CIN,4.5,6.5,17,19,2020_12_NYG_CIN
2020,12,2020-11-29,NO,DEN,5.0,17.0,3,31,2020_12_NO_DEN
2020,12,2020-11-29,CHI,GB,-8.5,-8.0,41,25,2020_12_CHI_GB
2020,12,2020-11-29,TEN,IND,-4.0,-3.0,26,45,2020_12_TEN_IND
2020,12,2020-11-29,CLE,JAX,6.5,7.5,25,27,2020_12_CLE_JAX
2020,12,2020-11-29,SF,LA,-7.5,-5.0,20,23,2020_12_SF_LA
2020,12,2020-11-29,CAR,MIN,-4.0,-3.0,28,27,2020_12_CAR_MIN
2020,12,2020-11-29,ARI,NE,3.0,1.5,20,17,2020_12_ARI_NE
2020,12,2020-11-29,MIA,NYJ,6.5,7.5,3,20,2020_12_MIA_NYJ
2020,12,2020-11-29,KC,TB,3.0,3.5,24,27,2020_12_KC_TB
2020,12,2020-11-30,SEA,PHI,5.5,6.5,17,23,2020_12_SEA_PHI
2020,12,2020-12-02,BAL,PIT,-8.5,-10.5,19,14,2020_12_BAL_PIT
2020,13,2020-12-06,LA,ARI,1.0,2.5,28,38,2020_13_LA_ARI
2020,13,2020-12-06,NO,ATL,3.0,3.0,16,21,2020_13_NO_ATL
2020,13,2020-12-06,DET,CHI,-4.5,-3.0,30,34,2020_13_DET_CHI
2020,13,2020-12-06,PHI,GB,-9.0,-8.5,30,16,2020_13_PHI_GB
2020,13,2020-12-06,IND,HOU,2.5,3.0,20,26,2020_13_IND_HOU
2020,13,2020-12-06,DEN,KC,-13.5,-13.0,22,16,2020_13_DEN_KC
2020,13,2020-12-06,NE,LAC,-1.5,-1.5,0,45,2020_13_NE_LAC
2020,13,2020-12-06,CIN,MIA,-11.0,-10.0,19,7,2020_13_CIN_MIA
2020,13,2020-12-06,JAX,MIN,-10.0,-10.0,27,24,2020_13_JAX_MIN
2020,13,2020-12-06,LV,NYJ,7.5,7.5,28,31,2020_13_LV_NYJ
2020,13,2020-12-06,NYG,SEA,-10.0,-11.0,12,17,2020_13_NYG_SEA
2020,13,2020-12-06,CLE,TEN,-4.0,-4.0,35,41,2020_13_CLE_TEN
2020,13,2020-12-07,WAS,PIT,-7.5,-5.5,17,23,2020_13_WAS_PIT
2020,13,2020-12-07,BUF,SF,2.5,-1.5,24,34,2020_13_BUF_SF
2020,13,2020-12-08,DAL,BAL,-7.5,-9.0,34,17,2020_13_DAL_BAL
2020,14,2020-12-10,NE,LA,-6.0,-5.0,24,3,2020_14_NE_LA
2020,14,2020-12-13,PIT,BUF,0.0,-2.0,26,15,2020_14_PIT_BUF
2020,14,2020-12-13,DEN,CAR,-3.0,-4.0,27,32,2020_14_DEN_CAR
2020,14,2020-12-13,HOU,CHI,1.0,1.0,36,7,2020_14_HOU_CHI
2020,14,2020-12-13,DAL,CIN,3.5,3.0,7,30,2020_14_DAL_CIN
2020,14,2020-12-13,GB,DET,10.0,8.5,24,31,2020_14_GB_DET
2020,14,2020-12-13,TEN,JAX,7.5,7.5,10,31,2020_14_TEN_JAX
2020,14,2020-12-13,ATL,LAC,1.5,-1.0,20,17,2020_14_ATL_LAC
2020,14,2020-12-13,IND,LV,3.0,2.5,27,44,2020_14_IND_LV
2020,14,2020-12-13,KC,MIA,7.5,7.0,27,33,2020_14_KC_MIA
2020,14,2020-12-13,ARI,NYG,2.5,3.0,7,26,2020_14_ARI_NYG
2020,14,2020-12-13,NO,PHI,6.5,7.5,24,21,2020_14_NO_PHI
2020,14,2020-12-13,NYJ,SEA,-13.5,-16.5,40,3,2020_14_NYJ_SEA
2020,14,2020-12-13,WAS,SF,-3.5,-3.0,15,23,2020_14_WAS_SF
2020,14,2020-12-13,MIN,TB,-6.5,-7.0,26,14,2020_14_MIN_TB
2020,14,2020-12-14,BAL,CLE,1.0,3.0,42,47,2020_14_BAL_CLE
2020,15,2020-12-17,LAC,LV,-3.0,-3.5,27,30,2020_15_LAC_LV
2020,15,2020-12-19,BUF,DEN,6.0,6.0,19,48,2020_15_BUF_DEN
2020,15,2020-12-19,CAR,GB,-9.0,-9.5,24,16,2020_15_CAR_GB
2020,15,2020-12-20,PHI,ARI,-5.5,-6.0,33,26,2020_15_PHI_ARI
2020,15,2020-12-20,TB,ATL,4.0,6.0,27,31,2020_15_TB_ATL
2020,15,2020-12-20,JAX,BAL,-14.0,-12.5,40,14,2020_15_JAX_BAL
2020,15,2020-12-20,SF,DAL,1.0,4.0,41,33,2020_15_SF_DAL
2020,15,2020-12-20,HOU,IND,-7.5,-7.5,27,20,2020_15_HOU_IND
2020,15,2020-12-20,NYJ,LA,-17.0,-17.0,20,23,2020_15_NYJ_LA
2020,15,2020-12-20,NE,MIA,-3.0,1.0,22,12,2020_15_NE_MIA
2020,15,2020-12-20,CHI,MIN,-3.5,-3.0,27,33,2020_15_CHI_MIN
2020,15,2020-12-20,KC,NO,4.0,3.0,29,32,2020_15_KC_NO
2020,15,2020-12-20,CLE,NYG,5.0,6.5,6,20,2020_15_CLE_NYG
2020,15,2020-12-20,DET,TEN,-9.5,-9.0,46,25,2020_15_DET_TEN
2020,15,2020-12-20,SEA,WAS,4.0,6.0,15,20,2020_15_SEA_WAS
2020,15,2020-12-21,PIT,CIN,12.5,14.5,27,17,2020_15_PIT_CIN
2020,16,2020-12-25,MIN,NO,-7.5,-6.5,52,33,2020_16_MIN_NO
2020,16,2020-12-26,SF,ARI,-4.0,-6.0,12,20,2020_16_SF_ARI
2020,16,2020-12-26,TB,DET,7.5,12.0,7,47,2020_16_TB_DET
2020,16,2020-12-26,MIA,LV,2.5,2.5,25,26,2020_16_MIA_LV
2020,16,2020-12-27,NYG,BAL,-10.5,-9.5,27,13,2020_16_NYG_BAL
2020,16,2020-12-27,PHI,DAL,-1.0,3.0,37,17,2020_16_PHI_DAL
2020,16,2020-12-27,TEN,GB,-4.0,-3.0,40,14,2020_16_TEN_GB
2020,16,2020-12-27,CIN,HOU,8.0,-7.5,31,37,2020_16_CIN_HOU
2020,16,2020-12-27,CHI,JAX,7.5,9.5,17,41,2020_16_CHI_JAX
2020,16,2020-12-27,ATL,KC,-11.5,-11.0,17,14,2020_16_ATL_KC
2020,16,2020-12-27,DEN,LAC,-3.5,-2.5,19,16,2020_16_DEN_LAC
2020,16,2020-12-27,CLE,NYJ,10.0,6.5,23,16,2020_16_CLE_NYJ
2020,16,2020-12-27,IND,PIT,2.0,1.0,28,24,2020_16_IND_PIT
2020,16,2020-12-27,LA,SEA,-2.5,-1.5,20,9,2020_16_LA_SEA
2020,16,2020-12-27,CAR,WAS,-2.0,1.0,13,20,2020_16_CAR_WAS
2020,16,2020-12-28,BUF,NE,6.5,7.0,9,38,2020_16_BUF_NE
2020,17,2021-01-03,MIA,BUF,-4.5,3.0,56,26,2020_17_MIA_BUF
2020,17,2021-01-03,NO,CAR,4.0,6.0,7,33,2020_17_NO_CAR
2020,17,2021-01-03,GB,CHI,6.0,4.5,16,35,2020_17_GB_CHI
2020,17,2021-01-03,BAL,CIN,11.5,13.5,3,38,2020_17_BAL_CIN
2020,17,2021-01-03,PIT,CLE,-6.5,-10.0,24,22,2020_17_PIT_CLE
2020,17,2021-01-03,LV,DEN,-1.0,3.0,31,32,2020_17_LV_DEN
2020,17,2021-01-03,MIN,DET,6.5,3.0,35,37,2020_17_MIN_DET
2020,17,2021-01-03,TEN,HOU,7.5,7.0,38,41,2020_17_TEN_HOU
2020,17,2021-01-03,JAX,IND,-14.0,-15.5,28,14,2020_17_JAX_IND
2020,17,2021-01-03,LAC,KC,3.5,6.5,21,38,2020_17_LAC_KC
2020,17,2021-01-03,ARI,LA,3.0,-1.0,18,7,2020_17_ARI_LA
2020,17,2021-01-03,NYJ,NE,-3.0,-3.0,28,14,2020_17_NYJ_NE
2020,17,2021-01-03,DAL,NYG,1.0,1.5,23,19,2020_17_DAL_NYG
2020,17,2021-01-03,WAS,PHI,-1.0,6.5,14,20,2020_17_WAS_PHI
2020,17,2021-01-03,SEA,SF,4.5,7.0,23,26,2020_17_SEA_SF
2020,17,2021-01-03,ATL,TB,-4.5,-7.0,44,27,2020_17_ATL_TB
2021,1,2021-09-09,DAL,TB,-6.5,-9.0,31,29,2021_01_DAL_TB
2021,1,2021-09-12,PHI,ATL,-3.5,-3.5,6,32,2021_01_PHI_ATL
2021,1,2021-09-12,PIT,BUF,-6.5,-6.5,16,23,2021_01_PIT_BUF
2021,1,2021-09-12,NYJ,CAR,-4.0,-3.5,19,14,2021_01_NYJ_CAR
2021,1,2021-09-12,MIN,CIN,3.0,3.0,27,24,2021_01_MIN_CIN
2021,1,2021-09-12,SF,DET,7.5,9.5,33,41,2021_01_SF_DET
2021,1,2021-09-12,JAX,HOU,3.0,3.5,37,21,2021_01_JAX_HOU
2021,1,2021-09-12,SEA,IND,-2.5,3.0,16,28,2021_01_SEA_IND
2021,1,2021-09-12,CLE,KC,-6.0,-5.0,33,29,2021_01_CLE_KC
2021,1,2021-09-12,CHI,LA,-7.0,-9.5,34,14,2021_01_CHI_LA
2021,1,2021-09-12,MIA,NE,-2.0,-3.5,16,17,2021_01_MIA_NE
2021,1,2021-09-12,GB,NO,2.5,3.5,38,3,2021_01_GB_NO
2021,1,2021-09-12,DEN,NYG,1.0,3.0,13,27,2021_01_DEN_NYG
2021,1,2021-09-12,ARI,TEN,-2.5,-2.5,13,38,2021_01_ARI_TEN
2021,1,2021-09-12,LAC,WAS,0.0,-1.5,16,20,2021_01_LAC_WAS
2021,1,2021-09-13,BAL,LV,4.0,3.0,33,27,2021_01_BAL_LV
2021,2,2021-09-16,NYG,WAS,-4.0,-4.0,30,29,2021_02_NYG_WAS
2021,2,2021-09-19,MIN,ARI,-4.5,-3.5,34,33,2021_02_MIN_ARI
2021,2,2021-09-19,KC,BAL,2.5,3.5,36,35,2021_02_KC_BAL
2021,2,2021-09-19,NO,CAR,2.5,3.0,26,7,2021_02_NO_CAR
2021,2,2021-09-19,CIN,CHI,-3.0,-2.0,20,17,2021_02_CIN_CHI
2021,2,2021-09-19,HOU,CLE,-11.5,-13.5,31,21,2021_02_HOU_CLE
2021,2,2021-09-19,LA,IND,4.0,4.0,24,27,2021_02_LA_IND
2021,2,2021-09-19,DEN,JAX,6.0,6.0,13,23,2021_02_DEN_JAX
2021,2,2021-09-19,DAL,LAC,-3.0,-3.0,17,20,2021_02_DAL_LAC
2021,2,2021-09-19,BUF,MIA,3.5,3.5,0,35,2021_02_BUF_MIA
2021,2,2021-09-19,NE,NYJ,3.5,6.0,6,25,2021_02_NE_NYJ
2021,2,2021-09-19,SF,PHI,3.0,3.0,11,17,2021_02_SF_PHI
2021,2,2021-09-19,LV,PIT,-5.5,-5.5,17,26,2021_02_LV_PIT
2021,2,2021-09-19,TEN,SEA,-6.0,-6.0,30,33,2021_02_TEN_SEA
2021,2,2021-09-19,ATL,TB,-13.0,-13.0,48,25,2021_02_ATL_TB
2021,2,2021-09-20,DET,GB,-10.5,-11.5,35,17,2021_02_DET_GB
2021,3,2021-09-23,CAR,HOU,7.0,8.0,9,24,2021_03_CAR_HOU
2021,3,2021-09-26,WAS,BUF,-9.5,-7.0,43,21,2021_03_WAS_BUF
2021,3,2021-09-26,CHI,CLE,-7.5,-7.5,26,6,2021_03_CHI_CLE
2021,3,2021-09-26,NYJ,DEN,-11.5,-10.5,26,0,2021_03_NYJ_DEN
2021,3,2021-09-26,BAL,DET,7.5,7.5,17,19,2021_03_BAL_DET
2021,3,2021-09-26,ARI,JAX,7.0,8.0,19,31,2021_03_ARI_JAX
2021,3,2021-09-26,LAC,KC,-7.0,-7.0,24,30,2021_03_LAC_KC
2021,3,2021-09-26,TB,LA,-2.0,0.0,34,24,2021_03_TB_LA
2021,3,2021-09-26,MIA,LV,-4.5,-3.5,31,28,2021_03_MIA_LV
2021,3,2021-09-26,SEA,MIN,1.0,2.0,30,17,2021_03_SEA_MIN
2021,3,2021-09-26,NO,NE,-3.0,-3.0,13,28,2021_03_NO_NE
2021,3,2021-09-26,ATL,NYG,-3.0,-2.5,14,17,2021_03_ATL_NYG
2021,3,2021-09-26,CIN,PIT,-3.5,-2.5,10,24,2021_03_CIN_PIT
2021,3,2021-09-26,GB,SF,-3.5,-3.0,28,30,2021_03_GB_SF
2021,3,2021-09-26,IND,TEN,-6.0,-5.0,25,16,2021_03_IND_TEN
2021,3,2021-09-27,PHI,DAL,-3.5,-3.5,41,21,2021_03_PHI_DAL
2021,4,2021-09-30,JAX,CIN,-7.5,-7.5,24,21,2021_04_JAX_CIN
2021,4,2021-10-03,WAS,ATL,-1.0,2.5,30,34,2021_04_WAS_ATL
2021,4,2021-10-03,HOU,BUF,-17.5,-18.5,40,0,2021_04_HOU_BUF
2021,4,2021-10-03,DET,CHI,-3.5,-3.0,24,14,2021_04_DET_CHI
2021,4,2021-10-03,CAR,DAL,-4.5,-4.5,36,28,2021_04_CAR_DAL
2021,4,2021-10-03,BAL,DEN,-2.0,-1.0,7,23,2021_04_BAL_DEN
2021,4,2021-10-03,PIT,GB,-7.0,-6.0,27,17,2021_04_PIT_GB
2021,4,2021-10-03,ARI,LA,-6.0,-3.5,20,37,2021_04_ARI_LA
2021,4,2021-10-03,IND,MIA,-1.5,-2.5,17,27,2021_04_IND_MIA
2021,4,2021-10-03,CLE,MIN,1.0,0.0,7,14,2021_04_CLE_MIN
2021,4,2021-10-03,TB,NE,5.5,7.0,17,19,2021_04_TB_NE
2021,4,2021-10-03,NYG,NO,-9.0,-7.5,21,27,2021_04_NYG_NO
2021,4,2021-10-03,TEN,NYJ,7.5,5.5,27,24,2021_04_TEN_NYJ
2021,4,2021-10-03,KC,PHI,5.5,7.0,30,42,2021_04_KC_PHI
2021,4,2021-10-03,SEA,SF,-2.5,-2.5,21,28,2021_04_SEA_SF
2021,4,2021-10-04,LV,LAC,-3.0,-3.0,28,14,2021_04_LV_LAC
2021,5,2021-10-07,LA,SEA,0.0,2.5,17,26,2021_05_LA_SEA
2021,5,2021-10-10,SF,ARI,-4.5,-5.5,17,10,2021_05_SF_ARI
2021,5,2021-10-10,NYJ,ATL,-3.5,-3.0,27,20,2021_05_NYJ_ATL
2021,5,2021-10-10,PHI,CAR,-4.5,-2.5,18,21,2021_05_PHI_CAR
2021,5,2021-10-10,GB,CIN,3.0,2.5,22,25,2021_05_GB_CIN
2021,5,2021-10-10,NYG,DAL,-7.5,-7.0,44,20,2021_05_NYG_DAL
2021,5,2021-10-10,NE,HOU,9.0,8.0,22,25,2021_05_NE_HOU
2021,5,2021-10-10,TEN,JAX,3.5,4.5,19,37,2021_05_TEN_JAX
2021,5,2021-10-10,BUF,KC,-3.0,-2.5,20,38,2021_05_BUF_KC
2021,5,2021-10-10,CLE,LAC,-1.5,-2.5,47,42,2021_05_CLE_LAC
2021,5,2021-10-10,CHI,LV,-5.5,-5.5,9,20,2021_05_CHI_LV
2021,5,2021-10-10,DET,MIN,-8.0,-10.0,19,17,2021_05_DET_MIN
2021,5,2021-10-10,DEN,PIT,-1.0,1.0,27,19,2021_05_DEN_PIT
2021,5,2021-10-10,MIA,TB,-10.5,-11.0,45,17,2021_05_MIA_TB
2021,5,2021-10-10,NO,WAS,1.5,2.5,22,33,2021_05_NO_WAS
2021,5,2021-10-11,IND,BAL,-7.0,-7.5,31,25,2021_05_IND_BAL
2021,6,2021-10-14,TB,PHI,6.5,7.0,22,28,2021_06_TB_PHI
2021,6,2021-10-17,LAC,BAL,-3.0,-3.0,34,6,2021_06_LAC_BAL
2021,6,2021-10-17,MIN,CAR,-1.5,2.0,28,34,2021_06_MIN_CAR
2021,6,2021-10-17,GB,CHI,3.5,5.5,14,24,2021_06_GB_CHI
2021,6,2021-10-17,ARI,CLE,-3.0,-3.0,14,37,2021_06_ARI_CLE
2021,6,2021-10-17,LV,DEN,-3.5,-5.0,24,34,2021_06_LV_DEN
2021,6,2021-10-17,CIN,DET,3.5,3.5,11,34,2021_06_CIN_DET
2021,6,2021-10-17,HOU,IND,-9.5,-10.0,31,3,2021_06_HOU_IND
2021,6,2021-10-17,MIA,JAX,3.0,1.5,23,20,2021_06_MIA_JAX
2021,6,2021-10-17,DAL,NE,2.0,3.5,29,35,2021_06_DAL_NE
2021,6,2021-10-17,LA,NYG,9.5,7.5,11,38,2021_06_LA_NYG
2021,6,2021-10-17,SEA,PIT,-3.5,-5.5,23,20,2021_06_SEA_PIT
2021,6,2021-10-17,KC,WAS,6.5,6.5,13,31,2021_06_KC_WAS
2021,6,2021-10-18,BUF,TEN,5.5,6.0,34,31,2021_06_BUF_TEN
2021,7,2021-10-21,DEN,CLE,-4.5,-1.5,17,14,2021_07_DEN_CLE
2021,7,2021-10-24,HOU,ARI,-17.0,-20.5,31,5,2021_07_HOU_ARI
2021,7,2021-10-24,CIN,BAL,-6.5,-6.5,17,41,2021_07_CIN_BAL
2021,7,2021-10-24,WAS,GB,-10.5,-9.0,24,10,2021_07_WAS_GB
2021,7,2021-10-24,DET,LA,-15.5,-16.5,28,19,2021_07_DET_LA
2021,7,2021-10-24,PHI,LV,-3.0,-1.0,33,22,2021_07_PHI_LV
2021,7,2021-10-24,ATL,MIA,0.0,2.5,28,30,2021_07_ATL_MIA
2021,7,2021-10-24,NYJ,NE,-6.5,-7.0,54,13,2021_07_NYJ_NE
2021,7,2021-10-24,CAR,NYG,2.5,3.0,25,3,2021_07_CAR_NYG
2021,7,2021-10-24,IND,SF,-4.0,-3.5,18,30,2021_07_IND_SF
2021,7,2021-10-24,CHI,TB,-13.0,-11.5,38,3,2021_07_CHI_TB
2021,7,2021-10-24,KC,TEN,4.5,4.5,27,3,2021_07_KC_TEN
2021,7,2021-10-25,NO,SEA,3.5,6.0,10,13,2021_07_NO_SEA
2021,8,2021-10-28,GB,ARI,-3.5,-6.5,21,24,2021_08_GB_ARI
2021,8,2021-10-31,CAR,ATL,-2.5,-2.5,13,19,2021_08_CAR_ATL
2021,8,2021-10-31,MIA,BUF,-13.5,-15.0,26,11,2021_08_MIA_BUF
2021,8,2021-10-31,SF,CHI,3.5,4.5,22,33,2021_08_SF_CHI
2021,8,2021-10-31,PIT,CLE,-3.0,-5.5,10,15,2021_08_PIT_CLE
2021,8,2021-10-31,WAS,DEN,-3.5,-3.5,17,10,2021_08_WAS_DEN
2021,8,2021-10-31,PHI,DET,3.0,3.0,6,44,2021_08_PHI_DET
2021,8,2021-10-31,LA,HOU,14.5,16.5,22,38,2021_08_LA_HOU
2021,8,2021-10-31,TEN,IND,1.0,-3.0,31,34,2021_08_TEN_IND
2021,8,2021-10-31,NE,LAC,-5.5,-3.5,24,27,2021_08_NE_LAC
2021,8,2021-10-31,DAL,MIN,1.0,-4.5,16,20,2021_08_DAL_MIN
2021,8,2021-10-31,TB,NO,4.0,3.5,36,27,2021_08_TB_NO
2021,8,2021-10-31,CIN,NYJ,8.5,11.5,34,31,2021_08_CIN_NYJ
2021,8,2021-10-31,JAX,SEA,-3.0,-4.0,31,7,2021_08_JAX_SEA
2021,8,2021-11-01,NYG,KC,-10.0,-10.5,20,17,2021_08_NYG_KC
2021,9,2021-11-04,NYJ,IND,-10.5,-10.0,45,30,2021_09_NYJ_IND
2021,9,2021-11-07,MIN,BAL,-5.5,-7.0,34,31,2021_09_MIN_BAL
2021,9,2021-11-07,NE,CAR,2.5,3.0,6,24,2021_09_NE_CAR
2021,9,2021-11-07,CLE,CIN,-2.5,-1.0,16,41,2021_09_CLE_CIN
2021,9,2021-11-07,DEN,DAL,-8.5,-10.0,16,30,2021_09_DEN_DAL
2021,9,2021-11-07,BUF,JAX,13.5,14.5,9,6,2021_09_BUF_JAX
2021,9,2021-11-07,GB,KC,-2.0,-7.0,13,7,2021_09_GB_KC
2021,9,2021-11-07,TEN,LA,-6.5,-7.0,16,28,2021_09_TEN_LA
2021,9,2021-11-07,HOU,MIA,-7.0,-3.5,17,9,2021_09_HOU_MIA
2021,9,2021-11-07,ATL,NO,-5.5,-7.0,25,27,2021_09_ATL_NO
2021,9,2021-11-07,LV,NYG,2.5,3.0,23,16,2021_09_LV_NYG
2021,9,2021-11-07,LAC,PHI,2.5,0.0,24,27,2021_09_LAC_PHI
2021,9,2021-11-07,ARI,SF,2.5,-5.5,17,31,2021_09_ARI_SF
2021,9,2021-11-08,CHI,PIT,-6.5,-7.0,29,27,2021_09_CHI_PIT
2021,10,2021-11-11,BAL,MIA,7.5,8.5,22,10,2021_10_BAL_MIA
2021,10,2021-11-14,CAR,ARI,-10.0,-7.0,10,34,2021_10_CAR_ARI
2021,10,2021-11-14,ATL,DAL,-10.0,-8.0,43,3,2021_10_ATL_DAL
2021,10,2021-11-14,PHI,DEN,-2.5,0.0,13,30,2021_10_PHI_DEN
2021,10,2021-11-14,SEA,GB,-5.5,-3.0,17,0,2021_10_SEA_GB
2021,10,2021-11-14,JAX,IND,-10.5,-10.0,23,17,2021_10_JAX_IND
2021,10,2021-11-14,MIN,LAC,-2.5,-3.5,20,27,2021_10_MIN_LAC
2021,10,2021-11-14,KC,LV,2.5,2.5,14,41,2021_10_KC_LV
2021,10,2021-11-14,CLE,NE,-2.5,-1.0,45,7,2021_10_CLE_NE
2021,10,2021-11-14,BUF,NYJ,13.0,13.0,17,45,2021_10_BUF_NYJ
2021,10,2021-11-14,NO,TEN,-3.0,-3.0,23,21,2021_10_NO_TEN
2021,10,2021-11-14,TB,WAS,10.0,10.0,29,19,2021_10_TB_WAS
2021,10,2021-11-15,LA,SF,4.0,3.5,31,10,2021_10_LA_SF
2021,11,2021-11-18,NE,ATL,5.5,7.0,0,25,2021_11_NE_ATL
2021,11,2021-11-21,IND,BUF,-6.5,-7.0,15,41,2021_11_IND_BUF
2021,11,2021-11-21,WAS,CAR,-3.0,-3.5,21,27,2021_11_WAS_CAR
2021,11,2021-11-21,BAL,CHI,6.0,5.0,13,16,2021_11_BAL_CHI
2021,11,2021-11-21,DET,CLE,-10.0,-13.0,13,10,2021_11_DET_CLE
2021,11,2021-11-21,SF,JAX,6.0,6.5,10,30,2021_11_SF_JAX
2021,11,2021-11-21,DAL,KC,-2.0,-2.5,19,9,2021_11_DAL_KC
2021,11,2021-11-21,PIT,LAC,-6.0,-6.0,41,37,2021_11_PIT_LAC
2021,11,2021-11-21,CIN,LV,1.0,1.5,13,32,2021_11_CIN_LV
2021,11,2021-11-21,GB,MIN,2.5,1.0,34,31,2021_11_GB_MIN
2021,11,2021-11-21,MIA,NYJ,3.0,3.5,17,24,2021_11_MIA_NYJ
2021,11,2021-11-21,NO,PHI,-1.5,-2.5,40,29,2021_11_NO_PHI
2021,11,2021-11-21,ARI,SEA,1.0,-3.0,13,23,2021_11_ARI_SEA
2021,11,2021-11-21,HOU,TEN,-10.0,-10.5,13,22,2021_11_HOU_TEN
2021,11,2021-11-22,NYG,TB,-11.5,-11.0,30,10,2021_11_NYG_TB
2021,12,2021-11-25,LV,DAL,-7.5,-7.0,33,36,2021_12_LV_DAL
2021,12,2021-11-25,CHI,DET,3.5,2.5,14,16,2021_12_CHI_DET
2021,12,2021-11-25,BUF,NO,4.5,7.0,6,31,2021_12_BUF_NO
2021,12,2021-11-28,CLE,BAL,-3.5,-3.0,16,10,2021_12_CLE_BAL
2021,12,2021-11-28,PIT,CIN,-3.5,-3.5,41,10,2021_12_PIT_CIN
2021,12,2021-11-28,LAC,DEN,2.5,2.5,28,13,2021_12_LAC_DEN
2021,12,2021-11-28,LA,GB,-1.0,1.0,36,28,2021_12_LA_GB
2021,12,2021-11-28,NYJ,HOU,-3.0,-2.5,14,21,2021_12_NYJ_HOU
2021,12,2021-11-28,TB,IND,2.5,3.0,31,38,2021_12_TB_IND
2021,12,2021-11-28,ATL,JAX,1.0,1.5,14,21,2021_12_ATL_JAX
2021,12,2021-11-28,CAR,MIA,1.0,0.0,33,10,2021_12_CAR_MIA
2021,12,2021-11-28,TEN,NE,-5.5,-7.0,36,13,2021_12_TEN_NE
2021,12,2021-11-28,PHI,NYG,3.5,4.0,13,7,2021_12_PHI_NYG
2021,12,2021-11-28,MIN,SF,-3.0,-4.0,34,26,2021_12_MIN_SF
2021,12,2021-11-29,SEA,WAS,-1.0,1.5,17,15,2021_12_SEA_WAS
2021,13,2021-12-02,DAL,NO,5.0,6.0,17,27,2021_13_DAL_NO
2021,13,2021-12-05,TB,ATL,10.0,11.0,17,30,2021_13_TB_ATL
2021,13,2021-12-05,ARI,CHI,7.0,7.5,22,33,2021_13_ARI_CHI
2021,13,2021-12-05,LAC,CIN,-2.5,-2.5,22,41,2021_13_LAC_CIN
2021,13,2021-12-05,MIN,DET,6.5,7.0,29,27,2021_13_MIN_DET
2021,13,2021-12-05,IND,HOU,7.5,10.0,0,31,2021_13_IND_HOU
2021,13,2021-12-05,DEN,KC,-10.0,-8.5,22,9,2021_13_DEN_KC
2021,13,2021-12-05,JAX,LA,-13.0,-14.0,37,7,2021_13_JAX_LA
2021,13,2021-12-05,WAS,LV,-2.5,-1.0,15,17,2021_13_WAS_LV
2021,13,2021-12-05,NYG,MIA,-2.5,-6.0,20,9,2021_13_NYG_MIA
2021,13,2021-12-05,PHI,NYJ,7.0,4.5,18,33,2021_13_PHI_NYJ
2021,13,2021-12-05,BAL,PIT,3.5,4.0,20,19,2021_13_BAL_PIT
2021,13,2021-12-05,SF,SEA,2.5,2.5,30,23,2021_13_SF_SEA
2021,13,2021-12-06,NE,BUF,-3.0,-3.0,10,14,2021_13_NE_BUF
2021,14,2021-12-09,PIT,MIN,-4.0,-3.5,36,28,2021_14_PIT_MIN
2021,14,2021-12-12,ATL,CAR,-3.0,-2.5,21,29,2021_14_ATL_CAR
2021,14,2021-12-12,SF,CIN,-1.0,2.5,23,26,2021_14_SF_CIN
2021,14,2021-12-12,BAL,CLE,1.0,-3.0,24,22,2021_14_BAL_CLE
2021,14,2021-12-12,DET,DEN,-8.0,-12.5,38,10,2021_14_DET_DEN
2021,14,2021-12-12,CHI,GB,-13.5,-11.5,45,30,2021_14_CHI_GB
2021,14,2021-12-12,SEA,HOU,7.5,9.5,13,33,2021_14_SEA_HOU
2021,14,2021-12-12,LV,KC,-9.5,-9.5,48,9,2021_14_LV_KC
2021,14,2021-12-12,NYG,LAC,-10.5,-9.0,37,21,2021_14_NYG_LAC
2021,14,2021-12-12,NO,NYJ,6.0,4.5,9,30,2021_14_NO_NYJ
2021,14,2021-12-12,BUF,TB,-3.5,-3.5,33,27,2021_14_BUF_TB
2021,14,2021-12-12,JAX,TEN,-11.0,-9.0,20,0,2021_14_JAX_TEN
2021,14,2021-12-12,DAL,WAS,4.5,6.5,20,27,2021_14_DAL_WAS
2021,14,2021-12-13,LA,ARI,-3.0,-3.0,23,30,2021_14_LA_ARI
2021,15,2021-12-16,KC,LAC,3.5,3.0,28,34,2021_15_KC_LAC
2021,15,2021-12-18,NE,IND,-1.5,-1.5,27,17,2021_15_NE_IND
2021,15,2021-12-19,GB,BAL,-6.5,9.0,30,31,2021_15_GB_BAL
2021,15,2021-12-19,CAR,BUF,-12.0,-14.5,31,14,2021_15_CAR_BUF
2021,15,2021-12-19,CIN,DEN,-1.5,-3.0,10,15,2021_15_CIN_DEN
2021,15,2021-12-19,ARI,DET,13.5,13.0,30,12,2021_15_ARI_DET
2021,15,2021-12-19,HOU,JAX,-3.0,-6.0,16,30,2021_15_HOU_JAX
2021,15,2021-12-19,NYJ,MIA,-8.5,-10.0,31,24,2021_15_NYJ_MIA
2021,15,2021-12-19,DAL,NYG,11.5,12.0,6,21,2021_15_DAL_NYG
2021,15,2021-12-19,TEN,PIT,2.5,-1.0,19,13,2021_15_TEN_PIT
2021,15,2021-12-19,ATL,SF,-8.0,-9.0,31,13,2021_15_ATL_SF
2021,15,2021-12-19,NO,TB,-11.5,-12.0,0,9,2021_15_NO_TB
2021,15,2021-12-20,MIN,CHI,3.5,7.0,9,17,2021_15_MIN_CHI
2021,15,2021-12-20,LV,CLE,-6.5,2.5,14,16,2021_15_LV_CLE
2021,15,2021-12-21,SEA,LA,-7.0,-7.0,20,10,2021_15_SEA_LA
2021,15,2021-12-21,WAS,PHI,-3.5,-10.0,27,17,2021_15_WAS_PHI
2021,16,2021-12-23,SF,TEN,3.0,3.5,20,17,2021_16_SF_TEN
2021,16,2021-12-25,IND,ARI,-2.5,-3.0,16,22,2021_16_IND_ARI
2021,16,2021-12-25,CLE,GB,-8.0,-7.5,24,22,2021_16_CLE_GB
2021,16,2021-12-26,DET,ATL,-4.0,-7.5,20,16,2021_16_DET_ATL
2021,16,2021-12-26,TB,CAR,11.5,11.0,6,32,2021_16_TB_CAR
2021,16,2021-12-26,BAL,CIN,-2.5,-7.5,41,21,2021_16_BAL_CIN
2021,16,2021-12-26,WAS,DAL,-10.0,-10.0,56,14,2021_16_WAS_DAL
2021,16,2021-12-26,LAC,HOU,10.5,13.0,41,29,2021_16_LAC_HOU
2021,16,2021-12-26,PIT,KC,-10.5,-10.0,36,10,2021_16_PIT_KC
2021,16,2021-12-26,DEN,LV,-1.0,1.0,17,13,2021_16_DEN_LV
2021,16,2021-12-26,LA,MIN,3.0,3.5,23,30,2021_16_LA_MIN
2021,16,2021-12-26,BUF,NE,-1.0,-1.0,21,33,2021_16_BUF_NE
2021,16,2021-12-26,JAX,NYJ,-2.0,-2.5,26,21,2021_16_JAX_NYJ
2021,16,2021-12-26,NYG,PHI,-10.0,-11.0,34,10,2021_16_NYG_PHI
2021,16,2021-12-26,CHI,SEA,-6.5,-7.0,24,25,2021_16_CHI_SEA
2021,16,2021-12-27,MIA,NO,-3.0,3.5,3,20,2021_16_MIA_NO
2021,17,2022-01-02,LA,BAL,-2.5,5.5,19,20,2021_17_LA_BAL
2021,17,2022-01-02,ATL,BUF,-13.5,-14.5,29,15,2021_17_ATL_BUF
2021,17,2022-01-02,NYG,CHI,-6.0,-6.0,29,3,2021_17_NYG_CHI
2021,17,2022-01-02,KC,CIN,4.0,4.5,34,31,2021_17_KC_CIN
2021,17,2022-01-02,ARI,DAL,-3.5,-6.0,22,25,2021_17_ARI_DAL
2021,17,2022-01-02,LV,IND,-8.5,-7.0,20,23,2021_17_LV_IND
2021,17,2022-01-02,DEN,LAC,-6.0,-7.5,34,13,2021_17_DEN_LAC
2021,17,2022-01-02,JAX,NE,-15.0,-16.0,50,10,2021_17_JAX_NE
2021,17,2022-01-02,CAR,NO,-6.5,-6.5,18,10,2021_17_CAR_NO
2021,17,2022-01-02,TB,NYJ,13.0,13.0,24,28,2021_17_TB_NYJ
2021,17,2022-01-02,DET,SEA,-9.0,-7.5,51,29,2021_17_DET_SEA
2021,17,2022-01-02,HOU,SF,-15.0,-12.0,23,7,2021_17_HOU_SF
2021,17,2022-01-02,MIA,TEN,-3.5,-3.5,34,3,2021_17_MIA_TEN
2021,17,2022-01-02,PHI,WAS,3.5,5.0,16,20,2021_17_PHI_WAS
2021,17,2022-01-03,CLE,PIT,3.0,3.5,26,14,2021_17_CLE_PIT
2021,18,2022-01-08,DAL,PHI,7.5,6.5,26,51,2021_18_DAL_PHI
2021,18,2022-01-09,SEA,ARI,-6.5,-5.5,30,38,2021_18_SEA_ARI
2021,18,2022-01-09,NO,ATL,6.0,4.5,20,30,2021_18_NO_ATL
2021,18,2022-01-09,PIT,BAL,-5.5,-3.0,13,16,2021_18_PIT_BAL
2021,18,2022-01-09,NYJ,BUF,-16.5,-16.0,27,10,2021_18_NYJ_BUF
2021,18,2022-01-09,CIN,CLE,-6.0,-6.5,21,16,2021_18_CIN_CLE
2021,18,2022-01-09,GB,DET,3.0,4.0,37,30,2021_18_GB_DET
2021,18,2022-01-09,TEN,HOU,11.0,10.5,25,28,2021_18_TEN_HOU
2021,18,2022-01-09,IND,JAX,14.5,14.0,26,11,2021_18_IND_JAX
2021,18,2022-01-09,SF,LA,-5.5,-3.5,24,27,2021_18_SF_LA
2021,18,2022-01-09,LAC,LV,3.0,3.0,35,32,2021_18_LAC_LV
2021,18,2022-01-09,NE,MIA,5.5,5.5,33,24,2021_18_NE_MIA
2021,18,2022-01-09,CHI,MIN,-3.5,-3.5,31,17,2021_18_CHI_MIN
2021,18,2022-01-09,WAS,NYG,6.5,6.0,7,22,2021_18_WAS_NYG
2021,18,2022-01-09,CAR,TB,-8.0,-10.5,41,17,2021_18_CAR_TB
2022,1,2022-09-08,BUF,LA,2.5,2.0,10,31,2022_01_BUF_LA
2022,1,2022-09-11,KC,ARI,6.5,6.5,21,44,2022_01_KC_ARI
2022,1,2022-09-11,NO,ATL,5.5,5.5,26,27,2022_01_NO_ATL
2022,1,2022-09-11,CLE,CAR,1.0,-1.0,24,26,2022_01_CLE_CAR
2022,1,2022-09-11,SF,CHI,7.0,6.5,19,10,2022_01_SF_CHI
2022,1,2022-09-11,PIT,CIN,-7.0,-7.0,20,23,2022_01_PIT_CIN
2022,1,2022-09-11,TB,DAL,2.5,2.5,3,19,2022_01_TB_DAL
2022,1,2022-09-11,PHI,DET,5.5,5.5,35,38,2022_01_PHI_DET
2022,1,2022-09-11,IND,HOU,7.0,7.0,20,20,2022_01_IND_HOU
2022,1,2022-09-11,LV,LAC,-3.0,-3.5,24,19,2022_01_LV_LAC
2022,1,2022-09-11,NE,MIA,-3.5,-3.5,20,7,2022_01_NE_MIA
2022,1,2022-09-11,GB,MIN,-2.0,-2.0,23,7,2022_01_GB_MIN
2022,1,2022-09-11,BAL,NYJ,7.0,7.0,9,24,2022_01_BAL_NYJ
2022,1,2022-09-11,NYG,TEN,-5.5,-5.5,20,21,2022_01_NYG_TEN
2022,1,2022-09-11,JAX,WAS,-2.5,-3.0,28,22,2022_01_JAX_WAS
2022,1,2022-09-12,DEN,SEA,7.0,6.5,17,16,2022_01_DEN_SEA
2022,2,2022-09-15,LAC,KC,-4.0,-4.0,27,24,2022_02_LAC_KC
2022,2,2022-09-18,MIA,BAL,-3.0,-3.0,38,42,2022_02_MIA_BAL
2022,2,2022-09-18,NYJ,CLE,-6.0,-6.5,30,31,2022_02_NYJ_CLE
2022,2,2022-09-18,CIN,DAL,8.0,7.0,20,17,2022_02_CIN_DAL
2022,2,2022-09-18,HOU,DEN,-10.0,-10.0,16,9,2022_02_HOU_DEN
2022,2,2022-09-18,WAS,DET,-1.0,0.0,36,27,2022_02_WAS_DET
2022,2,2022-09-18,CHI,GB,-9.0,-10.0,27,10,2022_02_CHI_GB
2022,2,2022-09-18,IND,JAX,3.0,3.0,24,0,2022_02_IND_JAX
2022,2,2022-09-18,ATL,LA,-10.5,-10.0,31,27,2022_02_ATL_LA
2022,2,2022-09-18,ARI,LV,-5.0,-5.5,23,29,2022_02_ARI_LV
2022,2,2022-09-18,TB,NO,2.5,2.5,10,20,2022_02_TB_NO
2022,2,2022-09-18,CAR,NYG,1.0,1.0,19,16,2022_02_CAR_NYG
2022,2,2022-09-18,NE,PIT,3.0,3.0,14,17,2022_02_NE_PIT
2022,2,2022-09-18,SEA,SF,-8.0,-8.0,27,7,2022_02_SEA_SF
2022,2,2022-09-19,TEN,BUF,-10.0,-10.0,41,7,2022_02_TEN_BUF
2022,2,2022-09-19,MIN,PHI,-1.5,-3.0,24,7,2022_02_MIN_PHI
2022,3,2022-09-22,PIT,CLE,-4.0,-4.0,29,17,2022_03_PIT_CLE
2022,3,2022-09-25,LA,ARI,3.0,3.0,12,20,2022_03_LA_ARI
2022,3,2022-09-25,NO,CAR,2.0,2.0,22,14,2022_03_NO_CAR
2022,3,2022-09-25,HOU,CHI,-2.5,-3.0,23,20,2022_03_HOU_CHI
2022,3,2022-09-25,SF,DEN,2.0,1.5,11,10,2022_03_SF_DEN
2022,3,2022-09-25,KC,IND,5.0,5.0,20,17,2022_03_KC_IND
2022,3,2022-09-25,JAX,LAC,-3.5,-7.0,10,38,2022_03_JAX_LAC
2022,3,2022-09-25,BUF,MIA,5.0,4.0,21,19,2022_03_BUF_MIA
2022,3,2022-09-25,DET,MIN,-6.5,-6.5,28,24,2022_03_DET_MIN
2022,3,2022-09-25,BAL,NE,2.0,2.5,26,37,2022_03_BAL_NE
2022,3,2022-09-25,CIN,NYJ,6.0,6.5,12,27,2022_03_CIN_NYJ
2022,3,2022-09-25,ATL,SEA,0.0,-1.0,23,27,2022_03_ATL_SEA
2022,3,2022-09-25,GB,TB,0.0,-1.0,12,14,2022_03_GB_TB
2022,3,2022-09-25,LV,TEN,2.0,2.0,24,22,2022_03_LV_TEN
2022,3,2022-09-25,PHI,WAS,7.0,6.5,8,24,2022_03_PHI_WAS
2022,3,2022-09-26,DAL,NYG,-1.0,-1.0,16,23,2022_03_DAL_NYG
2022,4,2022-09-29,MIA,CIN,-4.0,-4.0,27,15,2022_04_MIA_CIN
2022,4,2022-10-02,CLE,ATL,1.5,1.0,23,20,2022_04_CLE_ATL
2022,4,2022-10-02,BUF,BAL,3.0,3.0,20,23,2022_04_BUF_BAL
2022,4,2022-10-02,ARI,CAR,0.0,-1.0,16,26,2022_04_ARI_CAR
2022,4,2022-10-02,WAS,DAL,-3.5,-3.0,25,10,2022_04_WAS_DAL
2022,4,2022-10-02,SEA,DET,-3.5,-3.5,45,48,2022_04_SEA_DET
2022,4,2022-10-02,NE,GB,-9.5,-9.5,27,24,2022_04_NE_GB
2022,4,2022-10-02,LAC,HOU,4.5,5.5,24,34,2022_04_LAC_HOU
2022,4,2022-10-02,TEN,IND,-4.0,-4.0,17,24,2022_04_TEN_IND
2022,4,2022-10-02,DEN,LV,-3.0,-2.5,32,23,2022_04_DEN_LV
2022,4,2022-10-02,MIN,NO,4.0,4.0,25,28,2022_04_MIN_NO
2022,4,2022-10-02,CHI,NYG,-3.5,-3.0,20,12,2022_04_CHI_NYG
2022,4,2022-10-02,JAX,PHI,-6.5,-6.5,29,21,2022_04_JAX_PHI
2022,4,2022-10-02,NYJ,PIT,-3.0,-3.0,20,24,2022_04_NYJ_PIT
2022,4,2022-10-02,KC,TB,-2.0,-2.0,31,41,2022_04_KC_TB
2022,4,2022-10-03,LA,SF,-1.5,-2.0,24,9,2022_04_LA_SF
2022,5,2022-10-06,IND,DEN,-3.5,-3.0,9,12,2022_05_IND_DEN
2022,5,2022-10-09,PHI,ARI,5.5,5.5,17,20,2022_05_PHI_ARI
2022,5,2022-10-09,CIN,BAL,-3.0,-3.0,19,17,2022_05_CIN_BAL
2022,5,2022-10-09,PIT,BUF,-14.5,-14.0,38,3,2022_05_PIT_BUF
2022,5,2022-10-09,SF,CAR,6.5,6.0,15,37,2022_05_SF_CAR
2022,5,2022-10-09,LAC,CLE,2.0,1.5,28,30,2022_05_LAC_CLE
2022,5,2022-10-09,NYG,GB,-9.0,-9.0,22,27,2022_05_NYG_GB
2022,5,2022-10-09,HOU,JAX,-7.5,-7.0,6,13,2022_05_HOU_JAX
2022,5,2022-10-09,DAL,LA,-5.0,-5.0,10,22,2022_05_DAL_LA
2022,5,2022-10-09,CHI,MIN,-8.5,-8.5,29,22,2022_05_CHI_MIN
2022,5,2022-10-09,DET,NE,-3.5,-3.0,29,0,2022_05_DET_NE
2022,5,2022-10-09,SEA,NO,-5.0,-5.5,39,32,2022_05_SEA_NO
2022,5,2022-10-09,MIA,NYJ,3.5,3.0,40,17,2022_05_MIA_NYJ
2022,5,2022-10-09,ATL,TB,-11.0,-10.0,21,15,2022_05_ATL_TB
2022,5,2022-10-09,TEN,WAS,1.0,0.0,17,21,2022_05_TEN_WAS
2022,5,2022-10-10,LV,KC,-6.5,-7.0,30,29,2022_05_LV_KC
2022,6,2022-10-13,WAS,CHI,0.0,1.0,7,12,2022_06_WAS_CHI
2022,6,2022-10-16,SF,ATL,3.0,3.0,28,14,2022_06_SF_ATL
2022,6,2022-10-16,NE,CLE,-2.5,-2.5,15,38,2022_06_NE_CLE
2022,6,2022-10-16,NYJ,GB,-8.5,-7.5,10,27,2022_06_NYJ_GB
2022,6,2022-10-16,JAX,IND,-2.0,-2.0,34,27,2022_06_JAX_IND
2022,6,2022-10-16,BUF,KC,3.0,2.5,20,24,2022_06_BUF_KC
2022,6,2022-10-16,CAR,LA,-10.0,-10.0,24,10,2022_06_CAR_LA
2022,6,2022-10-16,MIN,MIA,3.5,3.0,16,24,2022_06_MIN_MIA
2022,6,2022-10-16,CIN,NO,3.0,3.0,26,30,2022_06_CIN_NO
2022,6,2022-10-16,BAL,NYG,5.5,5.5,24,20,2022_06_BAL_NYG
2022,6,2022-10-16,DAL,PHI,-4.5,-6.5,26,17,2022_06_DAL_PHI
2022,6,2022-10-16,TB,PIT,9.5,9.5,20,18,2022_06_TB_PIT
2022,6,2022-10-16,ARI,SEA,2.0,2.5,19,9,2022_06_ARI_SEA
2022,6,2022-10-17,DEN,LAC,-4.0,-4.0,19,16,2022_06_DEN_LAC
2022,7,2022-10-20,NO,ARI,-1.0,-2.5,42,34,2022_07_NO_ARI
2022,7,2022-10-23,CLE,BAL,-7.0,-6.5,23,20,2022_07_CLE_BAL
2022,7,2022-10-23,TB,CAR,13.0,13.0,21,3,2022_07_TB_CAR
2022,7,2022-10-23,ATL,CIN,-6.0,-6.5,35,17,2022_07_ATL_CIN
2022,7,2022-10-23,DET,DAL,-6.5,-7.0,24,6,2022_07_DET_DAL
2022,7,2022-10-23,NYJ,DEN,2.5,2.0,9,16,2022_07_NYJ_DEN
2022,7,2022-10-23,NYG,JAX,-3.5,-3.5,17,23,2022_07_NYG_JAX
2022,7,2022-10-23,SEA,LAC,-4.0,-4.5,23,37,2022_07_SEA_LAC
2022,7,2022-10-23,HOU,LV,-7.0,-7.0,38,20,2022_07_HOU_LV
2022,7,2022-10-23,PIT,MIA,-7.5,-7.5,16,10,2022_07_PIT_MIA
2022,7,2022-10-23,KC,SF,0.0,0.0,23,44,2022_07_KC_SF
2022,7,2022-10-23,IND,TEN,-2.0,-2.5,19,10,2022_07_IND_TEN
2022,7,2022-10-23,GB,WAS,4.0,4.0,23,21,2022_07_GB_WAS
2022,7,2022-10-24,CHI,NE,-9.0,-8.5,14,33,2022_07_CHI_NE
2022,8,2022-10-27,BAL,TB,-1.5,-2.0,22,27,2022_08_BAL_TB
2022,8,2022-10-30,CAR,ATL,-4.0,-4.0,37,34,2022_08_CAR_ATL
2022,8,2022-10-30,GB,BUF,-10.5,-10.5,27,17,2022_08_GB_BUF
2022,8,2022-10-30,CHI,DAL,-10.5,-9.5,49,29,2022_08_CHI_DAL
2022,8,2022-10-30,MIA,DET,3.5,3.5,27,31,2022_08_MIA_DET
2022,8,2022-10-30,TEN,HOU,0.0,1.0,10,17,2022_08_TEN_HOU
2022,8,2022-10-30,WAS,IND,-2.0,-3.0,16,17,2022_08_WAS_IND
2022,8,2022-10-30,DEN,JAX,-1.0,-1.0,17,21,2022_08_DEN_JAX
2022,8,2022-10-30,SF,LA,2.0,-1.0,14,31,2022_08_SF_LA
2022,8,2022-10-30,ARI,MIN,-3.5,-4.0,34,26,2022_08_ARI_MIN
2022,8,2022-10-30,LV,NO,1.0,1.0,24,0,2022_08_LV_NO
2022,8,2022-10-30,NE,NYJ,3.0,3.0,17,22,2022_08_NE_NYJ
2022,8,2022-10-30,PIT,PHI,-11.5,-11.5,35,13,2022_08_PIT_PHI
2022,8,2022-10-30,NYG,SEA,-3.0,-3.0,27,13,2022_08_NYG_SEA
2022,8,2022-10-31,CIN,CLE,4.0,3.0,32,13,2022_08_CIN_CLE
2022,9,2022-11-03,PHI,HOU,14.0,13.5,17,29,2022_09_PHI_HOU
2022,9,2022-11-06,SEA,ARI,-1.0,-2.0,21,31,2022_09_SEA_ARI
2022,9,2022-11-06,LAC,ATL,2.5,2.5,17,20,2022_09_LAC_ATL
2022,9,2022-11-06,MIA,CHI,4.0,4.0,32,35,2022_09_MIA_CHI
2022,9,2022-11-06,CAR,CIN,-7.0,-7.0,42,21,2022_09_CAR_CIN
2022,9,2022-11-06,GB,DET,4.0,3.5,15,9,2022_09_GB_DET
2022,9,2022-11-06,LV,JAX,2.5,2.5,27,20,2022_09_LV_JAX
2022,9,2022-11-06,TEN,KC,-14.0,-14.0,20,17,2022_09_TEN_KC
2022,9,2022-11-06,IND,NE,-5.0,-5.0,26,3,2022_09_IND_NE
2022,9,2022-11-06,BUF,NYJ,11.5,11.0,20,17,2022_09_BUF_NYJ
2022,9,2022-11-06,LA,TB,-3.0,-3.0,16,13,2022_09_LA_TB
2022,9,2022-11-06,MIN,WAS,4.0,3.0,17,20,2022_09_MIN_WAS
2022,9,2022-11-07,BAL,NO,1.0,1.5,13,27,2022_09_BAL_NO
2022,10,2022-11-10,ATL,CAR,3.0,2.5,25,15,2022_10_ATL_CAR
2022,10,2022-11-13,MIN,BUF,-6.5,-7.0,30,33,2022_10_MIN_BUF
2022,10,2022-11-13,DET,CHI,-3.0,-3.0,30,31,2022_10_DET_CHI
2022,10,2022-11-13,DAL,GB,3.5,3.5,31,28,2022_10_DAL_GB
2022,10,2022-11-13,JAX,KC,-10.0,-9.5,27,17,2022_10_JAX_KC
2022,10,2022-11-13,ARI,LA,-2.5,-3.0,17,27,2022_10_ARI_LA
2022,10,2022-11-13,IND,LV,-4.0,-4.0,20,25,2022_10_IND_LV
2022,10,2022-11-13,CLE,MIA,-3.0,-3.0,39,17,2022_10_CLE_MIA
2022,10,2022-11-13,HOU,NYG,-4.5,-5.0,24,16,2022_10_HOU_NYG
2022,10,2022-11-13,NO,PIT,-1.5,-1.5,20,10,2022_10_NO_PIT
2022,10,2022-11-13,LAC,SF,-8.0,-8.0,22,16,2022_10_LAC_SF
2022,10,2022-11-13,SEA,TB,-3.0,-2.5,21,16,2022_10_SEA_TB
2022,10,2022-11-13,DEN,TEN,-3.0,-2.5,17,10,2022_10_DEN_TEN
2022,10,2022-11-14,WAS,PHI,-11.0,-11.0,21,32,2022_10_WAS_PHI
2022,11,2022-11-17,TEN,GB,-2.5,-3.0,17,27,2022_11_TEN_GB
2022,11,2022-11-20,CHI,ATL,-2.0,-2.0,27,24,2022_11_CHI_ATL
2022,11,2022-11-20,CAR,BAL,-12.0,-13.0,13,3,2022_11_CAR_BAL
2022,11,2022-11-20,CLE,BUF,-7.5,-7.5,31,23,2022_11_CLE_BUF
2022,11,2022-11-20,LV,DEN,-3.0,-2.5,16,22,2022_11_LV_DEN
2022,11,2022-11-20,WAS,HOU,3.0,3.0,10,23,2022_11_WAS_HOU
2022,11,2022-11-20,PHI,IND,6.5,6.5,16,17,2022_11_PHI_IND
2022,11,2022-11-20,KC,LAC,5.0,5.0,27,30,2022_11_KC_LAC
2022,11,2022-11-20,DAL,MIN,1.5,1.5,3,40,2022_11_DAL_MIN
2022,11,2022-11-20,NYJ,NE,-3.0,-3.0,10,3,2022_11_NYJ_NE
2022,11,2022-11-20,LA,NO,-3.5,-2.5,27,20,2022_11_LA_NO
2022,11,2022-11-20,DET,NYG,-3.0,-3.0,18,31,2022_11_DET_NYG
2022,11,2022-11-20,CIN,PIT,3.5,3.5,30,37,2022_11_CIN_PIT
2022,11,2022-11-21,SF,ARI,8.0,8.0,10,38,2022_11_SF_ARI
2022,12,2022-11-24,BUF,DET,9.5,9.5,25,28,2022_12_BUF_DET
2022,12,2022-11-24,NE,MIN,-2.5,-2.5,33,26,2022_12_NE_MIN
2022,12,2022-11-27,LAC,ARI,2.0,2.5,24,25,2022_12_LAC_ARI
2022,12,2022-11-27,DEN,CAR,2.5,2.5,23,10,2022_12_DEN_CAR
2022,12,2022-11-27,TB,CLE,3.5,3.0,23,17,2022_12_TB_CLE
2022,12,2022-11-27,BAL,JAX,3.0,3.0,28,27,2022_12_BAL_JAX
2022,12,2022-11-27,HOU,MIA,-14.0,-14.0,30,15,2022_12_HOU_MIA
2022,12,2022-11-27,GB,PHI,-6.0,-6.0,40,33,2022_12_GB_PHI
2022,12,2022-11-27,LV,SEA,-4.0,-4.0,34,40,2022_12_LV_SEA
2022,12,2022-11-27,NO,SF,-9.5,-8.5,13,0,2022_12_NO_SF
2022,12,2022-11-27,CIN,TEN,2.0,2.0,16,20,2022_12_CIN_TEN
2022,12,2022-11-27,ATL,WAS,-4.5,-3.5,19,13,2022_12_ATL_WAS
2022,12,2022-11-28,PIT,IND,-2.5,-2.5,17,24,2022_12_PIT_IND
2022,13,2022-12-01,BUF,NE,5.5,4.0,10,24,2022_13_BUF_NE
2022,13,2022-12-04,PIT,ATL,-1.5,1.0,16,19,2022_13_PIT_ATL
2022,13,2022-12-04,DEN,BAL,-6.5,-8.5,10,9,2022_13_DEN_BAL
2022,13,2022-12-04,GB,CHI,2.5,3.5,19,28,2022_13_GB_CHI
2022,13,2022-12-04,KC,CIN,2.5,2.5,27,24,2022_13_KC_CIN
2022,13,2022-12-04,IND,DAL,-11.0,-11.0,54,19,2022_13_IND_DAL
2022,13,2022-12-04,JAX,DET,1.0,-1.5,40,14,2022_13_JAX_DET
2022,13,2022-12-04,CLE,HOU,7.5,7.5,14,27,2022_13_CLE_HOU
2022,13,2022-12-04,SEA,LA,6.5,6.5,23,27,2022_13_SEA_LA
2022,13,2022-12-04,LAC,LV,3.0,-2.5,27,20,2022_13_LAC_LV
2022,13,2022-12-04,NYJ,MIN,-2.5,-2.5,27,22,2022_13_NYJ_MIN
2022,13,2022-12-04,WAS,NYG,1.5,2.5,20,20,2022_13_WAS_NYG
2022,13,2022-12-04,TEN,PHI,-5.0,-5.0,35,10,2022_13_TEN_PHI
2022,13,2022-12-04,MIA,SF,-5.0,-5.0,33,17,2022_13_MIA_SF
2022,13,2022-12-05,NO,TB,-3.0,-3.0,17,16,2022_13_NO_TB
2022,14,2022-12-08,LV,LA,5.5,5.5,17,16,2022_14_LV_LA
2022,14,2022-12-11,NYJ,BUF,-9.5,-9.0,20,12,2022_14_NYJ_BUF
2022,14,2022-12-11,CLE,CIN,-6.0,-6.0,23,10,2022_14_CLE_CIN
2022,14,2022-12-11,HOU,DAL,-17.0,-17.0,27,23,2022_14_HOU_DAL
2022,14,2022-12-11,KC,DEN,8.5,8.5,28,34,2022_14_KC_DEN
2022,14,2022-12-11,MIN,DET,-1.5,-1.5,34,23,2022_14_MIN_DET
2022,14,2022-12-11,MIA,LAC,3.0,3.0,23,17,2022_14_MIA_LAC
2022,14,2022-12-11,PHI,NYG,7.5,7.5,22,48,2022_14_PHI_NYG
2022,14,2022-12-11,BAL,PIT,4.0,-1.5,14,16,2022_14_BAL_PIT
2022,14,2022-12-11,CAR,SEA,-3.5,-3.5,24,30,2022_14_CAR_SEA
2022,14,2022-12-11,TB,SF,-3.5,-3.5,35,7,2022_14_TB_SF
2022,14,2022-12-11,JAX,TEN,-3.5,-4.0,22,36,2022_14_JAX_TEN
2022,14,2022-12-12,NE,ARI,2.0,2.0,13,27,2022_14_NE_ARI
2022,15,2022-12-15,SF,SEA,3.0,3.0,13,21,2022_15_SF_SEA
2022,15,2022-12-17,MIA,BUF,-7.0,-7.0,32,29,2022_15_MIA_BUF
2022,15,2022-12-17,BAL,CLE,-3.0,-3.0,13,3,2022_15_BAL_CLE
2022,15,2022-12-17,IND,MIN,-3.5,-3.5,39,36,2022_15_IND_MIN
2022,15,2022-12-18,PIT,CAR,-2.5,-2.5,16,24,2022_15_PIT_CAR
2022,15,2022-12-18,PHI,CHI,8.5,8.5,20,25,2022_15_PHI_CHI
2022,15,2022-12-18,ARI,DEN,-1.0,-1.5,24,15,2022_15_ARI_DEN
2022,15,2022-12-18,KC,HOU,14.0,14.0,24,30,2022_15_KC_HOU
2022,15,2022-12-18,DAL,JAX,6.0,4.0,40,34,2022_15_DAL_JAX
2022,15,2022-12-18,TEN,LAC,-3.0,-3.0,17,14,2022_15_TEN_LAC
2022,15,2022-12-18,NE,LV,-1.0,-1.0,30,24,2022_15_NE_LV
2022,15,2022-12-18,ATL,NO,-3.5,-5.5,21,18,2022_15_ATL_NO
2022,15,2022-12-18,DET,NYJ,-3.0,-2.0,17,20,2022_15_DET_NYJ
2022,15,2022-12-18,CIN,TB,3.5,3.5,23,34,2022_15_CIN_TB
2022,15,2022-12-18,NYG,WAS,-4.5,-4.5,12,20,2022_15_NYG_WAS
2022,15,2022-12-19,LA,GB,-9.5,-7.5,24,12,2022_15_LA_GB
2022,16,2022-12-22,JAX,NYJ,-1.5,-2.5,3,19,2022_16_JAX_NYJ
2022,16,2022-12-24,ATL,BAL,-6.5,-6.5,17,9,2022_16_ATL_BAL
2022,16,2022-12-24,DET,CAR,2.5,2.5,37,23,2022_16_DET_CAR
2022,16,2022-12-24,BUF,CHI,8.0,8.0,13,35,2022_16_BUF_CHI
2022,16,2022-12-24,NO,CLE,-3.0,-3.0,10,17,2022_16_NO_CLE
2022,16,2022-12-24,PHI,DAL,-4.0,-4.0,40,34,2022_16_PHI_DAL
2022,16,2022-12-24,SEA,KC,-9.5,-10.0,24,10,2022_16_SEA_KC
2022,16,2022-12-24,NYG,MIN,-4.5,-4.5,27,24,2022_16_NYG_MIN
2022,16,2022-12-24,CIN,NE,3.0,3.0,18,22,2022_16_CIN_NE
2022,16,2022-12-24,LV,PIT,-1.5,-2.5,13,10,2022_16_LV_PIT
2022,16,2022-12-24,WAS,SF,-6.5,-6.5,37,20,2022_16_WAS_SF
2022,16,2022-12-24,HOU,TEN,-9.0,-3.0,14,19,2022_16_HOU_TEN
2022,16,2022-12-25,TB,ARI,7.5,7.5,16,19,2022_16_TB_ARI
2022,16,2022-12-25,DEN,LA,3.0,3.0,51,14,2022_16_DEN_LA
2022,16,2022-12-25,GB,MIA,-3.5,-3.5,20,26,2022_16_GB_MIA
2022,16,2022-12-26,LAC,IND,2.5,3.5,3,20,2022_16_LAC_IND
2022,17,2022-12-29,DAL,TEN,3.0,13.5,13,27,2022_17_DAL_TEN
2022,17,2023-01-01,ARI,ATL,-3.0,-6.5,20,19,2022_17_ARI_ATL
2022,17,2023-01-01,PIT,BAL,-1.0,-1.0,13,16,2022_17_PIT_BAL
2022,17,2023-01-01,CHI,DET,-6.5,-4.0,41,10,2022_17_CHI_DET
2022,17,2023-01-01,MIN,GB,-3.0,-3.0,41,17,2022_17_MIN_GB
2022,17,2023-01-01,JAX,HOU,3.5,3.5,3,31,2022_17_JAX_HOU
2022,17,2023-01-01,DEN,KC,-10.0,-13.0,27,24,2022_17_DEN_KC
2022,17,2023-01-01,LA,LAC,-6.5,-6.5,31,10,2022_17_LA_LAC
2022,17,2023-01-01,SF,LV,4.5,10.0,34,37,2022_17_SF_LV
2022,17,2023-01-01,MIA,NE,-3.0,-3.0,23,21,2022_17_MIA_NE
2022,17,2023-01-01,IND,NYG,-5.5,-5.5,38,10,2022_17_IND_NYG
2022,17,2023-01-01,NO,PHI,-7.0,-4.5,10,20,2022_17_NO_PHI
2022,17,2023-01-01,NYJ,SEA,1.0,1.0,23,6,2022_17_NYJ_SEA
2022,17,2023-01-01,CAR,TB,-6.5,-3.0,30,24,2022_17_CAR_TB
2022,17,2023-01-01,CLE,WAS,-1.0,-1.0,10,24,2022_17_CLE_WAS
2022,18,2023-01-07,TEN,JAX,-6.0,-6.0,20,16,2022_18_TEN_JAX
2022,18,2023-01-07,KC,LV,9.0,9.0,13,31,2022_18_KC_LV
2022,18,2023-01-08,TB,ATL,-6.0,-6.0,30,17,2022_18_TB_ATL
2022,18,2023-01-08,NE,BUF,-8.0,-8.0,35,23,2022_18_NE_BUF
2022,18,2023-01-08,MIN,CHI,2.0,6.0,13,29,2022_18_MIN_CHI
2022,18,2023-01-08,BAL,CIN,-11.0,-11.0,27,16,2022_18_BAL_CIN
2022,18,2023-01-08,LAC,DEN,-2.0,-6.5,31,28,2022_18_LAC_DEN
2022,18,2023-01-08,DET,GB,-5.5,-5.5,16,20,2022_18_DET_GB
2022,18,2023-01-08,HOU,IND,-2.5,-3.0,31,32,2022_18_HOU_IND
2022,18,2023-01-08,NYJ,MIA,-3.5,-3.5,11,6,2022_18_NYJ_MIA
2022,18,2023-01-08,CAR,NO,-3.0,-3.5,7,10,2022_18_CAR_NO
2022,18,2023-01-08,NYG,PHI,-16.5,-16.5,22,16,2022_18_NYG_PHI
2022,18,2023-01-08,CLE,PIT,-1.5,-2.5,28,14,2022_18_CLE_PIT
2022,18,2023-01-08,LA,SEA,-3.0,-4.0,19,16,2022_18_LA_SEA
2022,18,2023-01-08,ARI,SF,-10.5,-14.5,38,13,2022_18_ARI_SF
2022,18,2023-01-08,DAL,WAS,-4.5,7.5,26,6,2022_18_DAL_WAS
2023,1,2023-09-07,DET,KC,-7.0,-4.0,20,21,2023_01_DET_KC
2023,1,2023-09-10,CAR,ATL,-2.5,-3.5,24,10,2023_01_CAR_ATL
2023,1,2023-09-10,HOU,BAL,-10.0,-9.5,25,9,2023_01_HOU_BAL
2023,1,2023-09-10,GB,CHI,-2.5,-1.0,20,38,2023_01_GB_CHI
2023,1,2023-09-10,CIN,CLE,2.5,0.0,24,3,2023_01_CIN_CLE
2023,1,2023-09-10,LV,DEN,-3.0,-3.0,16,17,2023_01_LV_DEN
2023,1,2023-09-10,JAX,IND,3.5,3.5,21,31,2023_01_JAX_IND
2023,1,2023-09-10,MIA,LAC,-3.0,-3.0,34,36,2023_01_MIA_LAC
2023,1,2023-09-10,TB,MIN,-7.5,-4.0,17,20,2023_01_TB_MIN
2023,1,2023-09-10,PHI,NE,3.5,3.5,20,25,2023_01_PHI_NE
2023,1,2023-09-10,TEN,NO,-3.0,-3.0,16,15,2023_01_TEN_NO
2023,1,2023-09-10,DAL,NYG,3.0,3.0,0,40,2023_01_DAL_NYG
2023,1,2023-09-10,SF,PIT,3.0,1.0,7,30,2023_01_SF_PIT
2023,1,2023-09-10,LA,SEA,-6.0,-4.5,13,30,2023_01_LA_SEA
2023,1,2023-09-10,ARI,WAS,-5.0,-7.0,20,16,2023_01_ARI_WAS
2023,1,2023-09-11,BUF,NYJ,1.0,2.5,22,16,2023_01_BUF_NYJ
2023,2,2023-09-14,MIN,PHI,-7.0,-6.0,34,28,2023_02_MIN_PHI
2023,2,2023-09-17,NYG,ARI,5.5,5.0,28,31,2023_02_NYG_ARI
2023,2,2023-09-17,GB,ATL,1.0,-3.0,25,24,2023_02_GB_ATL
2023,2,2023-09-17,LV,BUF,-9.5,-7.0,38,10,2023_02_LV_BUF
2023,2,2023-09-17,BAL,CIN,-3.5,-3.0,24,27,2023_02_BAL_CIN
2023,2,2023-09-17,NYJ,DAL,-3.0,-8.0,30,10,2023_02_NYJ_DAL
2023,2,2023-09-17,WAS,DEN,-3.5,-4.0,33,35,2023_02_WAS_DEN
2023,2,2023-09-17,SEA,DET,-5.5,-4.5,31,37,2023_02_SEA_DET
2023,2,2023-09-17,IND,HOU,-1.5,0.0,20,31,2023_02_IND_HOU
2023,2,2023-09-17,KC,JAX,2.5,3.0,9,17,2023_02_KC_JAX
2023,2,2023-09-17,SF,LA,6.0,7.0,23,30,2023_02_SF_LA
2023,2,2023-09-17,MIA,NE,2.5,1.5,17,24,2023_02_MIA_NE
2023,2,2023-09-17,CHI,TB,1.5,-2.5,27,17,2023_02_CHI_TB
2023,2,2023-09-17,LAC,TEN,3.0,2.5,27,24,2023_02_LAC_TEN
2023,2,2023-09-18,NO,CAR,1.5,3.0,17,20,2023_02_NO_CAR
2023,2,2023-09-18,CLE,PIT,-1.0,2.0,26,22,2023_02_CLE_PIT
2023,3,2023-09-21,NYG,SF,-9.5,-10.5,30,12,2023_03_NYG_SF
2023,3,2023-09-24,DAL,ARI,10.5,11.0,28,16,2023_03_DAL_ARI
2023,3,2023-09-24,IND,BAL,-7.5,-7.5,19,22,2023_03_IND_BAL
2023,3,2023-09-24,TEN,CLE,-4.5,-3.5,27,3,2023_03_TEN_CLE
2023,3,2023-09-24,ATL,DET,-4.5,-3.0,20,6,2023_03_ATL_DET
2023,3,2023-09-24,NO,GB,-2.5,1.5,18,17,2023_03_NO_GB
2023,3,2023-09-24,HOU,JAX,-7.5,-7.5,17,37,2023_03_HOU_JAX
2023,3,2023-09-24,CHI,KC,-11.5,-12.5,41,10,2023_03_CHI_KC
2023,3,2023-09-24,PIT,LV,0.0,-3.0,18,23,2023_03_PIT_LV
2023,3,2023-09-24,DEN,MIA,-6.0,-6.0,70,20,2023_03_DEN_MIA
2023,3,2023-09-24,LAC,MIN,2.0,0.0,24,28,2023_03_LAC_MIN
2023,3,2023-09-24,NE,NYJ,1.5,2.5,10,15,2023_03_NE_NYJ
2023,3,2023-09-24,CAR,SEA,-4.0,-4.5,37,27,2023_03_CAR_SEA
2023,3,2023-09-24,BUF,WAS,5.5,5.0,3,37,2023_03_BUF_WAS
2023,3,2023-09-25,LA,CIN,-7.0,-3.0,19,16,2023_03_LA_CIN
2023,3,2023-09-25,PHI,TB,6.5,5.5,11,25,2023_03_PHI_TB
2023,4,2023-09-28,DET,GB,-1.0,2.0,20,34,2023_04_DET_GB
2023,4,2023-10-01,MIA,BUF,-3.0,-3.0,48,20,2023_04_MIA_BUF
2023,4,2023-10-01,MIN,CAR,3.0,4.5,13,21,2023_04_MIN_CAR
2023,4,2023-10-01,DEN,CHI,2.5,3.0,28,31,2023_04_DEN_CHI
2023,4,2023-10-01,BAL,CLE,2.0,1.5,3,28,2023_04_BAL_CLE
2023,4,2023-10-01,NE,DAL,-8.0,-6.0,38,3,2023_04_NE_DAL
2023,4,2023-10-01,PIT,HOU,4.5,3.0,30,6,2023_04_PIT_HOU
2023,4,2023-10-01,LA,IND,0.0,1.5,23,29,2023_04_LA_IND
2023,4,2023-10-01,ATL,JAX,-4.5,-3.5,23,7,2023_04_ATL_JAX
2023,4,2023-10-01,LV,LAC,-4.5,-7.0,24,17,2023_04_LV_LAC
2023,4,2023-10-01,TB,NO,-3.5,-4.5,9,26,2023_04_TB_NO
2023,4,2023-10-01,KC,NYJ,7.0,8.0,20,23,2023_04_KC_NYJ
2023,4,2023-10-01,WAS,PHI,-7.5,-9.0,34,31,2023_04_WAS_PHI
2023,4,2023-10-01,ARI,SF,-14.0,-15.0,35,16,2023_04_ARI_SF
2023,4,2023-10-01,CIN,TEN,2.5,2.0,27,3,2023_04_CIN_TEN
2023,4,2023-10-02,SEA,NYG,1.5,2.5,3,24,2023_04_SEA_NYG
2023,5,2023-10-05,CHI,WAS,-5.0,-6.0,20,40,2023_05_CHI_WAS
2023,5,2023-10-08,CIN,ARI,5.5,3.0,20,34,2023_05_CIN_ARI
2023,5,2023-10-08,HOU,ATL,-3.5,-2.5,21,19,2023_05_HOU_ATL
2023,5,2023-10-08,JAX,BUF,-7.5,-5.0,20,25,2023_05_JAX_BUF
2023,5,2023-10-08,NYJ,DEN,-2.5,-2.0,21,31,2023_05_NYJ_DEN
2023,5,2023-10-08,CAR,DET,-7.0,-9.0,42,24,2023_05_CAR_DET
2023,5,2023-10-08,TEN,IND,-1.5,2.0,23,16,2023_05_TEN_IND
2023,5,2023-10-08,PHI,LA,6.0,3.5,14,23,2023_05_PHI_LA
2023,5,2023-10-08,NYG,MIA,-10.0,-12.5,31,16,2023_05_NYG_MIA
2023,5,2023-10-08,KC,MIN,6.5,3.0,20,27,2023_05_KC_MIN
2023,5,2023-10-08,NO,NE,-2.5,-2.0,0,34,2023_05_NO_NE
2023,5,2023-10-08,BAL,PIT,2.5,4.5,17,10,2023_05_BAL_PIT
2023,5,2023-10-08,DAL,SF,-3.5,-3.5,42,10,2023_05_DAL_SF
2023,5,2023-10-09,GB,LV,-1.0,-1.0,17,13,2023_05_GB_LV
2023,6,2023-10-12,DEN,KC,-11.0,-10.5,19,8,2023_06_DEN_KC
2023,6,2023-10-15,WAS,ATL,-1.0,-1.5,16,24,2023_06_WAS_ATL
2023,6,2023-10-15,NYG,BUF,-12.5,-14.5,14,9,2023_06_NYG_BUF
2023,6,2023-10-15,MIN,CHI,4.0,3.0,13,19,2023_06_MIN_CHI
2023,6,2023-10-15,SEA,CIN,-2.0,-3.0,17,13,2023_06_SEA_CIN
2023,6,2023-10-15,SF,CLE,3.0,9.5,19,17,2023_06_SF_CLE
2023,6,2023-10-15,NO,HOU,0.0,2.0,20,13,2023_06_NO_HOU
2023,6,2023-10-15,IND,JAX,-5.5,-4.0,37,20,2023_06_IND_JAX
2023,6,2023-10-15,ARI,LA,-4.5,-7.5,26,9,2023_06_ARI_LA
2023,6,2023-10-15,NE,LV,0.0,-3.0,21,17,2023_06_NE_LV
2023,6,2023-10-15,CAR,MIA,-11.5,-14.0,42,21,2023_06_CAR_MIA
2023,6,2023-10-15,PHI,NYJ,6.0,6.5,20,14,2023_06_PHI_NYJ
2023,6,2023-10-15,DET,TB,3.0,3.0,6,20,2023_06_DET_TB
2023,6,2023-10-15,BAL,TEN,2.5,5.5,16,24,2023_06_BAL_TEN
2023,6,2023-10-16,DAL,LAC,2.5,1.5,17,20,2023_06_DAL_LAC
2023,7,2023-10-19,JAX,NO,1.0,-2.5,24,31,2023_07_JAX_NO
2023,7,2023-10-22,DET,BAL,-2.5,-3.0,38,6,2023_07_DET_BAL
2023,7,2023-10-22,LV,CHI,1.0,2.5,30,12,2023_07_LV_CHI
2023,7,2023-10-22,GB,DEN,1.0,-1.0,19,17,2023_07_GB_DEN
2023,7,2023-10-22,CLE,IND,3.0,3.5,38,39,2023_07_CLE_IND
2023,7,2023-10-22,LAC,KC,-6.0,-5.5,31,17,2023_07_LAC_KC
2023,7,2023-10-22,PIT,LA,-2.5,-3.5,17,24,2023_07_PIT_LA
2023,7,2023-10-22,BUF,NE,9.0,7.5,29,25,2023_07_BUF_NE
2023,7,2023-10-22,WAS,NYG,1.0,3.0,14,7,2023_07_WAS_NYG
2023,7,2023-10-22,MIA,PHI,-2.0,-3.0,31,17,2023_07_MIA_PHI
2023,7,2023-10-22,ARI,SEA,-6.5,-9.0,20,10,2023_07_ARI_SEA
2023,7,2023-10-22,ATL,TB,-1.5,-3.0,13,16,2023_07_ATL_TB
2023,7,2023-10-23,SF,MIN,7.0,6.5,22,17,2023_07_SF_MIN
2023,8,2023-10-26,TB,BUF,-9.0,-10.0,24,18,2023_08_TB_BUF
2023,8,2023-10-29,BAL,ARI,7.5,9.5,24,31,2023_08_BAL_ARI
2023,8,2023-10-29,HOU,CAR,2.5,3.5,15,13,2023_08_HOU_CAR
2023,8,2023-10-29,LA,DAL,-6.0,-7.0,43,20,2023_08_LA_DAL
2023,8,2023-10-29,KC,DEN,9.0,7.0,24,9,2023_08_KC_DEN
2023,8,2023-10-29,MIN,GB,-1.0,0.0,10,24,2023_08_MIN_GB
2023,8,2023-10-29,NO,IND,1.5,2.0,27,38,2023_08_NO_IND
2023,8,2023-10-29,CHI,LAC,-9.5,-9.5,30,13,2023_08_CHI_LAC
2023,8,2023-10-29,NE,MIA,-12.5,-7.5,31,17,2023_08_NE_MIA
2023,8,2023-10-29,NYJ,NYG,3.0,3.0,10,13,2023_08_NYJ_NYG
2023,8,2023-10-29,JAX,PIT,1.0,2.5,10,20,2023_08_JAX_PIT
2023,8,2023-10-29,CLE,SEA,-1.5,-4.5,24,20,2023_08_CLE_SEA
2023,8,2023-10-29,CIN,SF,-6.5,-4.0,17,31,2023_08_CIN_SF
2023,8,2023-10-29,ATL,TEN,-1.0,2.5,28,23,2023_08_ATL_TEN
2023,8,2023-10-29,PHI,WAS,6.0,7.0,31,38,2023_08_PHI_WAS
2023,8,2023-10-30,LV,DET,-7.5,-7.0,26,14,2023_08_LV_DET
2023,9,2023-11-02,TEN,PIT,-3.5,-3.0,20,16,2023_09_TEN_PIT
2023,9,2023-11-05,MIN,ATL,-2.5,-3.5,28,31,2023_09_MIN_ATL
2023,9,2023-11-05,SEA,BAL,-5.0,-6.0,37,3,2023_09_SEA_BAL
2023,9,2023-11-05,IND,CAR,2.5,1.5,13,27,2023_09_IND_CAR
2023,9,2023-11-05,BUF,CIN,1.0,-1.5,24,18,2023_09_BUF_CIN
2023,9,2023-11-05,ARI,CLE,-9.0,-13.0,27,0,2023_09_ARI_CLE
2023,9,2023-11-05,LA,GB,1.0,-4.0,20,3,2023_09_LA_GB
2023,9,2023-11-05,TB,HOU,-2.5,-2.5,39,37,2023_09_TB_HOU
2023,9,2023-11-05,MIA,KC,-7.5,1.0,21,14,2023_09_MIA_KC
2023,9,2023-11-05,NYG,LV,-3.0,-1.5,30,6,2023_09_NYG_LV
2023,9,2023-11-05,WAS,NE,-2.0,-3.0,17,20,2023_09_WAS_NE
2023,9,2023-11-05,CHI,NO,-5.5,-9.0,24,17,2023_09_CHI_NO
2023,9,2023-11-05,DAL,PHI,-3.5,-3.0,28,23,2023_09_DAL_PHI
2023,9,2023-11-06,LAC,NYJ,1.5,3.0,6,27,2023_09_LAC_NYJ
2023,10,2023-11-09,CAR,CHI,-1.5,-3.0,16,13,2023_10_CAR_CHI
2023,10,2023-11-12,ATL,ARI,2.5,2.0,25,23,2023_10_ATL_ARI
2023,10,2023-11-12,CLE,BAL,-5.5,-5.5,31,33,2023_10_CLE_BAL
2023,10,2023-11-12,HOU,CIN,-8.0,-5.0,27,30,2023_10_HOU_CIN
2023,10,2023-11-12,NYG,DAL,-10.0,-17.5,49,17,2023_10_NYG_DAL
2023,10,2023-11-12,SF,JAX,2.5,3.0,3,34,2023_10_SF_JAX
2023,10,2023-11-12,DET,LAC,-1.5,2.0,38,41,2023_10_DET_LAC
2023,10,2023-11-12,NYJ,LV,2.5,1.0,16,12,2023_10_NYJ_LV
2023,10,2023-11-12,NO,MIN,2.5,3.0,27,19,2023_10_NO_MIN
2023,10,2023-11-12,IND,NE,-3.5,1.0,6,10,2023_10_IND_NE
2023,10,2023-11-12,GB,PIT,-3.0,-3.0,23,19,2023_10_GB_PIT
2023,10,2023-11-12,WAS,SEA,-6.5,-6.0,29,26,2023_10_WAS_SEA
2023,10,2023-11-12,TEN,TB,-1.0,-2.5,20,6,2023_10_TEN_TB
2023,10,2023-11-13,DEN,BUF,-9.0,-7.5,22,24,2023_10_DEN_BUF
2023,11,2023-11-16,CIN,BAL,-3.0,-4.0,34,20,2023_11_CIN_BAL
2023,11,2023-11-19,NYJ,BUF,-6.5,-8.5,32,6,2023_11_NYJ_BUF
2023,11,2023-11-19,DAL,CAR,9.5,11.0,10,33,2023_11_DAL_CAR
2023,11,2023-11-19,PIT,CLE,-4.5,-2.5,13,10,2023_11_PIT_CLE
2023,11,2023-11-19,MIN,DEN,-2.5,-2.5,21,20,2023_11_MIN_DEN
2023,11,2023-11-19,CHI,DET,-8.0,-8.0,31,26,2023_11_CHI_DET
2023,11,2023-11-19,LAC,GB,3.5,3.0,23,20,2023_11_LAC_GB
2023,11,2023-11-19,ARI,HOU,-4.5,-5.5,21,16,2023_11_ARI_HOU
2023,11,2023-11-19,TEN,JAX,-6.0,-6.5,34,14,2023_11_TEN_JAX
2023,11,2023-11-19,SEA,LA,2.5,-2.5,17,16,2023_11_SEA_LA
2023,11,2023-11-19,LV,MIA,-10.0,-14.0,20,13,2023_11_LV_MIA
2023,11,2023-11-19,TB,SF,-10.5,-14.0,27,14,2023_11_TB_SF
2023,11,2023-11-19,NYG,WAS,-8.0,-7.5,19,31,2023_11_NYG_WAS
2023,11,2023-11-20,PHI,KC,-2.5,-2.5,17,21,2023_11_PHI_KC
2023,12,2023-11-23,WAS,DAL,-9.5,-13.0,45,10,2023_12_WAS_DAL
2023,12,2023-11-23,GB,DET,-7.5,-8.5,22,29,2023_12_GB_DET
2023,12,2023-11-23,SF,SEA,4.0,7.0,13,31,2023_12_SF_SEA
2023,12,2023-11-24,MIA,NYJ,6.0,9.5,13,34,2023_12_MIA_NYJ
2023,12,2023-11-26,LA,ARI,2.0,2.5,14,37,2023_12_LA_ARI
2023,12,2023-11-26,NO,ATL,0.0,1.0,24,15,2023_12_NO_ATL
2023,12,2023-11-26,PIT,CIN,-5.5,2.0,10,16,2023_12_PIT_CIN
2023,12,2023-11-26,CLE,DEN,3.0,-1.0,29,12,2023_12_CLE_DEN
2023,12,2023-11-26,JAX,HOU,1.5,1.0,21,24,2023_12_JAX_HOU
2023,12,2023-11-26,TB,IND,-1.0,-2.5,27,20,2023_12_TB_IND
2023,12,2023-11-26,BAL,LAC,4.0,3.0,10,20,2023_12_BAL_LAC
2023,12,2023-11-26,KC,LV,9.5,9.0,17,31,2023_12_KC_LV
2023,12,2023-11-26,NE,NYG,5.0,4.5,10,7,2023_12_NE_NYG
2023,12,2023-11-26,BUF,PHI,-3.5,-2.5,37,34,2023_12_BUF_PHI
2023,12,2023-11-26,CAR,TEN,-3.5,-3.5,17,10,2023_12_CAR_TEN
2023,12,2023-11-27,CHI,MIN,-4.0,-3.0,10,12,2023_12_CHI_MIN
2023,13,2023-11-30,SEA,DAL,-7.0,-9.5,41,35,2023_13_SEA_DAL
2023,13,2023-12-03,KC,GB,7.0,6.0,27,19,2023_13_KC_GB
2023,13,2023-12-03,DEN,HOU,-3.0,-3.0,22,17,2023_13_DEN_HOU
2023,13,2023-12-03,CLE,LA,0.0,-3.5,36,19,2023_13_CLE_LA
2023,13,2023-12-03,LAC,NE,4.5,4.5,0,6,2023_13_LAC_NE
2023,13,2023-12-03,DET,NO,3.0,4.0,28,33,2023_13_DET_NO
2023,13,2023-12-03,ATL,NYJ,2.0,2.0,8,13,2023_13_ATL_NYJ
2023,13,2023-12-03,SF,PHI,-1.0,3.0,19,42,2023_13_SF_PHI
2023,13,2023-12-03,ARI,PIT,-3.0,-6.5,10,24,2023_13_ARI_PIT
2023,13,2023-12-03,CAR,TB,-5.5,-4.0,21,18,2023_13_CAR_TB
2023,13,2023-12-03,IND,TEN,-1.0,1.0,28,31,2023_13_IND_TEN
2023,13,2023-12-03,MIA,WAS,7.0,8.5,15,45,2023_13_MIA_WAS
2023,13,2023-12-04,CIN,JAX,-7.0,-10.0,31,34,2023_13_CIN_JAX
2023,14,2023-12-07,NE,PIT,-6.0,-5.5,18,21,2023_14_NE_PIT
2023,14,2023-12-10,TB,ATL,-2.0,-1.0,25,29,2023_14_TB_ATL
2023,14,2023-12-10,LA,BAL,-7.5,-7.5,37,31,2023_14_LA_BAL
2023,14,2023-12-10,DET,CHI,5.0,3.0,28,13,2023_14_DET_CHI
2023,14,2023-12-10,IND,CIN,2.0,-3.0,34,14,2023_14_IND_CIN
2023,14,2023-12-10,JAX,CLE,3.0,-2.5,31,27,2023_14_JAX_CLE
2023,14,2023-12-10,PHI,DAL,-2.5,-3.5,33,13,2023_14_PHI_DAL
2023,14,2023-12-10,BUF,KC,-3.0,-2.0,17,20,2023_14_BUF_KC
2023,14,2023-12-10,DEN,LAC,-3.0,-3.0,7,24,2023_14_DEN_LAC
2023,14,2023-12-10,MIN,LV,1.0,3.0,0,3,2023_14_MIN_LV
2023,14,2023-12-10,CAR,NO,-6.5,-5.5,28,6,2023_14_CAR_NO
2023,14,2023-12-10,HOU,NYJ,4.5,3.0,30,6,2023_14_HOU_NYJ
2023,14,2023-12-10,SEA,SF,-11.0,-14.5,28,16,2023_14_SEA_SF
2023,14,2023-12-11,TEN,MIA,-12.5,-14.0,27,28,2023_14_TEN_MIA
2023,14,2023-12-11,GB,NYG,4.5,5.5,24,22,2023_14_GB_NYG
2023,15,2023-12-14,LAC,LV,3.5,-3.0,63,21,2023_15_LAC_LV
2023,15,2023-12-16,MIN,CIN,1.0,-3.0,27,24,2023_15_MIN_CIN
2023,15,2023-12-16,DEN,DET,-5.0,-5.5,42,17,2023_15_DEN_DET
2023,15,2023-12-16,PIT,IND,-3.0,-1.0,30,13,2023_15_PIT_IND
2023,15,2023-12-17,SF,ARI,13.5,12.0,29,45,2023_15_SF_ARI
2023,15,2023-12-17,DAL,BUF,-1.5,-2.5,31,10,2023_15_DAL_BUF
2023,15,2023-12-17,ATL,CAR,2.5,2.5,9,7,2023_15_ATL_CAR
2023,15,2023-12-17,CHI,CLE,-2.5,-2.5,20,17,2023_15_CHI_CLE
2023,15,2023-12-17,TB,GB,-3.5,-4.0,20,34,2023_15_TB_GB
2023,15,2023-12-17,BAL,JAX,6.0,4.0,7,23,2023_15_BAL_JAX
2023,15,2023-12-17,WAS,LA,-6.5,-6.5,28,20,2023_15_WAS_LA
2023,15,2023-12-17,NYJ,MIA,-13.5,-7.0,30,0,2023_15_NYJ_MIA
2023,15,2023-12-17,KC,NE,10.5,10.5,17,27,2023_15_KC_NE
2023,15,2023-12-17,NYG,NO,-6.0,-6.0,24,6,2023_15_NYG_NO
2023,15,2023-12-17,HOU,TEN,3.5,-3.0,16,19,2023_15_HOU_TEN
2023,15,2023-12-18,PHI,SEA,4.5,5.5,20,17,2023_15_PHI_SEA
2023,16,2023-12-21,NO,LA,-4.0,-4.0,30,22,2023_16_NO_LA
2023,16,2023-12-23,BUF,LAC,9.5,13.0,22,24,2023_16_BUF_LAC
2023,16,2023-12-23,CIN,PIT,0.0,3.0,34,11,2023_16_CIN_PIT
2023,16,2023-12-24,IND,ATL,-1.5,-3.0,29,10,2023_16_IND_ATL
2023,16,2023-12-24,GB,CAR,5.5,3.5,30,33,2023_16_GB_CAR
2023,16,2023-12-24,ARI,CHI,-3.0,-4.5,27,16,2023_16_ARI_CHI
2023,16,2023-12-24,NE,DEN,-6.0,-7.0,23,26,2023_16_NE_DEN
2023,16,2023-12-24,CLE,HOU,-1.0,3.0,22,36,2023_16_CLE_HOU
2023,16,2023-12-24,DAL,MIA,1.0,-1.5,22,20,2023_16_DAL_MIA
2023,16,2023-12-24,DET,MIN,2.5,2.5,24,30,2023_16_DET_MIN
2023,16,2023-12-24,WAS,NYJ,-3.0,-3.0,30,28,2023_16_WAS_NYJ
2023,16,2023-12-24,JAX,TB,3.0,2.5,30,12,2023_16_JAX_TB
2023,16,2023-12-24,SEA,TEN,2.0,3.0,17,20,2023_16_SEA_TEN
2023,16,2023-12-25,LV,KC,-10.5,-11.0,14,20,2023_16_LV_KC
2023,16,2023-12-25,NYG,PHI,-10.0,-14.0,33,25,2023_16_NYG_PHI
2023,16,2023-12-25,BAL,SF,-5.5,-6.5,19,33,2023_16_BAL_SF
2023,17,2023-12-28,NYJ,CLE,-5.5,-7.0,37,20,2023_17_NYJ_CLE
2023,17,2023-12-30,DET,DAL,-5.5,-5.0,20,19,2023_17_DET_DAL
2023,17,2023-12-31,MIA,BAL,-3.5,-3.0,56,19,2023_17_MIA_BAL
2023,17,2023-12-31,NE,BUF,-13.5,-15.0,27,21,2023_17_NE_BUF
2023,17,2023-12-31,ATL,CHI,-2.5,-2.5,37,17,2023_17_ATL_CHI
2023,17,2023-12-31,LAC,DEN,-6.0,-3.5,16,9,2023_17_LAC_DEN
2023,17,2023-12-31,TEN,HOU,-4.5,-5.5,26,3,2023_17_TEN_HOU
2023,17,2023-12-31,LV,IND,-3.0,-3.5,23,20,2023_17_LV_IND
2023,17,2023-12-31,CAR,JAX,-9.0,-3.5,26,0,2023_17_CAR_JAX
2023,17,2023-12-31,CIN,KC,-7.0,-7.0,25,17,2023_17_CIN_KC
2023,17,2023-12-31,GB,MIN,-2.0,0.0,10,33,2023_17_GB_MIN
2023,17,2023-12-31,LA,NYG,5.5,6.5,25,26,2023_17_LA_NYG
2023,17,2023-12-31,ARI,PHI,-10.0,-11.5,31,35,2023_17_ARI_PHI
2023,17,2023-12-31,PIT,SEA,-3.5,-4.5,23,30,2023_17_PIT_SEA
2023,17,2023-12-31,NO,TB,-2.0,-2.5,13,23,2023_17_NO_TB
2023,17,2023-12-31,SF,WAS,13.5,14.0,10,27,2023_17_SF_WAS
2023,18,2024-01-06,PIT,BAL,-3.0,3.0,10,17,2023_18_PIT_BAL
2023,18,2024-01-06,HOU,IND,-2.5,1.5,19,23,2023_18_HOU_IND
2023,18,2024-01-07,SEA,ARI,3.0,3.0,20,21,2023_18_SEA_ARI
2023,18,2024-01-07,TB,CAR,4.5,4.5,0,9,2023_18_TB_CAR
2023,18,2024-01-07,CLE,CIN,-3.0,-7.0,31,14,2023_18_CLE_CIN
2023,18,2024-01-07,MIN,DET,-5.5,-3.5,30,20,2023_18_MIN_DET
2023,18,2024-01-07,CHI,GB,-2.0,-2.5,17,9,2023_18_CHI_GB
2023,18,2024-01-07,KC,LAC,-1.0,-3.0,12,13,2023_18_KC_LAC
2023,18,2024-01-07,DEN,LV,-3.0,-3.0,27,14,2023_18_DEN_LV
2023,18,2024-01-07,BUF,MIA,-1.5,2.5,14,21,2023_18_BUF_MIA
2023,18,2024-01-07,NYJ,NE,-1.5,-2.5,3,17,2023_18_NYJ_NE
2023,18,2024-01-07,ATL,NO,-3.5,-3.0,48,17,2023_18_ATL_NO
2023,18,2024-01-07,PHI,NYG,7.0,5.0,27,10,2023_18_PHI_NYG
2023,18,2024-01-07,LA,SF,-3.0,-5.5,20,21,2023_18_LA_SF
2023,18,2024-01-07,JAX,TEN,3.5,3.0,28,20,2023_18_JAX_TEN
2023,18,2024-01-07,DAL,WAS,13.0,13.0,10,38,2023_18_DAL_WAS
2024,1,2024-09-05,BAL,KC,-3.0,-3.0,27,20,2024_01_BAL_KC
2024,1,2024-09-06,GB,PHI,-3.0,-2.0,34,29,2024_01_GB_PHI
2024,1,2024-09-08,PIT,ATL,-3.0,-4.0,10,18,2024_01_PIT_ATL
2024,1,2024-09-08,ARI,BUF,-6.0,-6.5,34,28,2024_01_ARI_BUF
2024,1,2024-09-08,TEN,CHI,-4.5,-4.0,24,17,2024_01_TEN_CHI
2024,1,2024-09-08,NE,CIN,-9.0,-7.5,10,16,2024_01_NE_CIN
2024,1,2024-09-08,DAL,CLE,-2.5,-2.0,17,33,2024_01_DAL_CLE
2024,1,2024-09-08,LA,DET,-3.5,-5.5,26,20,2024_01_LA_DET
2024,1,2024-09-08,HOU,IND,2.5,3.0,27,29,2024_01_HOU_IND
2024,1,2024-09-08,LV,LAC,-3.0,-3.0,22,10,2024_01_LV_LAC
2024,1,2024-09-08,JAX,MIA,-3.0,-3.5,20,17,2024_01_JAX_MIA
2024,1,2024-09-08,CAR,NO,-4.0,-3.5,47,10,2024_01_CAR_NO
2024,1,2024-09-08,MIN,NYG,1.5,1.0,6,28,2024_01_MIN_NYG
2024,1,2024-09-08,DEN,SEA,-6.0,-6.5,26,20,2024_01_DEN_SEA
2024,1,2024-09-08,WAS,TB,-3.0,-4.0,37,20,2024_01_WAS_TB
2024,1,2024-09-09,NYJ,SF,-3.5,-3.5,32,19,2024_01_NYJ_SF
2024,2,2024-09-12,BUF,MIA,-2.0,-2.5,10,31,2024_02_BUF_MIA
2024,2,2024-09-15,LA,ARI,-1.5,1.0,41,10,2024_02_LA_ARI
2024,2,2024-09-15,LV,BAL,-9.5,-8.5,23,26,2024_02_LV_BAL
2024,2,2024-09-15,LAC,CAR,6.5,4.5,3,26,2024_02_LAC_CAR
2024,2,2024-09-15,NO,DAL,-6.5,-6.5,19,44,2024_02_NO_DAL
2024,2,2024-09-15,PIT,DEN,3.0,2.5,6,13,2024_02_PIT_DEN
2024,2,2024-09-15,TB,DET,-7.0,-7.5,16,20,2024_02_TB_DET
2024,2,2024-09-15,IND,GB,3.5,2.5,16,10,2024_02_IND_GB
2024,2,2024-09-15,CHI,HOU,-6.5,-6.0,19,13,2024_02_CHI_HOU
2024,2,2024-09-15,CLE,JAX,-3.5,-3.0,13,18,2024_02_CLE_JAX
2024,2,2024-09-15,CIN,KC,-6.0,-6.5,26,25,2024_02_CIN_KC
2024,2,2024-09-15,SF,MIN,6.0,4.0,23,17,2024_02_SF_MIN
2024,2,2024-09-15,SEA,NE,3.0,3.0,20,23,2024_02_SEA_NE
2024,2,2024-09-15,NYJ,TEN,4.0,3.5,17,24,2024_02_NYJ_TEN
2024,2,2024-09-15,NYG,WAS,-2.5,-1.5,21,18,2024_02_NYG_WAS
2024,2,2024-09-16,ATL,PHI,-6.5,-5.5,21,22,2024_02_ATL_PHI
2024,3,2024-09-19,NE,NYJ,-6.5,-6.5,24,3,2024_03_NE_NYJ
2024,3,2024-09-22,DET,ARI,2.5,3.0,13,20,2024_03_DET_ARI
2024,3,2024-09-22,KC,ATL,4.5,3.0,17,22,2024_03_KC_ATL
2024,3,2024-09-22,NYG,CLE,-6.0,-6.5,15,21,2024_03_NYG_CLE
2024,3,2024-09-22,BAL,DAL,1.0,1.5,25,28,2024_03_BAL_DAL
2024,3,2024-09-22,CHI,IND,-2.0,-2.0,21,16,2024_03_CHI_IND
2024,3,2024-09-22,SF,LA,7.5,6.0,27,24,2024_03_SF_LA
2024,3,2024-09-22,CAR,LV,-5.0,-5.5,22,36,2024_03_CAR_LV
2024,3,2024-09-22,HOU,MIN,2.5,1.5,34,7,2024_03_HOU_MIN
2024,3,2024-09-22,PHI,NO,-1.0,-2.5,12,15,2024_03_PHI_NO
2024,3,2024-09-22,LAC,PIT,-2.0,-2.5,20,10,2024_03_LAC_PIT
2024,3,2024-09-22,MIA,SEA,-5.0,-4.0,24,3,2024_03_MIA_SEA
2024,3,2024-09-22,DEN,TB,-6.5,-6.0,7,26,2024_03_DEN_TB
2024,3,2024-09-22,GB,TEN,-2.5,-3.0,14,30,2024_03_GB_TEN
2024,3,2024-09-23,JAX,BUF,-5.5,-4.0,47,10,2024_03_JAX_BUF
2024,3,2024-09-23,WAS,CIN,-8.0,-7.5,33,38,2024_03_WAS_CIN
2024,4,2024-09-26,DAL,NYG,4.5,5.5,15,20,2024_04_DAL_NYG
2024,4,2024-09-29,WAS,ARI,-3.5,-3.5,14,42,2024_04_WAS_ARI
2024,4,2024-09-29,NO,ATL,-2.0,-3.0,26,24,2024_04_NO_ATL
2024,4,2024-09-29,BUF,BAL,-2.5,-2.5,35,10,2024_04_BUF_BAL
2024,4,2024-09-29,CIN,CAR,4.5,4.5,24,34,2024_04_CIN_CAR
2024,4,2024-09-29,LA,CHI,-3.0,-3.0,24,18,2024_04_LA_CHI
2024,4,2024-09-29,MIN,GB,-2.5,-2.5,29,31,2024_04_MIN_GB
2024,4,2024-09-29,JAX,HOU,-6.0,-6.5,24,20,2024_04_JAX_HOU
2024,4,2024-09-29,PIT,IND,1.5,2.0,27,24,2024_04_PIT_IND
2024,4,2024-09-29,KC,LAC,8.0,7.5,10,17,2024_04_KC_LAC
2024,4,2024-09-29,CLE,LV,-1.0,2.0,20,16,2024_04_CLE_LV
2024,4,2024-09-29,DEN,NYJ,-7.0,-7.5,9,10,2024_04_DEN_NYJ
2024,4,2024-09-29,NE,SF,-10.0,-10.5,30,13,2024_04_NE_SF
2024,4,2024-09-29,PHI,TB,2.5,1.5,33,16,2024_04_PHI_TB
2024,4,2024-09-30,SEA,DET,-4.0,-3.5,42,29,2024_04_SEA_DET
2024,4,2024-09-30,TEN,MIA,-1.0,-1.0,12,31,2024_04_TEN_MIA
2024,5,2024-10-03,TB,ATL,-1.5,-2.5,36,30,2024_05_TB_ATL
2024,5,2024-10-06,CAR,CHI,-3.5,-4.0,36,10,2024_05_CAR_CHI
2024,5,2024-10-06,BAL,CIN,2.5,2.5,38,41,2024_05_BAL_CIN
2024,5,2024-10-06,LV,DEN,-3.0,-3.0,34,18,2024_05_LV_DEN
2024,5,2024-10-06,BUF,HOU,1.0,-1.5,23,20,2024_05_BUF_HOU
2024,5,2024-10-06,IND,JAX,-3.0,-3.5,37,34,2024_05_IND_JAX
2024,5,2024-10-06,GB,LA,3.5,3.0,19,24,2024_05_GB_LA
2024,5,2024-10-06,NYJ,MIN,-2.5,-2.5,23,17,2024_05_NYJ_MIN
2024,5,2024-10-06,MIA,NE,-1.0,2.0,10,15,2024_05_MIA_NE
2024,5,2024-10-06,DAL,PIT,-2.5,-2.5,17,20,2024_05_DAL_PIT
2024,5,2024-10-06,NYG,SEA,-6.0,-7.0,20,29,2024_05_NYG_SEA
2024,5,2024-10-06,ARI,SF,-7.5,-7.0,23,24,2024_05_ARI_SF
2024,5,2024-10-06,CLE,WAS,-3.0,-3.0,34,13,2024_05_CLE_WAS
2024,5,2024-10-07,NO,KC,-5.0,-5.0,26,13,2024_05_NO_KC
2024,6,2024-10-10,SF,SEA,3.5,3.5,24,36,2024_06_SF_SEA
2024,6,2024-10-13,WAS,BAL,-6.5,-7.0,30,23,2024_06_WAS_BAL
2024,6,2024-10-13,ATL,CAR,6.0,6.0,20,38,2024_06_ATL_CAR
2024,6,2024-10-13,JAX,CHI,-2.0,1.0,35,16,2024_06_JAX_CHI
2024,6,2024-10-13,DET,DAL,3.0,3.5,9,47,2024_06_DET_DAL
2024,6,2024-10-13,LAC,DEN,3.0,3.0,16,23,2024_06_LAC_DEN
2024,6,2024-10-13,ARI,GB,-5.0,-5.5,34,13,2024_06_ARI_GB
2024,6,2024-10-13,PIT,LV,3.0,3.5,13,32,2024_06_PIT_LV
2024,6,2024-10-13,HOU,NE,7.0,6.5,21,41,2024_06_HOU_NE
2024,6,2024-10-13,TB,NO,1.5,3.5,27,51,2024_06_TB_NO
2024,6,2024-10-13,CIN,NYG,3.5,4.5,7,17,2024_06_CIN_NYG
2024,6,2024-10-13,CLE,PHI,-8.5,-8.5,20,16,2024_06_CLE_PHI
2024,6,2024-10-13,IND,TEN,1.0,-2.5,17,20,2024_06_IND_TEN
2024,6,2024-10-14,BUF,NYJ,2.5,1.5,20,23,2024_06_BUF_NYJ
2024,7,2024-10-17,DEN,NO,1.5,2.5,10,33,2024_07_DEN_NO
2024,7,2024-10-20,SEA,ATL,-2.5,-3.0,14,34,2024_07_SEA_ATL
2024,7,2024-10-20,TEN,BUF,-8.5,-9.5,34,10,2024_07_TEN_BUF
2024,7,2024-10-20,CIN,CLE,4.5,5.5,14,21,2024_07_CIN_CLE
2024,7,2024-10-20,HOU,GB,-2.5,-3.0,24,22,2024_07_HOU_GB
2024,7,2024-10-20,MIA,IND,-3.5,-3.0,16,10,2024_07_MIA_IND
2024,7,2024-10-20,NE,JAX,-5.5,-7.0,32,16,2024_07_NE_JAX
2024,7,2024-10-20,LV,LA,-5.5,-7.0,20,15,2024_07_LV_LA
2024,7,2024-10-20,DET,MIN,-2.5,-1.5,29,31,2024_07_DET_MIN
2024,7,2024-10-20,PHI,NYG,3.5,3.0,3,28,2024_07_PHI_NYG
2024,7,2024-10-20,NYJ,PIT,1.5,2.5,37,15,2024_07_NYJ_PIT
2024,7,2024-10-20,KC,SF,-1.5,-2.5,18,28,2024_07_KC_SF
2024,7,2024-10-20,CAR,WAS,-7.5,-10.0,40,7,2024_07_CAR_WAS
2024,7,2024-10-21,LAC,ARI,2.5,1.0,17,15,2024_07_LAC_ARI
2024,7,2024-10-21,BAL,TB,3.5,3.5,31,41,2024_07_BAL_TB
2024,8,2024-10-24,MIN,LA,3.0,3.0,30,20,2024_08_MIN_LA
2024,8,2024-10-27,PHI,CIN,-3.0,-2.5,17,37,2024_08_PHI_CIN
2024,8,2024-10-27,BAL,CLE,11.5,7.5,29,24,2024_08_BAL_CLE
2024,8,2024-10-27,CAR,DEN,-8.0,-12.5,28,14,2024_08_CAR_DEN
2024,8,2024-10-27,TEN,DET,-10.5,-12.5,52,14,2024_08_TEN_DET
2024,8,2024-10-27,IND,HOU,-6.0,-4.5,23,20,2024_08_IND_HOU
2024,8,2024-10-27,GB,JAX,4.5,3.5,27,30,2024_08_GB_JAX
2024,8,2024-10-27,NO,LAC,-7.0,-7.0,26,8,2024_08_NO_LAC
2024,8,2024-10-27,KC,LV,9.5,8.5,20,27,2024_08_KC_LV
2024,8,2024-10-27,ARI,MIA,-3.5,-4.5,27,28,2024_08_ARI_MIA
2024,8,2024-10-27,NYJ,NE,7.0,7.0,25,22,2024_08_NYJ_NE
2024,8,2024-10-27,BUF,SEA,3.0,3.0,10,31,2024_08_BUF_SEA
2024,8,2024-10-27,DAL,SF,-4.5,-5.5,30,24,2024_08_DAL_SF
2024,8,2024-10-27,ATL,TB,2.5,1.5,26,31,2024_08_ATL_TB
2024,8,2024-10-27,CHI,WAS,2.5,-1.5,18,15,2024_08_CHI_WAS
2024,8,2024-10-28,NYG,PIT,-6.0,-6.0,26,18,2024_08_NYG_PIT
2024,9,2024-10-31,HOU,NYJ,-2.0,-2.5,21,13,2024_09_HOU_NYJ
2024,9,2024-11-03,CHI,ARI,1.0,-1.5,29,9,2024_09_CHI_ARI
2024,9,2024-11-03,DAL,ATL,-2.5,-3.0,27,21,2024_09_DAL_ATL
2024,9,2024-11-03,DEN,BAL,-9.0,-9.0,41,10,2024_09_DEN_BAL
2024,9,2024-11-03,MIA,BUF,-6.5,-6.0,30,27,2024_09_MIA_BUF
2024,9,2024-11-03,NO,CAR,7.0,7.0,23,22,2024_09_NO_CAR
2024,9,2024-11-03,LV,CIN,-7.5,-8.0,41,24,2024_09_LV_CIN
2024,9,2024-11-03,LAC,CLE,1.5,2.0,10,27,2024_09_LAC_CLE
2024,9,2024-11-03,DET,GB,3.5,2.5,14,24,2024_09_DET_GB
2024,9,2024-11-03,IND,MIN,-6.0,-6.0,21,13,2024_09_IND_MIN
2024,9,2024-11-03,WAS,NYG,3.5,4.0,22,27,2024_09_WAS_NYG
2024,9,2024-11-03,JAX,PHI,-7.5,-7.5,28,23,2024_09_JAX_PHI
2024,9,2024-11-03,LA,SEA,1.0,1.5,20,26,2024_09_LA_SEA
2024,9,2024-11-03,NE,TEN,-3.0,-3.5,20,17,2024_09_NE_TEN
2024,9,2024-11-04,TB,KC,-8.5,-9.0,30,24,2024_09_TB_KC
2024,10,2024-11-07,CIN,BAL,-6.0,-6.0,35,34,2024_10_CIN_BAL
2024,10,2024-11-10,NYJ,ARI,-1.0,2.0,31,6,2024_10_NYJ_ARI
2024,10,2024-11-10,NYG,CAR,5.0,6.5,20,17,2024_10_NYG_CAR
2024,10,2024-11-10,NE,CHI,-6.5,-6.5,3,19,2024_10_NE_CHI
2024,10,2024-11-10,PHI,DAL,7.0,7.5,6,34,2024_10_PHI_DAL
2024,10,2024-11-10,DET,HOU,3.0,3.5,23,26,2024_10_DET_HOU
2024,10,2024-11-10,BUF,IND,4.0,4.5,20,30,2024_10_BUF_IND
2024,10,2024-11-10,MIN,JAX,4.0,7.0,7,12,2024_10_MIN_JAX
2024,10,2024-11-10,DEN,KC,-9.0,-7.5,16,14,2024_10_DEN_KC
2024,10,2024-11-10,TEN,LAC,-7.5,-8.5,27,17,2024_10_TEN_LAC
2024,10,2024-11-10,ATL,NO,3.0,3.5,20,17,2024_10_ATL_NO
2024,10,2024-11-10,SF,TB,6.0,6.5,20,23,2024_10_SF_TB
2024,10,2024-11-10,PIT,WAS,-2.5,-1.5,27,28,2024_10_PIT_WAS
2024,10,2024-11-11,MIA,LA,-2.5,-2.5,15,23,2024_10_MIA_LA
2024,11,2024-11-14,WAS,PHI,-3.5,-4.5,26,18,2024_11_WAS_PHI
2024,11,2024-11-17,KC,BUF,-2.5,-2.5,30,21,2024_11_KC_BUF
2024,11,2024-11-17,GB,CHI,6.5,6.0,19,20,2024_11_GB_CHI
2024,11,2024-11-17,ATL,DEN,-2.5,-2.0,38,6,2024_11_ATL_DEN
2024,11,2024-11-17,JAX,DET,-13.0,-13.5,52,6,2024_11_JAX_DET
2024,11,2024-11-17,CIN,LAC,-1.0,-1.0,34,27,2024_11_CIN_LAC
2024,11,2024-11-17,LV,MIA,-7.5,-7.5,34,19,2024_11_LV_MIA
2024,11,2024-11-17,LA,NE,4.5,4.0,22,28,2024_11_LA_NE
2024,11,2024-11-17,CLE,NO,-1.0,1.0,35,14,2024_11_CLE_NO
2024,11,2024-11-17,IND,NYJ,-3.5,-4.0,27,28,2024_11_IND_NYJ
2024,11,2024-11-17,BAL,PIT,3.0,3.0,18,16,2024_11_BAL_PIT
2024,11,2024-11-17,SEA,SF,-6.5,-6.0,17,20,2024_11_SEA_SF
2024,11,2024-11-17,MIN,TEN,6.0,6.0,13,23,2024_11_MIN_TEN
2024,11,2024-11-18,HOU,DAL,7.0,7.0,10,34,2024_11_HOU_DAL
2024,12,2024-11-21,PIT,CLE,4.0,3.5,24,19,2024_12_PIT_CLE
2024,12,2024-11-24,KC,CAR,11.0,11.0,27,30,2024_12_KC_CAR
2024,12,2024-11-24,MIN,CHI,3.0,3.0,27,30,2024_12_MIN_CHI
2024,12,2024-11-24,SF,GB,-2.5,-6.5,38,10,2024_12_SF_GB
2024,12,2024-11-24,TEN,HOU,-8.0,-8.0,27,32,2024_12_TEN_HOU
2024,12,2024-11-24,DET,IND,7.5,7.0,6,24,2024_12_DET_IND
2024,12,2024-11-24,PHI,LA,3.0,3.0,20,37,2024_12_PHI_LA
2024,12,2024-11-24,DEN,LV,5.5,5.5,19,29,2024_12_DEN_LV
2024,12,2024-11-24,NE,MIA,-7.0,-7.5,34,15,2024_12_NE_MIA
2024,12,2024-11-24,TB,NYG,5.0,6.5,7,30,2024_12_TB_NYG
2024,12,2024-11-24,ARI,SEA,-1.0,1.5,16,6,2024_12_ARI_SEA
2024,12,2024-11-24,DAL,WAS,-10.5,-10.5,26,34,2024_12_DAL_WAS
2024,12,2024-11-25,BAL,LAC,3.0,3.0,23,30,2024_12_BAL_LAC
2024,13,2024-11-28,NYG,DAL,-4.0,-4.5,27,20,2024_13_NYG_DAL
2024,13,2024-11-28,CHI,DET,-10.5,-9.5,23,20,2024_13_CHI_DET
2024,13,2024-11-28,MIA,GB,-3.5,-3.5,30,17,2024_13_MIA_GB
2024,13,2024-11-29,LV,KC,-13.0,-13.5,19,17,2024_13_LV_KC
2024,13,2024-12-01,LAC,ATL,1.5,1.0,13,17,2024_13_LAC_ATL
2024,13,2024-12-01,PHI,BAL,-2.5,-3.0,19,24,2024_13_PHI_BAL
2024,13,2024-12-01,SF,BUF,-6.5,-6.5,35,10,2024_13_SF_BUF
2024,13,2024-12-01,TB,CAR,6.0,6.5,23,26,2024_13_TB_CAR
2024,13,2024-12-01,PIT,CIN,-3.0,-3.0,38,44,2024_13_PIT_CIN
2024,13,2024-12-01,HOU,JAX,5.0,3.5,20,23,2024_13_HOU_JAX
2024,13,2024-12-01,ARI,MIN,-3.5,-3.5,23,22,2024_13_ARI_MIN
2024,13,2024-12-01,IND,NE,3.0,2.5,24,25,2024_13_IND_NE
2024,13,2024-12-01,LA,NO,3.0,2.5,14,21,2024_13_LA_NO
2024,13,2024-12-01,SEA,NYJ,2.5,-1.0,21,26,2024_13_SEA_NYJ
2024,13,2024-12-01,TEN,WAS,-5.5,-6.0,42,19,2024_13_TEN_WAS
2024,13,2024-12-02,CLE,DEN,-5.5,-6.0,41,32,2024_13_CLE_DEN
2024,15,2024-12-12,LA,SF,-2.5,-3.0,6,12,2024_15_LA_SF
2024,15,2024-12-15,NE,ARI,-6.0,-6.0,30,17,2024_15_NE_ARI
2024,15,2024-12-15,DAL,CAR,-1.0,-3.0,14,30,2024_15_DAL_CAR
2024,15,2024-12-15,KC,CLE,4.0,4.5,7,21,2024_15_KC_CLE
2024,15,2024-12-15,IND,DEN,-4.0,-4.0,31,13,2024_15_IND_DEN
2024,15,2024-12-15,BUF,DET,-1.5,-2.5,42,48,2024_15_BUF_DET
2024,15,2024-12-15,MIA,HOU,-3.0,-3.0,20,12,2024_15_MIA_HOU
2024,15,2024-12-15,NYJ,JAX,3.5,3.5,25,32,2024_15_NYJ_JAX
2024,15,2024-12-15,TB,LAC,-3.0,-3.0,17,40,2024_15_TB_LAC
2024,15,2024-12-15,WAS,NO,7.5,7.5,19,20,2024_15_WAS_NO
2024,15,2024-12-15,BAL,NYG,14.5,16.5,14,35,2024_15_BAL_NYG
2024,15,2024-12-15,PIT,PHI,-5.0,-5.5,27,13,2024_15_PIT_PHI
2024,15,2024-12-15,GB,SEA,3.0,2.5,13,30,2024_15_GB_SEA
2024,15,2024-12-15,CIN,TEN,4.5,5.0,27,37,2024_15_CIN_TEN
2024,15,2024-12-16,ATL,LV,4.5,6.0,9,15,2024_15_ATL_LV
2024,15,2024-12-16,CHI,MIN,-7.0,-7.0,30,12,2024_15_CHI_MIN
2024,16,2024-12-19,DEN,LAC,-3.0,-2.5,34,27,2024_16_DEN_LAC
2024,16,2024-12-21,PIT,BAL,-6.0,-7.0,34,17,2024_16_PIT_BAL
2024,16,2024-12-21,HOU,KC,2.5,-3.5,27,19,2024_16_HOU_KC
2024,16,2024-12-22,NYG,ATL,-8.0,-9.5,34,7,2024_16_NYG_ATL
2024,16,2024-12-22,NE,BUF,-14.0,-14.0,24,21,2024_16_NE_BUF
2024,16,2024-12-22,ARI,CAR,4.0,5.5,36,30,2024_16_ARI_CAR
2024,16,2024-12-22,DET,CHI,7.0,7.0,17,34,2024_16_DET_CHI
2024,16,2024-12-22,CLE,CIN,-7.0,-10.0,24,6,2024_16_CLE_CIN
2024,16,2024-12-22,TB,DAL,4.0,4.5,26,24,2024_16_TB_DAL
2024,16,2024-12-22,TEN,IND,-4.5,-3.5,38,30,2024_16_TEN_IND
2024,16,2024-12-22,JAX,LV,-1.0,-2.5,19,14,2024_16_JAX_LV
2024,16,2024-12-22,SF,MIA,-1.5,1.5,29,17,2024_16_SF_MIA
2024,16,2024-12-22,LA,NYJ,3.5,3.0,9,19,2024_16_LA_NYJ
2024,16,2024-12-22,MIN,SEA,3.5,2.5,24,27,2024_16_MIN_SEA
2024,16,2024-12-22,PHI,WAS,3.0,4.0,36,33,2024_16_PHI_WAS
2024,16,2024-12-23,NO,GB,-13.5,-14.0,34,0,2024_16_NO_GB
2024,17,2024-12-25,BAL,HOU,5.5,6.5,2,31,2024_17_BAL_HOU
2024,17,2024-12-25,KC,PIT,3.0,2.0,10,29,2024_17_KC_PIT
2024,17,2024-12-26,SEA,CHI,3.5,3.5,3,6,2024_17_SEA_CHI
2024,17,2024-12-28,DEN,CIN,-3.5,-3.5,30,24,2024_17_DEN_CIN
2024,17,2024-12-28,ARI,LA,-6.0,-6.5,13,9,2024_17_ARI_LA
2024,17,2024-12-28,LAC,NE,4.0,6.0,7,40,2024_17_LAC_NE
2024,17,2024-12-29,NYJ,BUF,-9.5,-10.0,40,14,2024_17_NYJ_BUF
2024,17,2024-12-29,MIA,CLE,6.5,3.0,3,20,2024_17_MIA_CLE
2024,17,2024-12-29,TEN,JAX,-1.0,1.0,20,13,2024_17_TEN_JAX
2024,17,2024-12-29,GB,MIN,-1.5,0.5,27,25,2024_17_GB_MIN
2024,17,2024-12-29,LV,NO,-1.5,1.5,10,25,2024_17_LV_NO
2024,17,2024-12-29,IND,NYG,8.0,7.5,45,33,2024_17_IND_NYG
2024,17,2024-12-29,DAL,PHI,-9.5,-7.5,41,7,2024_17_DAL_PHI
2024,17,2024-12-29,CAR,TB,-8.0,-9.5,48,14,2024_17_CAR_TB
2024,17,2024-12-29,ATL,WAS,-4.0,-3.5,30,24,2024_17_ATL_WAS
2024,17,2024-12-30,DET,SF,3.5,4.0,34,40,2024_17_DET_SF
2024,18,2025-01-04,CLE,BAL,-18.0,-20.0,35,10,2024_18_CLE_BAL
2024,18,2025-01-04,CIN,PIT,1.5,2.5,17,19,2024_18_CIN_PIT
2024,18,2025-01-05,SF,ARI,-3.0,-5.5,47,24,2024_18_SF_ARI
2024,18,2025-01-05,CAR,ATL,-8.5,-7.5,38,44,2024_18_CAR_ATL
2024,18,2025-01-05,WAS,DAL,3.5,7.0,19,23,2024_18_WAS_DAL
2024,18,2025-01-05,KC,DEN,-10.0,-10.5,38,0,2024_18_KC_DEN
2024,18,2025-01-05,MIN,DET,-2.5,-3.0,31,9,2024_18_MIN_DET
2024,18,2025-01-05,CHI,GB,-9.5,-10.0,22,24,2024_18_CHI_GB
2024,18,2025-01-05,JAX,IND,-5.0,-3.5,26,23,2024_18_JAX_IND
2024,18,2025-01-05,SEA,LA,3.0,7.5,25,30,2024_18_SEA_LA
2024,18,2025-01-05,LAC,LV,5.5,7.0,20,34,2024_18_LAC_LV
2024,18,2025-01-05,BUF,NE,2.5,3.5,23,16,2024_18_BUF_NE
2024,18,2025-01-05,MIA,NYJ,1.5,-2.5,32,20,2024_18_MIA_NYJ
2024,18,2025-01-05,NYG,PHI,-3.0,-3.0,20,13,2024_18_NYG_PHI
2024,18,2025-01-05,NO,TB,-13.5,-14.5,27,19,2024_18_NO_TB
2024,18,2025-01-05,HOU,TEN,-1.0,-2.5,14,23,2024_18_HOU_TEN
2025,1,2025-09-04,DAL,PHI,-8.5,-8.5,24,20,2025_01_DAL_PHI
2025,1,2025-09-05,KC,LAC,3.0,3.0,27,21,2025_01_KC_LAC
2025,1,2025-09-07,TB,ATL,2.5,1.5,20,23,2025_01_TB_ATL
2025,1,2025-09-07,BAL,BUF,-1.5,1.5,41,40,2025_01_BAL_BUF
2025,1,2025-09-07,CIN,CLE,5.5,5.5,16,17,2025_01_CIN_CLE
2025,1,2025-09-07,TEN,DEN,-7.5,-8.5,20,12,2025_01_TEN_DEN
2025,1,2025-09-07,DET,GB,-2.5,-1.5,27,13,2025_01_DET_GB
2025,1,2025-09-07,MIA,IND,-1.5,-1.5,33,8,2025_01_MIA_IND
2025,1,2025-09-07,CAR,JAX,-3.5,-4.5,26,10,2025_01_CAR_JAX
2025,1,2025-09-07,HOU,LA,-3.0,-3.0,14,9,2025_01_HOU_LA
2025,1,2025-09-07,LV,NE,-2.5,-2.5,13,20,2025_01_LV_NE
2025,1,2025-09-07,ARI,NO,6.5,6.0,13,20,2025_01_ARI_NO
2025,1,2025-09-07,PIT,NYJ,3.0,3.0,32,34,2025_01_PIT_NYJ
2025,1,2025-09-07,SF,SEA,2.5,1.5,13,17,2025_01_SF_SEA
2025,1,2025-09-07,NYG,WAS,-5.5,-6.0,21,6,2025_01_NYG_WAS
2025,1,2025-09-08,MIN,CHI,1.5,-1.0,24,27,2025_01_MIN_CHI
2025,2,2025-09-11,WAS,GB,-3.5,-3.0,27,18,2025_02_WAS_GB
2025,2,2025-09-14,CAR,ARI,-6.5,-7.0,27,22,2025_02_CAR_ARI
2025,2,2025-09-14,CLE,BAL,-12.5,-12.5,41,17,2025_02_CLE_BAL
2025,2,2025-09-14,JAX,CIN,-3.5,-3.5,31,27,2025_02_JAX_CIN
2025,2,2025-09-14,NYG,DAL,-6.0,-4.5,40,37,2025_02_NYG_DAL
2025,2,2025-09-14,CHI,DET,-4.5,-6.5,52,21,2025_02_CHI_DET
2025,2,2025-09-14,DEN,IND,2.5,2.5,29,28,2025_02_DEN_IND
2025,2,2025-09-14,PHI,KC,1.5,1.5,17,20,2025_02_PHI_KC
2025,2,2025-09-14,NE,MIA,-1.5,-2.5,27,33,2025_02_NE_MIA
2025,2,2025-09-14,ATL,MIN,-5.5,-3.5,6,22,2025_02_ATL_MIN
2025,2,2025-09-14,SF,NO,4.5,3.0,21,26,2025_02_SF_NO
2025,2,2025-09-14,BUF,NYJ,7.0,5.5,10,30,2025_02_BUF_NYJ
2025,2,2025-09-14,SEA,PIT,-3.0,-3.5,17,31,2025_02_SEA_PIT
2025,2,2025-09-14,LA,TEN,5.5,5.5,19,33,2025_02_LA_TEN
2025,2,2025-09-15,TB,HOU,-2.5,-2.5,19,20,2025_02_TB_HOU
2025,2,2025-09-15,LAC,LV,3.5,3.5,9,20,2025_02_LAC_LV
2025,3,2025-09-18,MIA,BUF,-12.5,-11.5,31,21,2025_03_MIA_BUF
2025,3,2025-09-21,ATL,CAR,4.5,5.5,30,0,2025_03_ATL_CAR
2025,3,2025-09-21,DAL,CHI,-1.5,1.5,31,14,2025_03_DAL_CHI
2025,3,2025-09-21,GB,CLE,8.5,8.5,13,10,2025_03_GB_CLE
2025,3,2025-09-21,HOU,JAX,-1.5,-1.5,17,10,2025_03_HOU_JAX
2025,3,2025-09-21,DEN,LAC,-2.5,-2.5,23,20,2025_03_DEN_LAC
2025,3,2025-09-21,CIN,MIN,-3.0,-3.0,48,10,2025_03_CIN_MIN
2025,3,2025-09-21,PIT,NE,1.5,1.5,14,21,2025_03_PIT_NE
2025,3,2025-09-21,KC,NYG,5.5,6.0,9,22,2025_03_KC_NYG
2025,3,2025-09-21,LA,PHI,-3.5,-3.5,33,26,2025_03_LA_PHI
2025,3,2025-09-21,NO,SEA,-7.5,-7.5,44,13,2025_03_NO_SEA
2025,3,2025-09-21,ARI,SF,-1.5,-1.5,16,15,2025_03_ARI_SF
2025,3,2025-09-21,NYJ,TB,-7.0,-6.5,29,27,2025_03_NYJ_TB
2025,3,2025-09-21,IND,TEN,3.0,6.0,20,41,2025_03_IND_TEN
2025,3,2025-09-21,LV,WAS,-3.5,-2.5,41,24,2025_03_LV_WAS
2025,3,2025-09-22,DET,BAL,-5.5,-4.5,30,38,2025_03_DET_BAL
2025,4,2025-09-25,SEA,ARI,-1.5,1.5,20,23,2025_04_SEA_ARI
2025,4,2025-09-28,WAS,ATL,2.5,-2.5,34,27,2025_04_WAS_ATL
2025,4,2025-09-28,NO,BUF,-16.5,-14.5,31,19,2025_04_NO_BUF
2025,4,2025-09-28,GB,DAL,7.0,6.5,40,40,2025_04_GB_DAL
2025,4,2025-09-28,CLE,DET,-8.5,-10.0,34,10,2025_04_CLE_DET
2025,4,2025-09-28,TEN,HOU,-7.0,-7.5,26,0,2025_04_TEN_HOU
2025,4,2025-09-28,BAL,KC,2.5,2.5,37,20,2025_04_BAL_KC
2025,4,2025-09-28,IND,LA,-3.5,-3.5,27,20,2025_04_IND_LA
2025,4,2025-09-28,CHI,LV,1.5,-1.5,24,25,2025_04_CHI_LV
2025,4,2025-09-28,CAR,NE,-5.5,-5.5,42,13,2025_04_CAR_NE
2025,4,2025-09-28,LAC,NYG,6.0,6.0,21,18,2025_04_LAC_NYG
2025,4,2025-09-28,MIN,PIT,2.5,2.5,24,21,2025_04_MIN_PIT
2025,4,2025-09-28,JAX,SF,-3.0,-3.5,21,26,2025_04_JAX_SF
2025,4,2025-09-28,PHI,TB,3.0,3.5,25,31,2025_04_PHI_TB
2025,4,2025-09-29,CIN,DEN,-7.0,-7.5,28,3,2025_04_CIN_DEN
2025,4,2025-09-29,NYJ,MIA,-2.5,-2.5,27,21,2025_04_NYJ_MIA
2025,5,2025-10-02,SF,LA,-5.5,-7.5,23,26,2025_05_SF_LA
2025,5,2025-10-05,TEN,ARI,-8.5,-7.5,21,22,2025_05_TEN_ARI
2025,5,2025-10-05,HOU,BAL,-3.5,2.5,10,44,2025_05_HOU_BAL
2025,5,2025-10-05,NE,BUF,-8.5,-7.5,20,23,2025_05_NE_BUF
2025,5,2025-10-05,MIA,CAR,-1.5,1.5,27,24,2025_05_MIA_CAR
2025,5,2025-10-05,DET,CIN,10.0,10.0,24,37,2025_05_DET_CIN
2025,5,2025-10-05,MIN,CLE,3.5,3.5,17,21,2025_05_MIN_CLE
2025,5,2025-10-05,LV,IND,-6.5,-7.0,40,6,2025_05_LV_IND
2025,5,2025-10-05,WAS,LAC,-2.5,-3.0,10,27,2025_05_WAS_LAC
2025,5,2025-10-05,NYG,NO,-1.5,-2.5,26,14,2025_05_NYG_NO
2025,5,2025-10-05,DAL,NYJ,2.5,-1.5,22,37,2025_05_DAL_NYJ
2025,5,2025-10-05,DEN,PHI,-4.5,-4.5,17,21,2025_05_DEN_PHI
2025,5,2025-10-05,TB,SEA,-3.5,-3.5,35,38,2025_05_TB_SEA
2025,5,2025-10-06,KC,JAX,3.5,3.5,31,28,2025_05_KC_JAX
2025,6,2025-10-09,PHI,NYG,7.0,7.5,34,17,2025_06_PHI_NYG
2025,6,2025-10-12,LA,BAL,7.5,7.0,3,17,2025_06_LA_BAL
2025,6,2025-10-12,DAL,CAR,3.5,3.0,30,27,2025_06_DAL_CAR
2025,6,2025-10-12,CIN,GB,-14.5,-14.0,27,18,2025_06_CIN_GB
2025,6,2025-10-12,ARI,IND,-6.5,-9.0,31,27,2025_06_ARI_IND
2025,6,2025-10-12,SEA,JAX,-1.5,1.5,12,20,2025_06_SEA_JAX
2025,6,2025-10-12,DET,KC,-1.5,-2.5,30,17,2025_06_DET_KC
2025,6,2025-10-12,TEN,LV,-5.0,-3.5,20,10,2025_06_TEN_LV
2025,6,2025-10-12,LAC,MIA,4.5,3.5,27,29,2025_06_LAC_MIA
2025,6,2025-10-12,NE,NO,3.5,3.5,19,25,2025_06_NE_NO
2025,6,2025-10-12,DEN,NYJ,7.5,7.0,11,13,2025_06_DEN_NYJ
2025,6,2025-10-12,CLE,PIT,-4.5,-6.5,23,9,2025_06_CLE_PIT
2025,6,2025-10-12,SF,TB,-3.0,-3.5,30,19,2025_06_SF_TB
2025,6,2025-10-13,BUF,ATL,4.5,3.5,24,14,2025_06_BUF_ATL
2025,6,2025-10-13,CHI,WAS,-4.5,-5.5,24,25,2025_06_CHI_WAS
2025,7,2025-10-16,PIT,CIN,5.5,5.5,33,31,2025_07_PIT_CIN
2025,7,2025-10-19,GB,ARI,6.5,7.0,23,27,2025_07_GB_ARI
2025,7,2025-10-19,NO,CHI,-5.5,-3.5,26,14,2025_07_NO_CHI
2025,7,2025-10-19,MIA,CLE,-2.5,-2.5,31,6,2025_07_MIA_CLE
2025,7,2025-10-19,WAS,DAL,2.5,-1.5,44,22,2025_07_WAS_DAL
2025,7,2025-10-19,NYG,DEN,-7.0,-8.0,33,32,2025_07_NYG_DEN
2025,7,2025-10-19,LA,JAX,3.0,3.0,7,35,2025_07_LA_JAX
2025,7,2025-10-19,LV,KC,-11.5,-13.5,31,0,2025_07_LV_KC
2025,7,2025-10-19,IND,LAC,-1.5,-2.5,24,38,2025_07_IND_LAC
2025,7,2025-10-19,PHI,MIN,2.5,2.5,22,28,2025_07_PHI_MIN
2025,7,2025-10-19,CAR,NYJ,1.5,-1.5,6,13,2025_07_CAR_NYJ
2025,7,2025-10-19,ATL,SF,-3.0,1.0,20,10,2025_07_ATL_SF
2025,7,2025-10-19,NE,TEN,7.0,6.5,13,31,2025_07_NE_TEN
2025,7,2025-10-20,TB,DET,-4.5,-6.0,24,9,2025_07_TB_DET
2025,7,2025-10-20,HOU,SEA,-3.5,-3.0,27,19,2025_07_HOU_SEA
2025,8,2025-10-23,MIN,LAC,-3.0,-3.5,37,10,2025_08_MIN_LAC
2025,8,2025-10-26,MIA,ATL,-7.0,-7.0,10,34,2025_08_MIA_ATL
2025,8,2025-10-26,CHI,BAL,-6.5,-2.5,30,16,2025_08_CHI_BAL
2025,8,2025-10-26,BUF,CAR,7.5,7.0,9,40,2025_08_BUF_CAR
2025,8,2025-10-26,NYJ,CIN,-6.5,-5.5,38,39,2025_08_NYJ_CIN
2025,8,2025-10-26,DAL,DEN,-3.0,-3.5,44,24,2025_08_DAL_DEN
2025,8,2025-10-26,SF,HOU,1.5,-2.5,26,15,2025_08_SF_HOU
2025,8,2025-10-26,TEN,IND,-14.0,-15.5,38,14,2025_08_TEN_IND
2025,8,2025-10-26,CLE,NE,-7.0,-7.0,32,13,2025_08_CLE_NE
2025,8,2025-10-26,TB,NO,5.5,3.5,3,23,2025_08_TB_NO
2025,8,2025-10-26,NYG,PHI,-7.0,-7.5,38,20,2025_08_NYG_PHI
2025,8,2025-10-26,GB,PIT,3.0,3.0,25,35,2025_08_GB_PIT
2025,8,2025-10-27,WAS,KC,-10.5,-10.5,28,7,2025_08_WAS_KC
2025,9,2025-10-30,BAL,MIA,7.5,7.5,6,28,2025_09_BAL_MIA
2025,9,2025-11-02,KC,BUF,1.5,2.5,28,21,2025_09_KC_BUF
2025,9,2025-11-02,CHI,CIN,2.5,3.0,42,47,2025_09_CHI_CIN
2025,9,2025-11-02,MIN,DET,-8.5,-9.5,24,27,2025_09_MIN_DET
2025,9,2025-11-02,CAR,GB,-12.5,-13.0,13,16,2025_09_CAR_GB
2025,9,2025-11-02,DEN,HOU,-1.5,-2.0,15,18,2025_09_DEN_HOU
2025,9,2025-11-02,NO,LA,-13.5,-14.5,34,10,2025_09_NO_LA
2025,9,2025-11-02,JAX,LV,3.0,1.5,29,30,2025_09_JAX_LV
2025,9,2025-11-02,ATL,NE,-5.5,-5.5,24,23,2025_09_ATL_NE
2025,9,2025-11-02,SF,NYG,2.5,2.5,24,34,2025_09_SF_NYG
2025,9,2025-11-02,IND,PIT,3.0,3.0,27,20,2025_09_IND_PIT
2025,9,2025-11-02,LAC,TEN,10.0,9.5,20,27,2025_09_LAC_TEN
2025,9,2025-11-02,SEA,WAS,3.5,2.5,14,38,2025_09_SEA_WAS
2025,9,2025-11-03,ARI,DAL,-2.5,-3.5,17,27,2025_09_ARI_DAL
2025,10,2025-11-06,LV,DEN,-9.5,-9.5,10,7,2025_10_LV_DEN
2025,10,2025-11-09,NO,CAR,-5.5,-5.5,7,17,2025_10_NO_CAR
2025,10,2025-11-09,NYG,CHI,-3.5,-4.5,24,20,2025_10_NYG_CHI
2025,10,2025-11-09,JAX,HOU,-1.5,-1.0,36,29,2025_10_JAX_HOU
2025,10,2025-11-09,ATL,IND,-6.0,-6.5,31,25,2025_10_ATL_IND
2025,10,2025-11-09,PIT,LAC,-3.0,-3.0,25,10,2025_10_PIT_LAC
2025,10,2025-11-09,BUF,MIA,9.5,8.5,30,13,2025_10_BUF_MIA
2025,10,2025-11-09,BAL,MIN,3.5,4.5,19,27,2025_10_BAL_MIN
2025,10,2025-11-09,CLE,NYJ,-1.5,2.0,27,20,2025_10_CLE_NYJ
2025,10,2025-11-09,ARI,SEA,-6.5,-7.0,44,22,2025_10_ARI_SEA
2025,10,2025-11-09,LA,SF,3.5,5.5,26,42,2025_10_LA_SF
2025,10,2025-11-09,NE,TB,-2.5,-2.5,23,28,2025_10_NE_TB
2025,10,2025-11-09,DET,WAS,8.5,8.0,22,44,2025_10_DET_WAS
2025,10,2025-11-10,PHI,GB,-2.5,-1.0,7,10,2025_10_PHI_GB
2025,11,2025-11-13,NYJ,NE,-11.5,-12.5,27,14,2025_11_NYJ_NE
2025,11,2025-11-16,SF,ARI,2.5,3.5,22,41,2025_11_SF_ARI
2025,11,2025-11-16,CAR,ATL,-3.5,-4.0,27,30,2025_11_CAR_ATL
2025,11,2025-11-16,TB,BUF,-5.5,-6.5,44,32,2025_11_TB_BUF
2025,11,2025-11-16,BAL,CLE,8.5,7.5,16,23,2025_11_BAL_CLE
2025,11,2025-11-16,KC,DEN,3.5,4.0,22,19,2025_11_KC_DEN
2025,11,2025-11-16,LAC,JAX,3.0,3.0,35,6,2025_11_LAC_JAX
2025,11,2025-11-16,SEA,LA,-2.5,-3.0,21,19,2025_11_SEA_LA
2025,11,2025-11-16,WAS,MIA,-2.5,-2.5,16,13,2025_11_WAS_MIA
2025,11,2025-11-16,CHI,MIN,-3.0,-2.5,17,19,2025_11_CHI_MIN
2025,11,2025-11-16,GB,NYG,7.5,7.5,20,27,2025_11_GB_NYG
2025,11,2025-11-16,DET,PHI,-1.5,-2.5,16,9,2025_11_DET_PHI
2025,11,2025-11-16,CIN,PIT,-5.5,-5.5,34,12,2025_11_CIN_PIT
2025,11,2025-11-16,HOU,TEN,7.5,5.5,13,16,2025_11_HOU_TEN
2025,11,2025-11-17,DAL,LV,3.5,3.5,16,33,2025_11_DAL_LV
2025,12,2025-11-20,BUF,HOU,5.5,5.5,23,19,2025_12_BUF_HOU
2025,12,2025-11-23,JAX,ARI,2.5,2.5,24,27,2025_12_JAX_ARI
2025,12,2025-11-23,NYJ,BAL,-13.5,-13.5,23,10,2025_12_NYJ_BAL
2025,12,2025-11-23,PIT,CHI,-3.0,-3.0,31,28,2025_12_PIT_CHI
2025,12,2025-11-23,NE,CIN,8.5,7.5,20,26,2025_12_NE_CIN
2025,12,2025-11-23,PHI,DAL,3.5,3.0,24,21,2025_12_PHI_DAL
2025,12,2025-11-23,NYG,DET,-10.5,-14.0,34,27,2025_12_NYG_DET
2025,12,2025-11-23,MIN,GB,-6.5,-6.5,23,6,2025_12_MIN_GB
2025,12,2025-11-23,IND,KC,-3.0,-4.5,23,20,2025_12_IND_KC
2025,12,2025-11-23,TB,LA,-6.5,-7.0,34,7,2025_12_TB_LA
2025,12,2025-11-23,CLE,LV,-3.0,-3.0,10,24,2025_12_CLE_LV
2025,12,2025-11-23,ATL,NO,-1.5,-1.5,10,24,2025_12_ATL_NO
2025,12,2025-11-23,SEA,TEN,13.5,12.5,24,30,2025_12_SEA_TEN
2025,12,2025-11-24,CAR,SF,-7.0,-7.5,20,9,2025_12_CAR_SF
2025,13,2025-11-27,CIN,BAL,-7.0,-7.5,14,32,2025_13_CIN_BAL
2025,13,2025-11-27,KC,DAL,3.5,3.5,31,28,2025_13_KC_DAL
2025,13,2025-11-27,GB,DET,-2.5,-2.5,24,31,2025_13_GB_DET
2025,13,2025-11-28,CHI,PHI,-7.0,-7.0,15,24,2025_13_CHI_PHI
2025,13,2025-11-30,LA,CAR,10.0,10.0,31,28,2025_13_LA_CAR
2025,13,2025-11-30,SF,CLE,6.0,5.5,8,26,2025_13_SF_CLE
2025,13,2025-11-30,HOU,IND,-4.5,-3.0,16,20,2025_13_HOU_IND
2025,13,2025-11-30,LV,LAC,-9.5,-9.5,31,14,2025_13_LV_LAC
2025,13,2025-11-30,NO,MIA,-6.0,-5.5,21,17,2025_13_NO_MIA
2025,13,2025-11-30,ATL,NYJ,2.5,3.0,27,24,2025_13_ATL_NYJ
2025,13,2025-11-30,BUF,PIT,3.5,3.0,7,26,2025_13_BUF_PIT
2025,13,2025-11-30,MIN,SEA,-10.5,-12.0,26,0,2025_13_MIN_SEA
2025,13,2025-11-30,ARI,TB,-3.0,-4.0,20,17,2025_13_ARI_TB
2025,13,2025-11-30,JAX,TEN,6.5,6.0,3,25,2025_13_JAX_TEN
2025,13,2025-11-30,DEN,WAS,6.5,6.0,26,27,2025_13_DEN_WAS
2025,13,2025-12-01,NYG,NE,-7.5,-7.0,33,15,2025_13_NYG_NE
2025,14,2025-12-04,DAL,DET,-3.0,-3.5,44,30,2025_14_DAL_DET
2025,14,2025-12-07,LA,ARI,8.5,9.5,17,45,2025_14_LA_ARI
2025,14,2025-12-07,SEA,ATL,7.5,7.0,9,37,2025_14_SEA_ATL
2025,14,2025-12-07,PIT,BAL,-5.5,-5.5,22,27,2025_14_PIT_BAL
2025,14,2025-12-07,CIN,BUF,-5.5,-6.0,39,34,2025_14_CIN_BUF
2025,14,2025-12-07,TEN,CLE,-3.5,-4.5,29,31,2025_14_TEN_CLE
2025,14,2025-12-07,CHI,GB,-6.5,-6.5,28,21,2025_14_CHI_GB
2025,14,2025-12-07,IND,JAX,1.5,2.5,36,19,2025_14_IND_JAX
2025,14,2025-12-07,HOU,KC,-3.5,-4.5,10,20,2025_14_HOU_KC
2025,14,2025-12-07,DEN,LV,7.5,8.5,17,24,2025_14_DEN_LV
2025,14,2025-12-07,WAS,MIN,1.5,1.0,31,0,2025_14_WAS_MIN
2025,14,2025-12-07,MIA,NYJ,2.5,2.5,10,34,2025_14_MIA_NYJ
2025,14,2025-12-07,NO,TB,-8.5,-7.5,20,24,2025_14_NO_TB
2025,14,2025-12-08,PHI,LAC,3.0,1.5,22,19,2025_14_PHI_LAC
2025,15,2025-12-11,ATL,TB,-4.5,-6.0,28,29,2025_15_ATL_TB
2025,15,2025-12-14,CLE,CHI,-7.5,-7.5,31,3,2025_15_CLE_CHI
2025,15,2025-12-14,BAL,CIN,2.5,2.5,0,24,2025_15_BAL_CIN
2025,15,2025-12-14,MIN,DAL,-6.0,-5.0,26,34,2025_15_MIN_DAL
2025,15,2025-12-14,GB,DEN,2.5,1.5,34,26,2025_15_GB_DEN
2025,15,2025-12-14,ARI,HOU,-9.5,-10.5,40,20,2025_15_ARI_HOU
2025,15,2025-12-14,NYJ,JAX,-12.5,-13.5,48,20,2025_15_NYJ_JAX
2025,15,2025-12-14,LAC,KC,-4.5,-5.5,13,16,2025_15_LAC_KC
2025,15,2025-12-14,DET,LA,-5.5,-5.5,41,34,2025_15_DET_LA
2025,15,2025-12-14,BUF,NE,1.5,2.5,31,35,2025_15_BUF_NE
2025,15,2025-12-14,CAR,NO,2.5,2.5,20,17,2025_15_CAR_NO
2025,15,2025-12-14,WAS,NYG,-2.5,-2.5,21,29,2025_15_WAS_NYG
2025,15,2025-12-14,LV,PHI,-12.5,-12.5,31,0,2025_15_LV_PHI
2025,15,2025-12-14,IND,SEA,-13.5,-13.5,18,16,2025_15_IND_SEA
2025,15,2025-12-14,TEN,SF,-12.5,-12.5,37,24,2025_15_TEN_SF
2025,15,2025-12-15,MIA,PIT,-3.0,-3.5,28,15,2025_15_MIA_PIT
2025,16,2025-12-18,LA,SEA,-1.5,-1.5,38,37,2025_16_LA_SEA
2025,16,2025-12-20,GB,CHI,1.5,-1.5,22,16,2025_16_GB_CHI
2025,16,2025-12-20,PHI,WAS,6.5,7.0,18,29,2025_16_PHI_WAS
2025,16,2025-12-21,ATL,ARI,2.5,2.5,19,26,2025_16_ATL_ARI
2025,16,2025-12-21,NE,BAL,-3.0,-3.5,24,28,2025_16_NE_BAL
2025,16,2025-12-21,TB,CAR,3.0,3.0,23,20,2025_16_TB_CAR
2025,16,2025-12-21,BUF,CLE,10.0,10.5,20,23,2025_16_BUF_CLE
2025,16,2025-12-21,LAC,DAL,-1.5,-1.5,17,34,2025_16_LAC_DAL
2025,16,2025-12-21,JAX,DEN,-3.0,-3.5,20,34,2025_16_JAX_DEN
2025,16,2025-12-21,PIT,DET,-7.0,-7.5,24,29,2025_16_PIT_DET
2025,16,2025-12-21,LV,HOU,-14.5,-14.0,23,21,2025_16_LV_HOU
2025,16,2025-12-21,CIN,MIA,1.5,3.5,21,45,2025_16_CIN_MIA
2025,16,2025-12-21,NYJ,NO,-4.5,-6.5,29,6,2025_16_NYJ_NO
2025,16,2025-12-21,MIN,NYG,3.0,2.5,13,16,2025_16_MIN_NYG
2025,16,2025-12-21,KC,TEN,3.5,3.0,26,9,2025_16_KC_TEN
2025,16,2025-12-22,SF,IND,5.5,4.5,27,48,2025_16_SF_IND
2025,17,2025-12-25,DEN,KC,12.5,13.5,13,20,2025_17_DEN_KC
2025,17,2025-12-25,DET,MIN,6.0,7.0,23,10,2025_17_DET_MIN
2025,17,2025-12-25,DAL,WAS,6.5,8.5,23,30,2025_17_DAL_WAS
2025,17,2025-12-27,BAL,GB,-2.5,-2.5,24,41,2025_17_BAL_GB
2025,17,2025-12-27,HOU,LAC,-2.0,-1.5,16,20,2025_17_HOU_LAC
2025,17,2025-12-28,PHI,BUF,-2.5,-3.0,12,13,2025_17_PHI_BUF
2025,17,2025-12-28,SEA,CAR,7.5,6.5,10,27,2025_17_SEA_CAR
2025,17,2025-12-28,ARI,CIN,-7.0,-7.0,37,14,2025_17_ARI_CIN
2025,17,2025-12-28,PIT,CLE,3.5,3.5,13,6,2025_17_PIT_CLE
2025,17,2025-12-28,JAX,IND,6.5,4.0,17,23,2025_17_JAX_IND
2025,17,2025-12-28,NYG,LV,-1.5,3.0,10,34,2025_17_NYG_LV
2025,17,2025-12-28,TB,MIA,5.5,5.5,20,17,2025_17_TB_MIA
2025,17,2025-12-28,NE,NYJ,13.5,13.0,10,42,2025_17_NE_NYJ
2025,17,2025-12-28,CHI,SF,-3.0,-3.5,42,38,2025_17_CHI_SF
2025,17,2025-12-28,NO,TEN,2.5,1.5,26,34,2025_17_NO_TEN
2025,17,2025-12-29,LA,ATL,8.0,7.5,27,24,2025_17_LA_ATL
2025,18,2026-01-03,SEA,SF,1.5,2.5,3,13,2025_18_SEA_SF
2025,18,2026-01-03,CAR,TB,-2.5,-3.0,16,14,2025_18_CAR_TB
2025,18,2026-01-04,NO,ATL,-3.0,-3.5,19,17,2025_18_NO_ATL
2025,18,2026-01-04,NYJ,BUF,-7.0,-12.5,35,8,2025_18_NYJ_BUF
2025,18,2026-01-04,DET,CHI,-2.5,-3.5,16,19,2025_18_DET_CHI
2025,18,2026-01-04,CLE,CIN,-7.5,-9.5,18,20,2025_18_CLE_CIN
2025,18,2026-01-04,LAC,DEN,-12.5,-14.5,19,3,2025_18_LAC_DEN
2025,18,2026-01-04,IND,HOU,-10.0,-9.5,38,30,2025_18_IND_HOU
2025,18,2026-01-04,TEN,JAX,-12.5,-12.5,41,7,2025_18_TEN_JAX
2025,18,2026-01-04,ARI,LA,-7.5,-14.5,37,20,2025_18_ARI_LA
2025,18,2026-01-04,KC,LV,5.5,3.5,14,12,2025_18_KC_LV
2025,18,2026-01-04,GB,MIN,-6.5,-12.5,16,3,2025_18_GB_MIN
2025,18,2026-01-04,MIA,NE,-11.5,-14.0,38,10,2025_18_MIA_NE
2025,18,2026-01-04,DAL,NYG,4.5,3.0,34,17,2025_18_DAL_NYG
2025,18,2026-01-04,WAS,PHI,-7.5,-3.0,17,24,2025_18_WAS_PHI
2025,18,2026-01-04,BAL,PIT,3.5,4.5,26,24,2025_18_BAL_PIT
2026,1,2026-09-09,NE,SEA,-3.5,-3.5,13,10,2026_01_NE_SEA
2026,1,2026-09-10,SF,LA,-3.5,-3.5,7,27,2026_01_SF_LA
2026,1,2026-09-13,CHI,CAR,2.5,3.0,37,59,2026_01_CHI_CAR
2026,1,2026-09-13,TB,CIN,-3.5,-3.5,33,27,2026_01_TB_CIN
2026,1,2026-09-13,NO,DET,-7.0,-7.0,31,30,2026_01_NO_DET
2026,1,2026-09-13,BUF,HOU,1.5,1.5,31,36,2026_01_BUF_HOU
2026,1,2026-09-13,BAL,IND,3.5,3.0,23,41,2026_01_BAL_IND
2026,1,2026-09-13,CLE,JAX,-8.5,-8.5,34,10,2026_01_CLE_JAX
2026,1,2026-09-13,ARI,LAC,-10.0,-9.5,14,26,2026_01_ARI_LAC
2026,1,2026-09-13,MIA,LV,-3.5,-3.0,27,13,2026_01_MIA_LV
2026,1,2026-09-13,GB,MIN,-1.5,-2.0,39,22,2026_01_GB_MIN
2026,1,2026-09-13,DAL,NYG,3.0,3.0,28,20,2026_01_DAL_NYG
2026,1,2026-09-13,WAS,PHI,-5.5,-6.0,24,22,2026_01_WAS_PHI
2026,1,2026-09-13,ATL,PIT,-3.5,-6.5,20,13,2026_01_ATL_PIT
2026,1,2026-09-13,NYJ,TEN,-1.5,-1.5,10,23,2026_01_NYJ_TEN
2026,1,2026-09-14,DEN,KC,-3.0,-2.5,31,10,2026_01_DEN_KC
2026,2,2026-09-17,DET,BUF,-4.5,-5.5,41,31,2026_02_DET_BUF
2026,2,2026-09-20,SEA,ARI,4.5,4.0,7,31,2026_02_SEA_ARI
2026,2,2026-09-20,CAR,ATL,1.5,2.5,3,34,2026_02_CAR_ATL
2026,2,2026-09-20,NO,BAL,-8.5,-8.5,17,24,2026_02_NO_BAL
2026,2,2026-09-20,MIN,CHI,-5.5,-4.5,3,9,2026_02_MIN_CHI
2026,2,2026-09-20,WAS,DAL,-3.5,-4.5,37,20,2026_02_WAS_DAL
2026,2,2026-09-20,JAX,DEN,-2.5,-2.5,20,13,2026_02_JAX_DEN
2026,2,2026-09-20,CIN,HOU,-3.0,-3.0,6,20,2026_02_CIN_HOU
2026,2,2026-09-20,IND,KC,-6.5,-5.5,33,30,2026_02_IND_KC
2026,2,2026-09-20,LV,LAC,-7.0,-6.5,14,26,2026_02_LV_LAC
2026,2,2026-09-20,PIT,NE,-5.5,-4.5,20,3,2026_02_PIT_NE
2026,2,2026-09-20,GB,NYJ,4.5,3.5,17,20,2026_02_GB_NYJ
2026,2,2026-09-20,MIA,SF,-13.5,-13.0,35,13,2026_02_MIA_SF
2026,2,2026-09-20,CLE,TB,-8.5,-8.5,19,23,2026_02_CLE_TB
2026,2,2026-09-20,PHI,TEN,7.0,7.0,20,24,2026_02_PHI_TEN
2026,2,2026-09-21,NYG,LA,-7.0,-6.5,28,6,2026_02_NYG_LA
2026,3,2026-09-24,ATL,GB,-6.0,-4.5,14,35,2026_03_ATL_GB
2026,3,2026-09-27,LAC,BUF,-7.0,-7.0,24,16,2026_03_LAC_BUF
2026,3,2026-09-27,CAR,CLE,2.5,2.5,21,18,2026_03_CAR_CLE
2026,3,2026-09-27,BAL,DAL,3.0,3.5,31,34,2026_03_BAL_DAL
2026,3,2026-09-27,NYJ,DET,-6.5,-7.0,31,24,2026_03_NYJ_DET
2026,3,2026-09-27,HOU,IND,2.5,1.5,19,17,2026_03_HOU_IND
2026,3,2026-09-27,NE,JAX,-3.0,-3.0,35,6,2026_03_NE_JAX
2026,3,2026-09-27,KC,MIA,11.5,9.5,10,24,2026_03_KC_MIA
2026,3,2026-09-27,LV,NO,-3.0,-3.5,27,35,2026_03_LV_NO
2026,3,2026-09-27,TEN,NYG,-3.5,-2.5,12,7,2026_03_TEN_NYG
2026,3,2026-09-27,CIN,PIT,3.5,3.5,30,27,2026_03_CIN_PIT
2026,3,2026-09-27,ARI,SF,-8.5,-7.5,36,30,2026_03_ARI_SF
2026,3,2026-09-27,MIN,TB,1.5,1.5,16,23,2026_03_MIN_TB
2026,3,2026-09-27,SEA,WAS,7.0,8.5,33,31,2026_03_SEA_WAS
2026,3,2026-09-28,PHI,CHI,3.0,3.5,27,7,2026_03_PHI_CHI
2026,4,2026-10-01,PIT,CLE,2.5,2.5,27,24,2026_04_PIT_CLE
2026,4,2026-10-04,TEN,BAL,-11.5,-11.5,24,18,2026_04_TEN_BAL
2026,4,2026-10-04,NE,BUF,-6.5,-7.0,26,29,2026_04_NE_BUF
2026,4,2026-10-04,NYJ,CHI,-3.5,-3.5,23,12,2026_04_NYJ_CHI
2026,4,2026-10-04,JAX,CIN,-2.5,-2.5,17,22,2026_04_JAX_CIN
2026,4,2026-10-04,DAL,HOU,-2.5,-3.0,30,34,2026_04_DAL_HOU
2026,4,2026-10-04,ARI,NYG,1.5,2.5,36,24,2026_04_ARI_NYG
2026,4,2026-10-04,LA,PHI,2.5,3.5,20,24,2026_04_LA_PHI
2026,4,2026-10-04,GB,TB,3.5,2.5,14,17,2026_04_GB_TB
2026,4,2026-10-04,IND,WAS,3.5,5.0,13,30,2026_04_IND_WAS
